0.000000000 0.997023473 -0.013508204 0.073797753 -0.017765535
0.020139927 0.997024839 -0.013505901 0.073785262 -0.017742521
0.040315765 0.997025510 -0.013481389 0.073779857 -0.017745924
0.060463713 0.997024961 -0.013490801 0.073784928 -0.017748543
0.080670579 0.997023879 -0.013501056 0.073792152 -0.017771452
0.100843632 0.997024066 -0.013500060 0.073790443 -0.017768821
0.120984267 0.997023755 -0.013502505 0.073797348 -0.017755739
0.141315977 0.997024015 -0.013516318 0.073792441 -0.017751032
0.161391718 0.997024458 -0.013508368 0.073787693 -0.017751943
0.181558694 0.997024524 -0.013511776 0.073785848 -0.017753279
0.201757232 0.997025923 -0.013514497 0.073764710 -0.017760486
0.221947736 0.997025780 -0.013505299 0.073767378 -0.017764415
0.242138679 0.997025920 -0.013509539 0.073761617 -0.017777269
0.262275878 0.997026080 -0.013514573 0.073762399 -0.017761206
0.282513743 0.997025064 -0.013519289 0.073776567 -0.017755796
0.302571311 0.997024153 -0.013522310 0.073785753 -0.017766484
0.322690923 0.997022730 -0.013520119 0.073801009 -0.017784620
0.342861943 0.997022904 -0.013545029 0.073794004 -0.017784972
0.363175311 0.997022907 -0.013554145 0.073794141 -0.017777291
0.383380581 0.997022339 -0.013561163 0.073794215 -0.017803498
0.403400436 0.997021873 -0.013555179 0.073801298 -0.017804777
0.423616458 0.997021819 -0.013538071 0.073805583 -0.017803071
0.443749719 0.997021625 -0.013536490 0.073809745 -0.017797861
0.463925670 0.997019978 -0.013564127 0.073828370 -0.017791830
0.484134049 0.997020716 -0.013548153 0.073817953 -0.017805862
0.504341069 0.997020630 -0.013541504 0.073823223 -0.017793904
0.524500381 0.997021440 -0.013561942 0.073807977 -0.017796216
0.545033984 0.997022152 -0.013539635 0.073798309 -0.017813358
0.564999590 0.997022613 -0.013556729 0.073789148 -0.017812513
0.584988344 0.997022197 -0.013553967 0.073794075 -0.017817476
0.605175678 0.997023262 -0.013532866 0.073786179 -0.017806622
0.625384398 0.997022992 -0.013528093 0.073789355 -0.017812193
0.645583720 0.997022861 -0.013528031 0.073793931 -0.017800647
0.665809751 0.997023895 -0.013510502 0.073789087 -0.017776088
0.685888815 0.997023768 -0.013522085 0.073788593 -0.017776479
0.706076541 0.997023631 -0.013520440 0.073788816 -0.017784489
0.726244897 0.997023321 -0.013531205 0.073789341 -0.017791487
0.746562995 0.997025256 -0.013521465 0.073768253 -0.017777922
0.766752416 0.997025315 -0.013524183 0.073767813 -0.017774364
0.786874053 0.997024663 -0.013528085 0.073774953 -0.017778330
0.806998747 0.997025421 -0.013515010 0.073763612 -0.017792832
0.827129436 0.997025877 -0.013496163 0.073759478 -0.017798705
0.847338984 0.997025357 -0.013484534 0.073769374 -0.017795652
0.867486409 0.997025516 -0.013452335 0.073775445 -0.017785900
0.887662110 0.997026431 -0.013436148 0.073765509 -0.017788066
0.907867012 0.997026918 -0.013444509 0.073756616 -0.017791336
0.928019830 0.997027679 -0.013454053 0.073750085 -0.017768515
0.948238954 0.997026901 -0.013450019 0.073759737 -0.017775154
0.968431899 0.997027509 -0.013433213 0.073752223 -0.017784960
0.988661242 0.997028016 -0.013422869 0.073746107 -0.017789680
1.008797960 0.997027056 -0.013411548 0.073759693 -0.017795741
1.028996308 0.997027019 -0.013409100 0.073762068 -0.017789801
1.049313751 0.997028030 -0.013423427 0.073744496 -0.017795154
1.069302278 0.997027540 -0.013406275 0.073755694 -0.017789152
1.089532311 0.997026720 -0.013406680 0.073769261 -0.017778550
1.109657204 0.997026626 -0.013424551 0.073764735 -0.017789101
1.129852367 0.997026778 -0.013423239 0.073757387 -0.017812061
1.150029496 0.997026455 -0.013414115 0.073765189 -0.017804655
1.170184476 0.997027446 -0.013404618 0.073758264 -0.017785037
1.190351893 0.997026942 -0.013424609 0.073761686 -0.017783984
1.210562336 0.997027261 -0.013397977 0.073757974 -0.017801588
1.230695105 0.997027142 -0.013402366 0.073760741 -0.017793456
1.251232567 0.997027720 -0.013394811 0.073754840 -0.017791218
1.271058148 0.997027695 -0.013401892 0.073752677 -0.017796295
1.291222060 0.997027585 -0.013403689 0.073753358 -0.017798285
1.311548193 0.997027944 -0.013406638 0.073753181 -0.017776650
1.331675353 0.997027181 -0.013418464 0.073760543 -0.017779969
1.351987945 0.997027625 -0.013410505 0.073755447 -0.017782243
1.371898375 0.997027421 -0.013402594 0.073763750 -0.017765151
1.392104633 0.997028635 -0.013406509 0.073755418 -0.017728647
1.412352889 0.997029034 -0.013411249 0.073750597 -0.017722699
1.432622626 0.997027998 -0.013418584 0.073762935 -0.017724061
1.452695960 0.997028569 -0.013401658 0.073758142 -0.017724697
1.472808442 0.997028956 -0.013405311 0.073748234 -0.017741360
1.492957630 0.997028856 -0.013402002 0.073750539 -0.017739912
1.513766008 0.997029119 -0.013397822 0.073752376 -0.017720653
1.533433985 0.997029285 -0.013391491 0.073750541 -0.017723721
1.553541878 0.997028608 -0.013388660 0.073757652 -0.017734347
1.573743190 0.997029216 -0.013399918 0.073747159 -0.017735300
1.593847868 0.997029670 -0.013388314 0.073739880 -0.017748801
1.614121392 0.997030162 -0.013371250 0.073737791 -0.017742730
1.634413885 0.997029233 -0.013365965 0.073754982 -0.017727454
1.654454274 0.997028694 -0.013385993 0.073757917 -0.017730453
1.674620506 0.997028055 -0.013368485 0.073770080 -0.017728995
1.694787588 0.997029387 -0.013361387 0.073752662 -0.017731870
1.715297832 0.997028406 -0.013363931 0.073767233 -0.017724501
1.735462550 0.997028302 -0.013345678 0.073773796 -0.017716789
1.755312312 0.997028902 -0.013344300 0.073767034 -0.017712219
1.775531868 0.997027913 -0.013345037 0.073777570 -0.017723439
1.795832487 0.997028506 -0.013329100 0.073773246 -0.017720107
1.816227718 0.997028817 -0.013320390 0.073772719 -0.017711310
1.835970484 0.997028611 -0.013344442 0.073769521 -0.017718120
1.856243542 0.997029084 -0.013358590 0.073766591 -0.017693025
1.876362485 0.997029817 -0.013354653 0.073752356 -0.017714033
1.896818087 0.997029548 -0.013362383 0.073753146 -0.017720054
1.916861533 0.997029206 -0.013338554 0.073759973 -0.017728860
1.936863706 0.997029217 -0.013336902 0.073759905 -0.017729752
1.957191477 0.997029669 -0.013338326 0.073757582 -0.017712907
1.977289331 0.997028287 -0.013350427 0.073769349 -0.017732597
1.997661910 0.997029330 -0.013361013 0.073755526 -0.017723443
2.017680779 0.997029792 -0.013350606 0.073752774 -0.017716734
2.037780455 0.997029882 -0.013352887 0.073745048 -0.017742096
2.057953293 0.997029557 -0.013375408 0.073749068 -0.017726698
2.078167953 0.997029294 -0.013357607 0.073756967 -0.017722064
2.098502792 0.997028562 -0.013349656 0.073765017 -0.017735724
2.118544754 0.997028872 -0.013345114 0.073761654 -0.017735692
2.138712906 0.997028530 -0.013358929 0.073758440 -0.017757870
2.158833000 0.997028561 -0.013357262 0.073758931 -0.017755347
2.179075963 0.997030017 -0.013347647 0.073744934 -0.017738936
2.199538521 0.997030461 -0.013325124 0.073737387 -0.017762261
2.219401433 0.997029845 -0.013329104 0.073746809 -0.017754765
2.239577668 0.997028138 -0.013325020 0.073766862 -0.017770369
2.259761193 0.997028935 -0.013307486 0.073760519 -0.017765112
2.280059675 0.997028982 -0.013290860 0.073760177 -0.017776319
2.300091845 0.997029256 -0.013276149 0.073761287 -0.017767343
2.320300903 0.997028640 -0.013274712 0.073771369 -0.017761126
2.340457637 0.997029838 -0.013258055 0.073755067 -0.017774018
2.360735501 0.997030067 -0.013241975 0.073754854 -0.017774038
2.380855159 0.997029464 -0.013230573 0.073762985 -0.017782623
2.400976390 0.997028497 -0.013226108 0.073770978 -0.017806998
2.421118557 0.997028753 -0.013220631 0.073766008 -0.017817295
2.441327895 0.997029153 -0.013214586 0.073763961 -0.017807904
2.461542507 0.997029176 -0.013208006 0.073766299 -0.017801787
2.481777818 0.997029939 -0.013191049 0.073765213 -0.017776108
2.501861233 0.997030228 -0.013190068 0.073760760 -0.017779114
2.522043962 0.997029832 -0.013200514 0.073766795 -0.017768538
2.542244796 0.997029544 -0.013202610 0.073769660 -0.017771259
2.562572097 0.997029957 -0.013188829 0.073764758 -0.017778660
2.582584599 0.997030800 -0.013185252 0.073757003 -0.017766193
2.602989958 0.997030841 -0.013196463 0.073751042 -0.017780296
2.623097820 0.997029830 -0.013182218 0.073765149 -0.017789045
2.643271523 0.997029601 -0.013209063 0.073766170 -0.017777741
2.663383761 0.997030079 -0.013206575 0.073761344 -0.017772775
2.683736265 0.997031272 -0.013201363 0.073743598 -0.017783391
2.703668083 0.997030850 -0.013198731 0.073752419 -0.017772410
2.723860205 0.997031693 -0.013179762 0.073745916 -0.017766194
2.743998784 0.997032133 -0.013161588 0.073736152 -0.017795485
2.764234026 0.997031718 -0.013134170 0.073745947 -0.017798348
2.784426917 0.997030736 -0.013151705 0.073752876 -0.017811716
2.804520663 0.997030367 -0.013158679 0.073758955 -0.017802067
2.824840045 0.997030715 -0.013158637 0.073749714 -0.017820883
2.845137289 0.997030426 -0.013165141 0.073753132 -0.017818097
2.865147253 0.997029240 -0.013173576 0.073763072 -0.017837044
2.885272606 0.997028660 -0.013168480 0.073770448 -0.017842740
2.905437259 0.997028890 -0.013157125 0.073764241 -0.017863902
2.925633124 0.997027721 -0.013150806 0.073778865 -0.017873413
2.945782049 0.997028389 -0.013145590 0.073769207 -0.017879840
2.966080401 0.997029334 -0.013140435 0.073760721 -0.017865967
2.986115843 0.997028350 -0.013137465 0.073770940 -0.017880838
3.006415640 0.997029773 -0.013132635 0.073755750 -0.017867721
3.026492718 0.997032037 -0.013120879 0.073729392 -0.017858789
3.046840713 0.997033471 -0.013102132 0.073717619 -0.017841095
3.066951594 0.997033542 -0.013098140 0.073719782 -0.017831102
3.087024058 0.997033422 -0.013089481 0.073721970 -0.017835114
3.107182918 0.997033109 -0.013088611 0.073725851 -0.017837244
3.127375272 0.997032696 -0.013103551 0.073730702 -0.017829312
3.147548013 0.997031892 -0.013099851 0.073739337 -0.017841253
3.167963658 0.997032088 -0.013102893 0.073734162 -0.017849465
3.187865885 0.997031742 -0.013080849 0.073738664 -0.017866365
3.208058136 0.997031186 -0.013091939 0.073744404 -0.017865550
3.228445964 0.997030186 -0.013120813 0.073753889 -0.017861036
3.248467318 0.997029453 -0.013146109 0.073759733 -0.017859202
3.268753282 0.997030162 -0.013151091 0.073747310 -0.017867257
3.288826376 0.997030077 -0.013165486 0.073745280 -0.017869770
3.308933143 0.997029690 -0.013158720 0.073749555 -0.017878720
3.329140196 0.997029810 -0.013167026 0.073748273 -0.017871195
3.349585491 0.997029467 -0.013168557 0.073751560 -0.017875616
3.369542780 0.997029970 -0.013153567 0.073752150 -0.017856168
3.389680422 0.997029487 -0.013146696 0.073760750 -0.017852692
3.409907998 0.997029105 -0.013148122 0.073760696 -0.017873175
3.430149338 0.997029588 -0.013146216 0.073753107 -0.017878926
3.450768627 0.997028808 -0.013155925 0.073755531 -0.017905302
3.470423557 0.997029291 -0.013173687 0.073746864 -0.017901012
3.490675507 0.997029472 -0.013171230 0.073744544 -0.017902292
3.510807289 0.997030167 -0.013174818 0.073733819 -0.017905163
3.531008335 0.997029723 -0.013187932 0.073737714 -0.017904167
3.551165442 0.997030397 -0.013197116 0.073727800 -0.017900724
3.571278105 0.997030583 -0.013210160 0.073719727 -0.017913951
3.591466791 0.997031024 -0.013210592 0.073715029 -0.017908408
3.611727428 0.997031380 -0.013203663 0.073715743 -0.017890748
3.631878797 0.997030293 -0.013199281 0.073724331 -0.017919168
3.652027474 0.997030147 -0.013201469 0.073721687 -0.017936552
3.672188052 0.997030916 -0.013196740 0.073714079 -0.017928532
3.692358733 0.997031283 -0.013202033 0.073710165 -0.017920346
3.712616647 0.997031520 -0.013197904 0.073704081 -0.017935213
3.732708605 0.997032851 -0.013168060 0.073692177 -0.017932056
3.752846298 0.997033229 -0.013160697 0.073691883 -0.017917677
3.773028553 0.997032746 -0.013165623 0.073696566 -0.017921636
3.793308671 0.997032715 -0.013142500 0.073701374 -0.017920613
3.813461110 0.997033487 -0.013161687 0.073690069 -0.017910020
3.833670463 0.997034553 -0.013119581 0.073679507 -0.017925015
3.853866396 0.997034595 -0.013107534 0.073677825 -0.017938398
3.873946375 0.997034911 -0.013100940 0.073671801 -0.017950407
3.894149734 0.997034778 -0.013112936 0.073669995 -0.017956467
3.914324047 0.997034386 -0.013107894 0.073676609 -0.017954791
3.934489228 0.997034258 -0.013118683 0.073671689 -0.017974171
3.954705086 0.997035193 -0.013103453 0.073664808 -0.017961628
3.974820760 0.997035773 -0.013114049 0.073651803 -0.017975030
3.995210278 0.997035153 -0.013115954 0.073656005 -0.017990800
4.015356937 0.997034700 -0.013112794 0.073662535 -0.017991473
4.035563872 0.997034489 -0.013109602 0.073663522 -0.018001432
4.055482429 0.997034564 -0.013106102 0.073661490 -0.018008131
4.075775044 0.997034967 -0.013099697 0.073656764 -0.018009825
4.096037445 0.997035796 -0.013078229 0.073648911 -0.018011642
4.116058096 0.997036160 -0.013099762 0.073641141 -0.018007615
4.136335180 0.997037678 -0.013098727 0.073626562 -0.017983945
4.156442686 0.997037294 -0.013101090 0.073629741 -0.017990485
4.176723573 0.997037678 -0.013075230 0.073634376 -0.017968996
4.196796136 0.997035896 -0.013065589 0.073659220 -0.017973106
4.217055165 0.997035835 -0.013080961 0.073655148 -0.017981965
4.237277650 0.997036456 -0.013093200 0.073643927 -0.017984608
4.257318448 0.997036314 -0.013090853 0.073646385 -0.017984122
4.277422496 0.997035660 -0.013118044 0.073649579 -0.017987464
4.297708299 0.997034872 -0.013139380 0.073656344 -0.017987863
4.317822292 0.997034622 -0.013130553 0.073660526 -0.017991051
4.338108281 0.997034867 -0.013129700 0.073655342 -0.017999309
4.358331747 0.997035202 -0.013132480 0.073653821 -0.017984942
4.378434766 0.997033359 -0.013119928 0.073676562 -0.018003139
4.398703673 0.997033691 -0.013119299 0.073674632 -0.017993107
4.418724784 0.997032876 -0.013122392 0.073679857 -0.018014593
4.439013624 0.997032881 -0.013093683 0.073679927 -0.018034937
4.459139433 0.997032938 -0.013104117 0.073673527 -0.018050323
4.479434637 0.997032399 -0.013103351 0.073682120 -0.018045559
4.499598383 0.997032227 -0.013089448 0.073688035 -0.018041004
4.519725899 0.997030773 -0.013105463 0.073706462 -0.018034460
4.539833665 0.997031393 -0.013107797 0.073695801 -0.018042039
4.560176586 0.997031376 -0.013114712 0.073691763 -0.018054453
4.580383371 0.997032182 -0.013093504 0.073683252 -0.018060094
4.600374905 0.997031824 -0.013068274 0.073692387 -0.018060857
4.620812929 0.997031796 -0.013076712 0.073691747 -0.018058895
4.640666393 0.997032891 -0.013061689 0.073678139 -0.018064830
4.660874778 0.997033145 -0.013063780 0.073675764 -0.018059003
4.681084246 0.997032593 -0.013070427 0.073684025 -0.018050974
4.701272483 0.997032804 -0.013069218 0.073679504 -0.018058615
4.721463558 0.997033165 -0.013073903 0.073670012 -0.018074026
4.741669692 0.997033424 -0.013065901 0.073673526 -0.018051194
4.762039046 0.997032563 -0.013065529 0.073683005 -0.018060309
4.781938348 0.997032332 -0.013060397 0.073682690 -0.018078042
4.802158480 0.997030412 -0.013068397 0.073702583 -0.018097063
4.822366490 0.997029302 -0.013077032 0.073710586 -0.018119357
4.842568981 0.997029321 -0.013066350 0.073712895 -0.018116650
4.862814154 0.997028380 -0.013089868 0.073715762 -0.018139792
4.882945612 0.997028465 -0.013094906 0.073709891 -0.018155340
4.902966940 0.997027456 -0.013091099 0.073725398 -0.018150528
4.923186956 0.997026985 -0.013100389 0.073733064 -0.018138549
4.943320216 0.997027072 -0.013099205 0.073726452 -0.018161459
4.963695942 0.997025888 -0.013094724 0.073745450 -0.018152587
4.983891274 0.997027085 -0.013072394 0.073736586 -0.018138926
5.003919581 0.997027967 -0.013065949 0.073728253 -0.018128958
5.024048970 0.997028713 -0.013060532 0.073722622 -0.018114738
5.044219134 0.997029237 -0.013063580 0.073715982 -0.018110674
5.064466666 0.997029175 -0.013090083 0.073712716 -0.018108245
5.084590530 0.997028634 -0.013085633 0.073716886 -0.018124300
5.104778940 0.997027893 -0.013080503 0.073721703 -0.018149153
5.124882316 0.997028502 -0.013063001 0.073719748 -0.018136210
5.145120396 0.997029124 -0.013048465 0.073712083 -0.018143651
5.165356856 0.997028863 -0.013040520 0.073711150 -0.018167507
5.185571422 0.997029390 -0.013034049 0.073705816 -0.018164875
5.205698077 0.997030337 -0.013015713 0.073693237 -0.018177049
5.225944253 0.997029845 -0.013014406 0.073700987 -0.018173576
5.246118075 0.997030050 -0.013013628 0.073694113 -0.018190739
5.266507279 0.997030803 -0.012991285 0.073686552 -0.018196072
5.286406412 0.997031131 -0.012982177 0.073684981 -0.018190921
5.306568272 0.997031205 -0.012987462 0.073685457 -0.018181200
5.326729205 0.997032503 -0.012983751 0.073670343 -0.018173923
5.346895265 0.997033336 -0.012994327 0.073660147 -0.018161945
5.367319523 0.997033438 -0.012991189 0.073656793 -0.018172187
5.387274572 0.997033814 -0.012973842 0.073653353 -0.018177894
5.407599777 0.997034670 -0.012947958 0.073645371 -0.018181739
5.427585936 0.997035032 -0.012942263 0.073643081 -0.018175227
5.447816262 0.997034189 -0.012946816 0.073647844 -0.018198928
5.467915558 0.997033542 -0.012954087 0.073657196 -0.018191351
5.488158139 0.997033400 -0.012937739 0.073663394 -0.018185695
5.508331253 0.997032420 -0.012933269 0.073677084 -0.018187121
5.528515671 0.997031556 -0.012952842 0.073685703 -0.018185657
5.548999729 0.997031094 -0.012969676 0.073691370 -0.018176024
5.569203277 0.997029578 -0.012993169 0.073709574 -0.018168580
5.588979629 0.997029308 -0.012998968 0.073711185 -0.018172722
5.609290201 0.997030266 -0.012989316 0.073695733 -0.018189719
5.629305295 0.997030694 -0.012972851 0.073695273 -0.018179855
5.649514479 0.997030213 -0.012978143 0.073703712 -0.018168214
5.669764147 0.997029173 -0.012986715 0.073715556 -0.018171149
5.689875305 0.997028531 -0.012998959 0.073722142 -0.018170900
5.710091936 0.997027496 -0.013027376 0.073730673 -0.018172703
5.730250730 0.997029390 -0.013002803 0.073715696 -0.018147153
5.750637328 0.997030577 -0.013005061 0.073697600 -0.018153796
5.770713445 0.997031276 -0.012983605 0.073693783 -0.018146240
5.791134303 0.997031184 -0.012987432 0.073691835 -0.018156512
5.811098654 0.997031342 -0.012976028 0.073688810 -0.018168222
5.831251846 0.997031357 -0.012980752 0.073686274 -0.018174344
5.851417035 0.997032156 -0.012981881 0.073675573 -0.018173080
5.871518955 0.997031934 -0.012968383 0.073677764 -0.018186000
5.891661691 0.997031968 -0.012949570 0.073681768 -0.018181342
5.911872392 0.997031657 -0.012938641 0.073687321 -0.018183637
5.932040257 0.997031391 -0.012935982 0.073685580 -0.018207160
5.952214013 0.997031810 -0.012918013 0.073683048 -0.018207208
5.972587483 0.997031374 -0.012912854 0.073691806 -0.018199308
5.992678314 0.997031187 -0.012915843 0.073693277 -0.018201486
6.012741705 0.997031295 -0.012913802 0.073690876 -0.018206715
6.033190506 0.997031057 -0.012921638 0.073690356 -0.018216323
6.053089219 0.997030345 -0.012940971 0.073694328 -0.018225468
6.073268974 0.997030527 -0.012955018 0.073688986 -0.018227163
6.093436864 0.997032156 -0.012931113 0.073674733 -0.018212628
6.113645522 0.997032104 -0.012926609 0.073677441 -0.018207731
6.134053801 0.997031774 -0.012925677 0.073681717 -0.018209128
6.154164267 0.997032010 -0.012913264 0.073681414 -0.018206242
6.174324478 0.997032896 -0.012906195 0.073668854 -0.018213550
6.194362577 0.997032405 -0.012904062 0.073676928 -0.018209329
6.214545492 0.997031985 -0.012909703 0.073681718 -0.018208940
6.234709346 0.997031365 -0.012927122 0.073687297 -0.018207922
6.254827436 0.997030641 -0.012950784 0.073690698 -0.018217025
6.275027331 0.997030152 -0.012960529 0.073698865 -0.018203798
6.295240776 0.997030883 -0.012951580 0.073692943 -0.018194074
6.315390536 0.997029878 -0.012968650 0.073699487 -0.018210488
6.335822871 0.997030182 -0.012969739 0.073692792 -0.018220157
6.355866301 0.997030530 -0.012951247 0.073690484 -0.018223586
6.375984936 0.997030718 -0.012938644 0.073693147 -0.018211516
6.396125297 0.997031380 -0.012932773 0.073687494 -0.018202299
6.416549370 0.997030670 -0.012939108 0.073688393 -0.018233049
6.436455039 0.997030839 -0.012913937 0.073692563 -0.018224805
6.456668242 0.997029133 -0.012945895 0.073710418 -0.018223255
6.476884119 0.997029594 -0.012954437 0.073706543 -0.018207624
6.496933770 0.997029609 -0.012966029 0.073709706 -0.018185683
6.517168397 0.997029501 -0.012971364 0.073714262 -0.018169358
6.537462524 0.997029956 -0.012961457 0.073711504 -0.018162619
6.557544923 0.997029922 -0.012949367 0.073712474 -0.018169221
6.577799525 0.997030853 -0.012955200 0.073700070 -0.018164245
6.597840932 0.997031378 -0.012950525 0.073690659 -0.018176954
6.618021565 0.997030653 -0.012952457 0.073698897 -0.018181965
6.638230489 0.997031198 -0.012944210 0.073690978 -0.018190049
6.658435951 0.997031981 -0.012936303 0.073684620 -0.018178472
6.678674015 0.997032118 -0.012952478 0.073677310 -0.018189080
6.698989116 0.997031319 -0.012951065 0.073686094 -0.018198321
6.718879245 0.997032421 -0.012943103 0.073675665 -0.018185800
6.739323865 0.997032409 -0.012951386 0.073680622 -0.018160493
6.759556395 0.997033015 -0.012925113 0.073679410 -0.018150844
6.779611270 0.997032510 -0.012942309 0.073675780 -0.018181049
6.799975995 0.997033317 -0.012946480 0.073673353 -0.018143583
6.819939796 0.997033820 -0.012947749 0.073666000 -0.018144933
6.840009331 0.997033421 -0.012929561 0.073674293 -0.018146148
6.860175982 0.997032788 -0.012927572 0.073679893 -0.018159592
6.880377710 0.997033222 -0.012921959 0.073680780 -0.018136128
6.900529490 0.997033063 -0.012942489 0.073679058 -0.018137225
6.920723032 0.997033155 -0.012942918 0.073679082 -0.018131790
6.940969257 0.997034074 -0.012924314 0.073675340 -0.018109694
6.961007705 0.997033166 -0.012939203 0.073689711 -0.018090564
6.981384513 0.997033083 -0.012945232 0.073691879 -0.018081999
7.001469963 0.997033188 -0.012944773 0.073688363 -0.018090862
7.021572362 0.997033992 -0.012922950 0.073682175 -0.018087357
7.041742150 0.997035525 -0.012910850 0.073670739 -0.018058052
7.062112502 0.997035561 -0.012933136 0.073666059 -0.018059243
7.082204824 0.997034725 -0.012927512 0.073673977 -0.018077126
7.102318207 0.997033714 -0.012937632 0.073687740 -0.018069532
7.122720760 0.997033586 -0.012947971 0.073689311 -0.018062778
7.142767046 0.997033778 -0.012949659 0.073685544 -0.018066332
7.162915614 0.997033094 -0.012938027 0.073697646 -0.018063069
7.183216657 0.997033153 -0.012949472 0.073690831 -0.018079385
7.203158858 0.997033342 -0.012946298 0.073689802 -0.018075437
7.223378804 0.997032165 -0.012947275 0.073700555 -0.018095794
7.243540730 0.997031637 -0.012954116 0.073702822 -0.018110762
7.263733632 0.997030876 -0.012955591 0.073715067 -0.018101788
7.283908094 0.997029333 -0.012974119 0.073733064 -0.018100167
7.304404947 0.997030712 -0.012960525 0.073718011 -0.018095281
7.324403655 0.997030809 -0.012956775 0.073719182 -0.018087843
7.344509865 0.997030170 -0.012962101 0.073727983 -0.018083362
7.364712710 0.997030658 -0.012954507 0.073723589 -0.018079816
7.384801148 0.997031677 -0.012945367 0.073713219 -0.018072485
7.405018022 0.997031530 -0.012929607 0.073717883 -0.018072840
7.425159908 0.997030711 -0.012926764 0.073726574 -0.018084616
7.445268046 0.997030654 -0.012935920 0.073727384 -0.018077854
7.465636037 0.997030630 -0.012952498 0.073723550 -0.018082969
7.485776206 0.997031453 -0.012929529 0.073713958 -0.018093115
7.505854201 0.997031570 -0.012942231 0.073713476 -0.018079561
7.526176576 0.997030122 -0.012928017 0.073732950 -0.018090152
7.546473959 0.997028679 -0.012919444 0.073753679 -0.018091315
7.566512351 0.997029521 -0.012908986 0.073741772 -0.018100925
7.586520468 0.997028989 -0.012924561 0.073747957 -0.018093928
7.606781479 0.997030128 -0.012940134 0.073731300 -0.018087911
7.626943124 0.997031096 -0.012935103 0.073721571 -0.018077778
7.647179473 0.997030598 -0.012925907 0.073724799 -0.018098686
7.667518611 0.997030054 -0.012934133 0.073735245 -0.018080212
7.687758192 0.997030303 -0.012934352 0.073726498 -0.018101963
7.707737567 0.997030995 -0.012933065 0.073718301 -0.018098131
7.727816845 0.997031289 -0.012963888 0.073708893 -0.018098236
7.747938938 0.997031156 -0.012938912 0.073710749 -0.018115824
7.768257620 0.997030108 -0.012954410 0.073724788 -0.018105321
7.788377681 0.997030481 -0.012944269 0.073720336 -0.018110174
7.808501108 0.997030864 -0.012954832 0.073718933 -0.018087224
7.828683553 0.997031089 -0.012966695 0.073713590 -0.018088109
7.848875336 0.997030208 -0.012983286 0.073719288 -0.018101540
7.869115374 0.997029804 -0.012986665 0.073718485 -0.018124630
7.889254224 0.997030103 -0.012988486 0.073713416 -0.018127456
7.909536754 0.997030206 -0.013003962 0.073712122 -0.018115971
7.929667856 0.997029754 -0.013003447 0.073721254 -0.018104033
7.949891130 0.997029633 -0.012992225 0.073723798 -0.018108424
7.970064732 0.997030650 -0.012982232 0.073714314 -0.018098208
7.990173410 0.997029542 -0.012972831 0.073731303 -0.018096778
8.010316092 0.997030049 -0.012973257 0.073720710 -0.018111683
8.030717667 0.997030447 -0.012982822 0.073712052 -0.018118138
8.050811823 0.997030143 -0.012990602 0.073715045 -0.018117152
8.070852929 0.997028825 -0.012994320 0.073730025 -0.018126032
8.091019666 0.997027770 -0.012994293 0.073744760 -0.018124153
8.111219291 0.997028973 -0.013000687 0.073727460 -0.018123754
8.131424441 0.997029409 -0.012985210 0.073719215 -0.018144418
8.151649424 0.997028331 -0.013009799 0.073733830 -0.018126621
8.171713538 0.997028003 -0.013002472 0.073741298 -0.018119566
8.191853257 0.997027035 -0.013020022 0.073750591 -0.018122381
8.212159993 0.997027585 -0.013007002 0.073750730 -0.018100879
8.232287254 0.997027719 -0.013017830 0.073746644 -0.018102388
8.252445458 0.997028890 -0.013019097 0.073729517 -0.018106762
8.272604406 0.997029609 -0.013016605 0.073721935 -0.018099823
8.292975131 0.997029182 -0.013022809 0.073722055 -0.018118353
8.313119240 0.997030597 -0.013029581 0.073705321 -0.018103703
8.333192757 0.997030591 -0.013017547 0.073705217 -0.018113109
8.353432146 0.997030589 -0.013017526 0.073704138 -0.018117628
8.373468414 0.997029790 -0.013014409 0.073714912 -0.018119988
8.393615211 0.997029298 -0.013013185 0.073718911 -0.018131674
8.413843375 0.997029919 -0.013004591 0.073715596 -0.018117179
8.434074309 0.997030030 -0.013017382 0.073710853 -0.018121191
8.454271121 0.997029756 -0.013029562 0.073712800 -0.018119575
8.474379239 0.997029004 -0.013040260 0.073726537 -0.018097354
8.494725909 0.997029406 -0.013038980 0.073718119 -0.018110445
8.514730378 0.997029027 -0.013072780 0.073715190 -0.018118837
8.534887750 0.997028814 -0.013069598 0.073714874 -0.018134129
8.555136251 0.997028158 -0.013069148 0.073723001 -0.018137494
8.575208810 0.997028624 -0.013074294 0.073710999 -0.018156923
8.595505565 0.997027419 -0.013091232 0.073724340 -0.018156722
8.615593769 0.997027815 -0.013092822 0.073719513 -0.018153431
8.635824946 0.997027303 -0.013075510 0.073730125 -0.018150954
8.655935149 0.997027140 -0.013060230 0.073734171 -0.018154487
8.676129061 0.997026617 -0.013074796 0.073740617 -0.018146494
8.696359449 0.997025682 -0.013093261 0.073748700 -0.018151728
8.716598357 0.997025274 -0.013111197 0.073749086 -0.018159639
8.736636422 0.997025735 -0.013104047 0.073745039 -0.018155921
8.756801813 0.997025873 -0.013111521 0.073740624 -0.018160881
8.776978810 0.997026687 -0.013108642 0.073732318 -0.018151964
8.797235329 0.997026519 -0.013122654 0.073732406 -0.018150704
8.817398498 0.997026910 -0.013132278 0.073725521 -0.018150230
8.837560969 0.997026482 -0.013127392 0.073729903 -0.018159490
8.857842037 0.997026309 -0.013138225 0.073728415 -0.018167216
8.877896631 0.997026536 -0.013146613 0.073726534 -0.018156276
8.898108593 0.997026415 -0.013130357 0.073731097 -0.018156184
8.918281540 0.997025977 -0.013122784 0.073742434 -0.018139639
8.938507895 0.997024678 -0.013113775 0.073756475 -0.018160496
8.958616839 0.997025921 -0.013099368 0.073744712 -0.018150403
8.978813116 0.997025496 -0.013081165 0.073753335 -0.018151831
8.998955034 0.997025609 -0.013087640 0.073749223 -0.018157675
9.019138951 0.997027641 -0.013111852 0.073721591 -0.018140850
9.039338164 0.997028022 -0.013113925 0.073715386 -0.018143618
9.059615162 0.997029114 -0.013110553 0.073699494 -0.018150581
9.079836212 0.997028627 -0.013118480 0.073705392 -0.018147651
9.099964195 0.997027787 -0.013139824 0.073714386 -0.018141837
9.120043978 0.997028458 -0.013152169 0.073705311 -0.018132892
9.140205954 0.997028791 -0.013150970 0.073703790 -0.018121609
9.160384494 0.997029009 -0.013153479 0.073700766 -0.018120126
9.180654083 0.997029343 -0.013145485 0.073698177 -0.018118059
9.200763223 0.997029671 -0.013147283 0.073689162 -0.018135338
9.220917509 0.997028953 -0.013157027 0.073693119 -0.018151674
9.241063314 0.997028971 -0.013180898 0.073696395 -0.018120055
9.261351237 0.997028492 -0.013163431 0.073705231 -0.018123137
9.281545884 0.997027425 -0.013176494 0.073713987 -0.018136776
9.301739120 0.997028127 -0.013159677 0.073707506 -0.018136695
9.321929141 0.997027935 -0.013142499 0.073714899 -0.018129666
9.341936321 0.997027637 -0.013133864 0.073720543 -0.018129391
9.362241468 0.997026607 -0.013144549 0.073728215 -0.018147058
9.382671116 0.997026464 -0.013157386 0.073726598 -0.018152163
9.402560823 0.997026825 -0.013141440 0.073726610 -0.018143857
9.422697073 0.997026756 -0.013148286 0.073726912 -0.018141455
9.442845589 0.997025208 -0.013177871 0.073736674 -0.018165378
9.463220215 0.997024751 -0.013198660 0.073739426 -0.018164190
9.483560981 0.997025753 -0.013192101 0.073727413 -0.018162750
9.503429892 0.997024646 -0.013193947 0.073740436 -0.018169310
9.523673257 0.997024156 -0.013206115 0.073747037 -0.018160529
9.543789288 0.997024411 -0.013209698 0.073744287 -0.018155104
9.564063736 0.997024255 -0.013228831 0.073741643 -0.018160496
9.584139476 0.997022699 -0.013240491 0.073759307 -0.018165656
9.604338344 0.997023698 -0.013221328 0.073748826 -0.018167332
9.624506940 0.997024079 -0.013222601 0.073741036 -0.018177135
9.644678460 0.997024125 -0.013222627 0.073740096 -0.018178386
9.664896850 0.997024816 -0.013234433 0.073735693 -0.018149766
9.685088301 0.997024207 -0.013232174 0.073740890 -0.018163739
9.705305882 0.997024174 -0.013229343 0.073744428 -0.018153223
9.725360523 0.997024693 -0.013225926 0.073738156 -0.018152684
9.745533443 0.997024616 -0.013215095 0.073741157 -0.018152640
9.765846512 0.997023727 -0.013222850 0.073746161 -0.018175490
9.785847508 0.997024791 -0.013224916 0.073738485 -0.018146748
9.806336161 0.997024415 -0.013234351 0.073739163 -0.018157753
9.826361254 0.997024538 -0.013211888 0.073739451 -0.018166193
9.846573452 0.997024133 -0.013217408 0.073741167 -0.018177419
9.866709037 0.997024014 -0.013223351 0.073741424 -0.018178597
9.886845045 0.997024030 -0.013215475 0.073745657 -0.018166270
9.907080966 0.997023454 -0.013221239 0.073751493 -0.018170008
9.927120814 0.997023686 -0.013223427 0.073745984 -0.018178028
9.947285587 0.997022990 -0.013233692 0.073751367 -0.018186886
9.967465725 0.997024119 -0.013225317 0.073738411 -0.018183636
9.987781103 0.997024994 -0.013190468 0.073737522 -0.018164568
10.007905167 0.997024572 -0.013202388 0.073742182 -0.018160151
10.028043290 0.997024613 -0.013209571 0.073738652 -0.018166988
10.048208150 0.997024377 -0.013209331 0.073746242 -0.018149287
10.068405603 0.997025342 -0.013203556 0.073732990 -0.018154314
10.088678545 0.997026356 -0.013211539 0.073716482 -0.018159878
10.108864672 0.997026980 -0.013207891 0.073713480 -0.018140415
10.128927284 0.997026873 -0.013217889 0.073710617 -0.018150679
10.149174124 0.997027256 -0.013210303 0.073704266 -0.018160959
10.169300369 0.997027638 -0.013219950 0.073692920 -0.018178994
10.189445636 0.997027098 -0.013210711 0.073700206 -0.018185793
10.209648756 0.997027585 -0.013209598 0.073699253 -0.018163730
10.229760609 0.997027190 -0.013227307 0.073698350 -0.018176212
10.250300858 0.997026842 -0.013225176 0.073698632 -0.018195685
10.270269055 0.997026954 -0.013229738 0.073699285 -0.018183580
10.290367518 0.997025882 -0.013252004 0.073704120 -0.018206519
10.310511334 0.997026751 -0.013256172 0.073690515 -0.018210977
10.330745660 0.997027056 -0.013261396 0.073684497 -0.018214811
10.350850178 0.997027133 -0.013244983 0.073685702 -0.018217678
10.371025010 0.997027546 -0.013234823 0.073682745 -0.018214436
10.391246949 0.997027693 -0.013240043 0.073681206 -0.018208830
10.411503893 0.997027129 -0.013246656 0.073684270 -0.018222497
10.431590647 0.997027519 -0.013255080 0.073680885 -0.018208689
10.451748712 0.997027842 -0.013231930 0.073684968 -0.018191292
10.471948633 0.997029144 -0.013188273 0.073676143 -0.018187384
10.492185674 0.997028477 -0.013178118 0.073685497 -0.018193428
10.512296508 0.997028664 -0.013179458 0.073680867 -0.018200947
10.532594015 0.997028575 -0.013169883 0.073680406 -0.018214620
10.552611161 0.997029666 -0.013156409 0.073676106 -0.018182023
10.572795352 0.997030246 -0.013144944 0.073669970 -0.018183349
10.592976348 0.997031030 -0.013161784 0.073654086 -0.018192523
10.613119535 0.997030393 -0.013165468 0.073660072 -0.018200535
10.633580858 0.997030642 -0.013174105 0.073655221 -0.018200292
10.653771678 0.997030863 -0.013145303 0.073651552 -0.018223843
10.673823979 0.997031530 -0.013121496 0.073642436 -0.018241328
10.693826011 0.997033091 -0.013126395 0.073624432 -0.018225148
10.714038376 0.997033103 -0.013125263 0.073624585 -0.018224686
10.734223324 0.997033057 -0.013106984 0.073629111 -0.018222070
10.754413099 0.997033306 -0.013103970 0.073630694 -0.018204242
10.774611902 0.997033790 -0.013101086 0.073627278 -0.018193615
10.794810339 0.997033491 -0.013086955 0.073625905 -0.018225694
10.814941213 0.997034004 -0.013086856 0.073621995 -0.018213502
10.835318777 0.997033634 -0.013097908 0.073624373 -0.018216176
10.855549559 0.997033553 -0.013097542 0.073619008 -0.018242524
10.875567072 0.997035065 -0.013093433 0.073601001 -0.018235537
10.895710852 0.997034991 -0.013093680 0.073601916 -0.018235710
10.916086998 0.997035639 -0.013086330 0.073597722 -0.018222463
10.935963683 0.997035149 -0.013095436 0.073599521 -0.018235470
10.956257565 0.997034332 -0.013091879 0.073611758 -0.018233305
10.976317420 0.997034422 -0.013091044 0.073611863 -0.018228519
10.996591554 0.997034749 -0.013092822 0.073608862 -0.018221463
11.016994114 0.997035343 -0.013090296 0.073599194 -0.018229846
11.037213806 0.997035486 -0.013103008 0.073592726 -0.018238992
11.057225332 0.997035340 -0.013097382 0.073596380 -0.018236279
11.077430372 0.997034988 -0.013086164 0.073602747 -0.018237864
11.097530169 0.997035149 -0.013086685 0.073601149 -0.018235184
11.117631023 0.997035242 -0.013072018 0.073599859 -0.018245813
11.137773751 0.997035167 -0.013053443 0.073603614 -0.018248045
11.157913769 0.997036979 -0.013041512 0.073585918 -0.018228923
11.178142513 0.997036930 -0.013020761 0.073587103 -0.018241651
11.198319893 0.997037491 -0.013009765 0.073583213 -0.018234548
11.218479103 0.997037103 -0.012999277 0.073589857 -0.018236419
11.238801436 0.997038049 -0.012987369 0.073578411 -0.018239355
11.259093899 0.997038930 -0.012995483 0.073562601 -0.018249203
11.279271036 0.997039146 -0.012983039 0.073561281 -0.018251587
11.299266109 0.997039520 -0.012975538 0.073559443 -0.018243877
11.319389189 0.997039501 -0.012976846 0.073559598 -0.018243373
11.339655289 0.997040022 -0.012955154 0.073553461 -0.018255060
11.359773767 0.997039840 -0.012954944 0.073557440 -0.018249130
11.380197114 0.997040210 -0.012942595 0.073554355 -0.018250097
11.400039122 0.997040146 -0.012944364 0.073551297 -0.018264656
11.420745784 0.997040098 -0.012940928 0.073547491 -0.018285034
11.440667928 0.997040687 -0.012929879 0.073540055 -0.018290602
11.460588062 0.997040734 -0.012933793 0.073539069 -0.018289264
11.481094815 0.997039729 -0.012952537 0.073546885 -0.018299330
11.501048244 0.997040171 -0.012945148 0.073542047 -0.018299929
11.521243300 0.997040971 -0.012928240 0.073533507 -0.018302642
11.541387484 0.997040591 -0.012946502 0.073529982 -0.018324581
11.561571392 0.997041537 -0.012938289 0.073523551 -0.018304707
11.581722325 0.997041001 -0.012941460 0.073525851 -0.018322382
11.601834656 0.997040275 -0.012945971 0.073536819 -0.018314721
11.622019287 0.997039405 -0.012936837 0.073554142 -0.018298944
11.642316145 0.997038637 -0.012956436 0.073557985 -0.018311448
11.662489673 0.997038513 -0.012946469 0.073560745 -0.018314179
11.682607206 0.997038896 -0.012948710 0.073556780 -0.018307654
11.702762413 0.997039849 -0.012938547 0.073551027 -0.018286050
11.722908968 0.997038692 -0.012934097 0.073564979 -0.018296185
11.743126885 0.997039508 -0.012946502 0.073553407 -0.018289431
11.763427093 0.997040612 -0.012950271 0.073539001 -0.018284537
11.783491908 0.997040527 -0.012936642 0.073542682 -0.018283997
11.803787932 0.997039965 -0.012944444 0.073544328 -0.018302501
11.823953394 0.997039454 -0.012924193 0.073555369 -0.018300264
11.843973451 0.997038687 -0.012926615 0.073561128 -0.018317191
11.864337339 0.997037672 -0.012948507 0.073570225 -0.018320437
11.884369329 0.997037581 -0.012952904 0.073572026 -0.018315059
11.904507218 0.997038308 -0.012935409 0.073565207 -0.018315260
11.924846713 0.997037638 -0.012954614 0.073569735 -0.018319953
11.944974880 0.997036310 -0.012981775 0.073582809 -0.018320490
11.965083293 0.997037145 -0.012976268 0.073574026 -0.018314232
11.985239925 0.997037034 -0.012954496 0.073576106 -0.018327292
12.005675106 0.997037172 -0.012946040 0.073576703 -0.018323400
12.025706601 0.997037165 -0.012937496 0.073581596 -0.018310160
12.045910648 0.997037397 -0.012922619 0.073586607 -0.018287854
12.065875801 0.997037480 -0.012917807 0.073588430 -0.018279405
12.086109868 0.997037642 -0.012887977 0.073582153 -0.018316861
12.106306475 0.997038886 -0.012906729 0.073563948 -0.018309078
12.126444981 0.997038342 -0.012918852 0.073572827 -0.018294460
12.146653771 0.997037879 -0.012913015 0.073581312 -0.018289704
12.167146788 0.997037893 -0.012927754 0.073578981 -0.018287880
12.187221531 0.997038602 -0.012926178 0.073573918 -0.018270682
12.207155109 0.997037352 -0.012918163 0.073591626 -0.018273281
12.227394777 0.997036381 -0.012920270 0.073599244 -0.018294045
12.247819943 0.997036544 -0.012912738 0.073603334 -0.018274017
12.267665773 0.997037117 -0.012920216 0.073597362 -0.018261508
12.287849300 0.997037274 -0.012899079 0.073597409 -0.018267728
12.308063641 0.997036893 -0.012927634 0.073595050 -0.018277818
12.328223295 0.997037104 -0.012939396 0.073589257 -0.018281310
12.348597332 0.997037712 -0.012943127 0.073582930 -0.018270995
12.368597385 0.997037710 -0.012942950 0.073581141 -0.018278435
12.388786124 0.997036731 -0.012938901 0.073597241 -0.018269846
12.409126829 0.997038624 -0.012935547 0.073578026 -0.018246303
12.429331010 0.997038267 -0.012955158 0.073579287 -0.018246830
12.449430458 0.997037591 -0.012986660 0.073590103 -0.018217704
12.469530311 0.997038223 -0.012973570 0.073588824 -0.018197616
12.489675283 0.997038159 -0.012970678 0.073588924 -0.018202788
12.509822870 0.997038283 -0.012987912 0.073582144 -0.018211111
12.529978503 0.997038797 -0.012992488 0.073573389 -0.018215088
12.550242939 0.997038620 -0.012994115 0.073574497 -0.018219130
12.570456185 0.997039433 -0.012982692 0.073568703 -0.018206194
12.590555945 0.997039432 -0.012980881 0.073564547 -0.018224317
12.610771296 0.997039410 -0.012974383 0.073563453 -0.018234537
12.630931817 0.997039058 -0.012979196 0.073571696 -0.018217101
12.651357730 0.997038561 -0.012988509 0.073573680 -0.018229664
12.671311729 0.997038178 -0.012991968 0.073579219 -0.018225780
12.691429985 0.997037874 -0.012991635 0.073580506 -0.018237455
12.711658392 0.997036617 -0.013001560 0.073595295 -0.018239428
12.731790379 0.997036556 -0.012989681 0.073592524 -0.018262375
12.752023759 0.997037191 -0.012994865 0.073585476 -0.018252444
12.772197858 0.997037792 -0.012965584 0.073579450 -0.018264732
12.792379836 0.997037084 -0.012949003 0.073592348 -0.018263172
12.812470779 0.997038482 -0.012949804 0.073576593 -0.018249729
12.832872443 0.997039364 -0.012941244 0.073563713 -0.018259549
12.852787837 0.997039025 -0.012942486 0.073566234 -0.018267031
12.873013433 0.997039265 -0.012944575 0.073560458 -0.018275699
12.893210860 0.997038719 -0.012925357 0.073567850 -0.018289315
12.913404011 0.997038303 -0.012919004 0.073575579 -0.018285411
12.933855821 0.997038801 -0.012933302 0.073570304 -0.018269376
12.953773543 0.997037661 -0.012937105 0.073578817 -0.018294580
12.973954202 0.997037862 -0.012935566 0.073578036 -0.018287831
12.994133856 0.997038203 -0.012933155 0.073576554 -0.018276949
13.014342736 0.997038077 -0.012929411 0.073580721 -0.018269678
13.034426455 0.997038095 -0.012915270 0.073581427 -0.018275833
13.054653862 0.997037578 -0.012910539 0.073584597 -0.018294625
13.074859130 0.997036484 -0.012917569 0.073597566 -0.018297118
13.094982550 0.997037049 -0.012919651 0.073589501 -0.018297291
13.115210918 0.997037708 -0.012937956 0.073581196 -0.018281853
13.135415855 0.997037206 -0.012952146 0.073582927 -0.018292174
13.155575411 0.997036770 -0.012963914 0.073585168 -0.018298620
13.175828656 0.997036651 -0.012952486 0.073588694 -0.018299023
13.195929401 0.997036771 -0.012948938 0.073591675 -0.018283004
13.216174367 0.997036764 -0.012936758 0.073596867 -0.018271113
13.236234171 0.997036504 -0.012925832 0.073603105 -0.018267858
13.256387024 0.997037069 -0.012931009 0.073593996 -0.018270089
13.276596627 0.997037873 -0.012951682 0.073583352 -0.018254451
13.296808657 0.997038539 -0.012947695 0.073573383 -0.018261032
13.317075813 0.997037831 -0.012940691 0.073580528 -0.018275866
13.337081256 0.997037036 -0.012966417 0.073587451 -0.018273126
13.357685220 0.997036955 -0.012970572 0.073584790 -0.018285308
13.377532732 0.997037309 -0.012976401 0.073578024 -0.018289108
13.397767039 0.997038085 -0.012954034 0.073575522 -0.018272711
13.417970957 0.997037534 -0.012955619 0.073580392 -0.018282065
13.438004720 0.997037463 -0.012954845 0.073581641 -0.018281447
13.458219445 0.997037012 -0.012956591 0.073582525 -0.018301251
13.478467502 0.997037765 -0.012939127 0.073578957 -0.018286921
13.498592571 0.997038600 -0.012922935 0.073577638 -0.018258138
13.518679234 0.997039691 -0.012917128 0.073566326 -0.018248224
13.538925598 0.997039038 -0.012915532 0.073572558 -0.018259911
13.559036036 0.997037024 -0.012921739 0.073594667 -0.018276409
13.579541257 0.997037159 -0.012931707 0.073593309 -0.018267427
13.599480817 0.997037363 -0.012925368 0.073592205 -0.018265228
13.619629389 0.997036705 -0.012945926 0.073599049 -0.018259016
13.639809713 0.997037471 -0.012934428 0.073590879 -0.018258292
13.659972424 0.997037025 -0.012931625 0.073600137 -0.018247314
13.680231063 0.997036291 -0.012952642 0.073602913 -0.018261279
13.700550428 0.997037155 -0.012941899 0.073591429 -0.018268018
13.720634352 0.997035763 -0.012939920 0.073609818 -0.018271294
13.740695273 0.997035941 -0.012949145 0.073605827 -0.018271123
13.760846961 0.997035010 -0.012961152 0.073617341 -0.018267021
13.781014028 0.997035035 -0.012985866 0.073614712 -0.018258692
13.801288551 0.997035283 -0.013006027 0.073602109 -0.018281596
13.821456898 0.997036193 -0.012989177 0.073588216 -0.018299878
13.841638708 0.997035371 -0.012970189 0.073601166 -0.018306074
13.862126453 0.997035765 -0.012957816 0.073601699 -0.018291219
13.882144350 0.997035686 -0.012937836 0.073606974 -0.018288440
13.902053264 0.997035822 -0.012939695 0.073604081 -0.018291321
13.922276170 0.997035722 -0.012976736 0.073598867 -0.018291547
13.942434844 0.997035941 -0.012987078 0.073591224 -0.018302981
13.962686651 0.997035380 -0.013017450 0.073590932 -0.018313173
13.982776584 0.997036852 -0.013007368 0.073576846 -0.018296752
14.002916350 0.997037768 -0.012976023 0.073572413 -0.018286949
14.023258993 0.997036972 -0.012984815 0.073583288 -0.018280323
14.043481518 0.997036660 -0.012980830 0.073583313 -0.018300047
14.063802690 0.997036997 -0.012985490 0.073580049 -0.018291525
14.083782839 0.997037143 -0.012970974 0.073587248 -0.018264870
14.103836741 0.997037055 -0.012967792 0.073588348 -0.018267525
14.124002558 0.997037073 -0.012952332 0.073590633 -0.018268283
14.144202503 0.997035805 -0.012966385 0.073605841 -0.018266296
14.164499087 0.997035096 -0.012964650 0.073616412 -0.018263623
14.184615120 0.997035126 -0.012961315 0.073622560 -0.018239533
14.204841463 0.997034513 -0.012965076 0.073632424 -0.018230527
14.224977771 0.997034562 -0.012960983 0.073633371 -0.018226956
14.245089550 0.997033789 -0.012970919 0.073644127 -0.018218699
14.265399468 0.997033458 -0.012969520 0.073646082 -0.018229935
14.285449528 0.997034093 -0.012966325 0.073637069 -0.018233855
14.305763948 0.997033323 -0.012973470 0.073647732 -0.018227811
14.325855519 0.997032549 -0.012999473 0.073658116 -0.018209679
14.345923195 0.997033616 -0.012997566 0.073646457 -0.018199752
14.366493392 0.997033105 -0.012995994 0.073654744 -0.018195344
14.386368181 0.997032132 -0.012996427 0.073661760 -0.018219954
14.406518583 0.997033247 -0.012986693 0.073649835 -0.018214064
14.426696066 0.997032343 -0.012994221 0.073661478 -0.018211101
14.446834377 0.997031523 -0.012993676 0.073672363 -0.018212323
14.467695669 0.997031847 -0.012976538 0.073671440 -0.018210534
14.487537957 0.997032806 -0.012972799 0.073658698 -0.018212260
14.507722735 0.997032571 -0.012966071 0.073659782 -0.018225542
14.527581723 0.997033071 -0.012953166 0.073655355 -0.018225253
14.547745975 0.997032334 -0.012953571 0.073664469 -0.018228443
14.567908875 0.997032486 -0.012955144 0.073661050 -0.018232826
14.588118003 0.997033193 -0.012958576 0.073652872 -0.018224784
14.608291332 0.997034239 -0.012951340 0.073643590 -0.018210173
14.628596499 0.997034340 -0.012960558 0.073642116 -0.018204047
14.648614297 0.997033758 -0.012955011 0.073649694 -0.018209213
14.668816639 0.997034090 -0.012959389 0.073647653 -0.018196193
14.688971885 0.997033530 -0.012970373 0.073647168 -0.018220970
14.709193799 0.997033632 -0.012965717 0.073645199 -0.018226688
14.729489841 0.997034077 -0.012976848 0.073643552 -0.018201017
14.749925368 0.997033064 -0.012971815 0.073653364 -0.018220394
14.769840632 0.997031537 -0.012995666 0.073666146 -0.018235290
14.789867381 0.997031913 -0.012998811 0.073663092 -0.018224850
14.810054399 0.997029964 -0.013002478 0.073682842 -0.018248975
14.830347285 0.997030081 -0.012987508 0.073684411 -0.018246891
14.850575138 0.997030106 -0.012977642 0.073694503 -0.018211765
14.870670594 0.997030630 -0.012992347 0.073689035 -0.018194716
14.890826965 0.997030424 -0.012997091 0.073691114 -0.018194177
14.910955845 0.997029702 -0.012993186 0.073697023 -0.018212586
14.931129073 0.997030662 -0.012983116 0.073684006 -0.018219901
14.951327438 0.997030813 -0.012975505 0.073682699 -0.018222356
14.971591538 0.997031465 -0.012975151 0.073673817 -0.018222868
14.991668947 0.997031059 -0.012983231 0.073677674 -0.018223695
15.011839566 0.997031048 -0.013010513 0.073672678 -0.018225045
15.032020416 0.997032846 -0.012999261 0.073652591 -0.018215907
15.052324652 0.997033465 -0.012993014 0.073645038 -0.018216994
15.072456715 0.997033584 -0.012973051 0.073644820 -0.018225627
15.092584196 0.997035459 -0.012964636 0.073625961 -0.018205198
15.112808928 0.997036499 -0.012955798 0.073614594 -0.018200512
15.133129094 0.997036007 -0.012958698 0.073616532 -0.018217567
15.153413742 0.997035862 -0.012972817 0.073613063 -0.018229430
15.173401172 0.997035364 -0.012998790 0.073612330 -0.018241153
15.193598287 0.997036349 -0.013013654 0.073604601 -0.018207860
15.213618470 0.997035905 -0.013009993 0.073612330 -0.018203537
15.233812750 0.997034267 -0.013032389 0.073627487 -0.018215947
15.253948887 0.997034490 -0.013035142 0.073623992 -0.018215909
15.274129797 0.997034399 -0.013034957 0.073628255 -0.018203790
15.294667676 0.997034285 -0.013044518 0.073621662 -0.018229832
15.314579242 0.997036014 -0.013059352 0.073596934 -0.018224496
15.334688728 0.997036076 -0.013065200 0.073595759 -0.018221615
15.354796294 0.997036187 -0.013072689 0.073594523 -0.018215205
15.375007498 0.997037110 -0.013074662 0.073580161 -0.018221278
15.395362103 0.997037018 -0.013070930 0.073580694 -0.018226838
15.415454303 0.997038676 -0.013065681 0.073563896 -0.018207696
15.435569892 0.997038729 -0.013059468 0.073563338 -0.018211467
15.455754382 0.997037966 -0.013057761 0.073571970 -0.018219603
15.475970320 0.997037246 -0.013069138 0.073579271 -0.018221392
15.496205002 0.997037446 -0.013067424 0.073575913 -0.018225203
15.516271106 0.997037409 -0.013065133 0.073575980 -0.018228627
15.536428904 0.997038233 -0.013061962 0.073566484 -0.018224135
15.556645397 0.997037914 -0.013047213 0.073570574 -0.018235645
15.576842555 0.997038879 -0.013047492 0.073559915 -0.018225694
15.596931532 0.997039305 -0.013017326 0.073559687 -0.018224868
15.617118927 0.997039956 -0.013022728 0.073544331 -0.018247347
15.637790202 0.997040674 -0.012999452 0.073538560 -0.018247960
15.657579096 0.997039612 -0.013014133 0.073551393 -0.018243848
15.677660725 0.997038894 -0.013017836 0.073558053 -0.018253549
15.697892094 0.997039147 -0.013006690 0.073559921 -0.018240174
15.718046995 0.997039167 -0.012995421 0.073560492 -0.018244797
15.738238216 0.997040021 -0.012971783 0.073557990 -0.018225027
15.758610405 0.997040167 -0.012959173 0.073558958 -0.018222118
15.778733091 0.997041421 -0.012939861 0.073540786 -0.018240537
15.798866848 0.997042092 -0.012940805 0.073531281 -0.018241543
15.818871951 0.997042487 -0.012962020 0.073527148 -0.018221537
15.839119271 0.997042769 -0.012956926 0.073525790 -0.018215172
15.859247055 0.997041364 -0.012955566 0.073543459 -0.018221712
15.879622298 0.997042928 -0.012938072 0.073528431 -0.018209210
15.899652531 0.997043146 -0.012948595 0.073528440 -0.018189771
15.919793899 0.997042494 -0.012959502 0.073536668 -0.018184470
15.939952267 0.997042641 -0.012948774 0.073535495 -0.018188788
15.960170367 0.997041815 -0.012919595 0.073550355 -0.018194759
15.980613423 0.997041317 -0.012929051 0.073556099 -0.018192089
16.000561002 0.997040625 -0.012931759 0.073563898 -0.018196574
16.020693376 0.997040701 -0.012926713 0.073562115 -0.018203194
16.040885012 0.997040292 -0.012945405 0.073568552 -0.018186271
16.060988517 0.997039843 -0.012968088 0.073569369 -0.018191419
16.081273122 0.997040312 -0.012973258 0.073560594 -0.018197550
16.101480373 0.997040723 -0.012967091 0.073559028 -0.018185724
16.121578077 0.997041072 -0.012994726 0.073544702 -0.018204822
16.141781915 0.997039771 -0.012992867 0.073563779 -0.018200280
16.162009089 0.997039104 -0.013006015 0.073564477 -0.018224588
16.182146030 0.997039027 -0.013017555 0.073562467 -0.018228669
16.202372607 0.997040357 -0.013018091 0.073546883 -0.018218440
16.222511883 0.997039673 -0.013032664 0.073553114 -0.018220309
16.242710588 0.997040353 -0.013022742 0.073546920 -0.018215194
16.282953441 0.997038674 -0.013039813 0.073568207 -0.018208930
16.303150995 0.997038872 -0.013049395 0.073560336 -0.018222991
16.323328324 0.997039469 -0.013047816 0.073555258 -0.018211944
16.343532529 0.997040293 -0.013044307 0.073546198 -0.018205974
16.363887234 0.997040112 -0.013021171 0.073544383 -0.018239727
16.384116786 0.997040470 -0.013009902 0.073544088 -0.018229394
16.404094512 0.997040107 -0.012972914 0.073552785 -0.018240502
16.424342697 0.997038850 -0.012974882 0.073565251 -0.018257539
16.444480879 0.997039330 -0.012980906 0.073555417 -0.018266650
16.464635095 0.997038522 -0.012995181 0.073567177 -0.018253278
16.484827628 0.997038343 -0.013000321 0.073572627 -0.018237395
16.504936919 0.997038779 -0.013011433 0.073569848 -0.018216814
16.525208367 0.997039981 -0.012989498 0.073563182 -0.018193592
16.545342120 0.997040761 -0.012967524 0.073556461 -0.018193726
16.565766651 0.997039763 -0.012955595 0.073569797 -0.018202995
16.585750441 0.997040760 -0.012942490 0.073562042 -0.018189056
16.605968593 0.997041518 -0.012925266 0.073557852 -0.018176695
16.626028796 0.997041631 -0.012933738 0.073555592 -0.018173611
16.646168443 0.997041136 -0.012923120 0.073563302 -0.018177087
16.666504326 0.997040009 -0.012953409 0.073571851 -0.018182722
16.686529717 0.997040426 -0.012950402 0.073571055 -0.018165242
16.706690540 0.997039591 -0.012950819 0.073579085 -0.018178264
16.726880038 0.997040270 -0.012947750 0.073573141 -0.018167228
16.747486071 0.997039597 -0.012949173 0.073585642 -0.018152540
16.767440311 0.997039349 -0.012961024 0.073586696 -0.018153434
16.787469423 0.997039422 -0.012953331 0.073586920 -0.018153986
16.807727938 0.997039856 -0.012955976 0.073583106 -0.018143719
16.827791335 0.997039715 -0.012958279 0.073585309 -0.018140891
16.847920485 0.997040117 -0.012948260 0.073584394 -0.018129683
16.868184649 0.997039967 -0.012925516 0.073586078 -0.018147299
16.888518449 0.997040168 -0.012908892 0.073592203 -0.018123239
16.908656042 0.997039718 -0.012916042 0.073598092 -0.018118976
16.928948592 0.997039958 -0.012912363 0.073590602 -0.018138821
16.948821440 0.997039928 -0.012904554 0.073594623 -0.018129704
16.969031944 0.997040579 -0.012910681 0.073588227 -0.018115476
16.989209425 0.997039400 -0.012904693 0.073604347 -0.018119159
17.009376926 0.997037513 -0.012898338 0.073626751 -0.018136473
17.029596349 0.997037270 -0.012886414 0.073629675 -0.018146432
17.050080004 0.997037439 -0.012899127 0.073626689 -0.018140267
17.069875543 0.997036772 -0.012879003 0.073635435 -0.018155717
17.090232153 0.997036108 -0.012852050 0.073644711 -0.018173603
17.110313828 0.997035936 -0.012849326 0.073654159 -0.018146682
17.130441756 0.997036246 -0.012843813 0.073653135 -0.018137709
17.150655111 0.997035313 -0.012856403 0.073663645 -0.018137382
17.170812356 0.997035534 -0.012861768 0.073656678 -0.018149727
17.191009500 0.997035908 -0.012853105 0.073660307 -0.018120572
17.211174303 0.997035210 -0.012827915 0.073674603 -0.018118691
17.231313913 0.997035297 -0.012822884 0.073675682 -0.018113111
17.251744732 0.997036230 -0.012817073 0.073667826 -0.018097814
17.271741113 0.997035452 -0.012819048 0.073674906 -0.018110441
17.291826304 0.997035013 -0.012820540 0.073680299 -0.018111589
17.312064883 0.997035530 -0.012801362 0.073684810 -0.018078342
17.332200784 0.997036068 -0.012792044 0.073686313 -0.018049106
17.352406117 0.997036323 -0.012802099 0.073681158 -0.018048912
17.372591175 0.997035348 -0.012790971 0.073695656 -0.018051461
17.392778605 0.997034647 -0.012791129 0.073711559 -0.018025117
17.412960170 0.997034830 -0.012798483 0.073708706 -0.018021486
17.433329915 0.997035771 -0.012779829 0.073699550 -0.018020067
17.453387331 0.997035120 -0.012817059 0.073696006 -0.018044136
17.473615480 0.997034391 -0.012832305 0.073704183 -0.018040213
17.493614584 0.997034833 -0.012822820 0.073700010 -0.018039532
17.513825563 0.997033752 -0.012803995 0.073715588 -0.018049045
17.534015088 0.997032652 -0.012812824 0.073728806 -0.018049509
17.554215495 0.997032314 -0.012809798 0.073731568 -0.018059065
17.574433304 0.997031227 -0.012827235 0.073742423 -0.018062402
17.594606782 0.997031263 -0.012822504 0.073737883 -0.018082266
17.614778931 0.997031245 -0.012820959 0.073741170 -0.018070978
17.634907308 0.997031410 -0.012821617 0.073741434 -0.018060318
17.655001175 0.997031593 -0.012825028 0.073736897 -0.018066307
17.675229448 0.997031703 -0.012834439 0.073732168 -0.018072843
17.695417686 0.997032228 -0.012835608 0.073723522 -0.018078342
17.715821148 0.997032281 -0.012842117 0.073722061 -0.018076762
17.735777622 0.997031980 -0.012842691 0.073725305 -0.018079673
17.755888665 0.997031318 -0.012841403 0.073728166 -0.018105458
17.776140691 0.997032136 -0.012834895 0.073717960 -0.018106545
17.796268894 0.997031420 -0.012834035 0.073728365 -0.018104255
17.816460008 0.997031677 -0.012851566 0.073722351 -0.018102143
17.836791747 0.997032266 -0.012856848 0.073715200 -0.018095048
17.856833101 0.997031947 -0.012862119 0.073719639 -0.018090819
17.877021069 0.997031915 -0.012856712 0.073722026 -0.018086690
17.897190012 0.997032253 -0.012840784 0.073717946 -0.018096016
17.917414951 0.997031271 -0.012857970 0.073726811 -0.018101781
17.937531025 0.997032870 -0.012845408 0.073710905 -0.018087398
17.957681276 0.997032902 -0.012836296 0.073711983 -0.018087690
17.977840740 0.997032591 -0.012826426 0.073714892 -0.018100019
17.998037042 0.997032159 -0.012827703 0.073719115 -0.018105700
18.018229542 0.997032742 -0.012812194 0.073717429 -0.018091445
18.038410705 0.997032463 -0.012824451 0.073721540 -0.018081346
18.058634699 0.997032520 -0.012831253 0.073718670 -0.018085098
18.078897646 0.997032469 -0.012826346 0.073722540 -0.018075602
18.099103963 0.997033148 -0.012819146 0.073714667 -0.018075357
18.119350538 0.997034910 -0.012811869 0.073695202 -0.018062691
18.139407122 0.997034523 -0.012823647 0.073696813 -0.018069137
18.159621831 0.997035993 -0.012795032 0.073679545 -0.018078704
18.179743164 0.997035989 -0.012795764 0.073680690 -0.018073774
18.199844997 0.997034575 -0.012815480 0.073695954 -0.018075559
18.220003795 0.997035015 -0.012810321 0.073691554 -0.018072866
18.240183421 0.997035750 -0.012804599 0.073680735 -0.018080533
18.260333854 0.997036236 -0.012820238 0.073675566 -0.018063671
18.280562157 0.997036457 -0.012792661 0.073678465 -0.018059187
18.300848437 0.997036725 -0.012801689 0.073677195 -0.018043211
18.321001465 0.997035681 -0.012837431 0.073682093 -0.018055497
18.341116149 0.997036168 -0.012858573 0.073671797 -0.018055559
18.361359477 0.997036027 -0.012870236 0.073665027 -0.018082639
18.381510941 0.997035611 -0.012860659 0.073672187 -0.018083196
18.401635931 0.997035649 -0.012874812 0.073671485 -0.018073913
18.421791488 0.997036456 -0.012847569 0.073666340 -0.018069735
18.441928906 0.997036267 -0.012817210 0.073675017 -0.018066374
18.462171759 0.997036900 -0.012798576 0.073668669 -0.018070516
18.482401657 0.997036461 -0.012813508 0.073672831 -0.018067172
18.502632491 0.997036226 -0.012822854 0.073670484 -0.018083066
18.522969168 0.997035780 -0.012841202 0.073672466 -0.018086608
18.542995460 0.997036547 -0.012823279 0.073665512 -0.018085370
18.563324320 0.997036629 -0.012827559 0.073663441 -0.018086211
18.583363459 0.997036199 -0.012790564 0.073671364 -0.018103874
18.603424750 0.997036376 -0.012783662 0.073670379 -0.018102970
18.623643970 0.997036389 -0.012786978 0.073673688 -0.018086438
18.643826083 0.997035466 -0.012787217 0.073685547 -0.018088879
18.664058102 0.997035517 -0.012788345 0.073684120 -0.018091080
18.684060841 0.997034853 -0.012798308 0.073692972 -0.018084565
18.704444915 0.997034451 -0.012792516 0.073702648 -0.018071395
18.724619289 0.997034456 -0.012790980 0.073699234 -0.018086103
18.744678088 0.997033994 -0.012790110 0.073704846 -0.018089331
18.764835059 0.997034112 -0.012785505 0.073703998 -0.018089519
18.784936156 0.997033830 -0.012780369 0.073708111 -0.018091959
18.805148607 0.997034279 -0.012775510 0.073699374 -0.018106206
18.825368776 0.997034786 -0.012787661 0.073690909 -0.018104160
18.845529592 0.997035704 -0.012771532 0.073681304 -0.018104078
18.865955417 0.997036046 -0.012760989 0.073680771 -0.018094871
18.885808052 0.997034493 -0.012763630 0.073696768 -0.018113440
18.906151031 0.997033483 -0.012761786 0.073702411 -0.018147330
18.926425713 0.997034321 -0.012749581 0.073699304 -0.018122475
18.946616242 0.997034511 -0.012756959 0.073696719 -0.018117348
18.966597821 0.997034140 -0.012760227 0.073700790 -0.018118875
18.986766309 0.997034822 -0.012785621 0.073692385 -0.018097626
19.007020752 0.997034980 -0.012778325 0.073695483 -0.018081467
19.027204222 0.997034803 -0.012768696 0.073697318 -0.018090506
19.047403688 0.997035161 -0.012758584 0.073698024 -0.018075028
19.067610807 0.997035263 -0.012753173 0.073697265 -0.018076318
19.087728166 0.997034674 -0.012740140 0.073707916 -0.018074566
19.107935120 0.997034278 -0.012729522 0.073716180 -0.018070239
19.128099764 0.997033587 -0.012721197 0.073726793 -0.018070925
19.148120520 0.997033083 -0.012733604 0.073727462 -0.018087224
19.168379249 0.997032791 -0.012739231 0.073730800 -0.018085752
19.188618367 0.997032048 -0.012763243 0.073735784 -0.018089455
19.208774184 0.997031598 -0.012773980 0.073739862 -0.018090098
19.228903497 0.997030269 -0.012782434 0.073746285 -0.018131140
19.249060138 0.997028919 -0.012779307 0.073764288 -0.018134324
19.269649004 0.997029809 -0.012774137 0.073755087 -0.018126448
19.289834114 0.997030854 -0.012760202 0.073742185 -0.018131299
19.309659064 0.997031987 -0.012746433 0.073727527 -0.018138253
19.329802936 0.997030328 -0.012758906 0.073745748 -0.018146604
19.349900703 0.997030278 -0.012761541 0.073744257 -0.018153555
19.370086590 0.997028551 -0.012764549 0.073764613 -0.018163616
19.390390652 0.997027923 -0.012757400 0.073774634 -0.018162419
19.410483491 0.997028586 -0.012728983 0.073767737 -0.018173979
19.430677610 0.997028963 -0.012746166 0.073763000 -0.018160448
19.450982398 0.997029569 -0.012760631 0.073752630 -0.018159116
19.471383549 0.997029657 -0.012766213 0.073750355 -0.018159602
19.491222517 0.997029375 -0.012765983 0.073753459 -0.018162686
19.511390111 0.997029070 -0.012751937 0.073759798 -0.018163507
19.531716236 0.997029370 -0.012751198 0.073756200 -0.018162196
19.551911371 0.997028741 -0.012761029 0.073759514 -0.018176331
19.571863299 0.997029901 -0.012741941 0.073750389 -0.018163142
19.592094931 0.997029747 -0.012745624 0.073756911 -0.018142525
19.612232632 0.997029581 -0.012752850 0.073759282 -0.018136901
19.632476262 0.997029027 -0.012744944 0.073765223 -0.018148767
19.652725063 0.997028927 -0.012736016 0.073763622 -0.018167034
19.673109357 0.997028237 -0.012738980 0.073771033 -0.018172702
19.693055187 0.997026929 -0.012740343 0.073790964 -0.018162621
19.713115534 0.997026433 -0.012729900 0.073796771 -0.018173570
19.733276644 0.997025838 -0.012736605 0.073806155 -0.018163382
19.753669746 0.997025665 -0.012713447 0.073807973 -0.018181691
19.773718829 0.997025778 -0.012706272 0.073808937 -0.018176609
19.793805675 0.997026669 -0.012678460 0.073808343 -0.018149535
19.814012481 0.997026700 -0.012683226 0.073808166 -0.018145239
19.834174474 0.997026565 -0.012704523 0.073805243 -0.018149661
19.854437230 0.997024594 -0.012706371 0.073823432 -0.018182656
19.874611872 0.997022854 -0.012726977 0.073842849 -0.018184758
19.894804861 0.997023950 -0.012707702 0.073829305 -0.018193139
19.915100460 0.997024551 -0.012731115 0.073813975 -0.018206064
19.935321070 0.997025143 -0.012733458 0.073803962 -0.018212614
19.955277508 0.997025287 -0.012715707 0.073806351 -0.018207447
19.975428811 0.997027305 -0.012717264 0.073784985 -0.018182422
19.995744890 0.997028387 -0.012716123 0.073768482 -0.018190844
20.015987961 0.997027954 -0.012709658 0.073770531 -0.018210773
20.035928972 0.997028804 -0.012719917 0.073762899 -0.018187957
20.056211545 0.997028041 -0.012708656 0.073773089 -0.018196349
20.076416494 0.997027889 -0.012728478 0.073771057 -0.018199028
20.096702720 0.997028092 -0.012746409 0.073765668 -0.018197210
20.116748905 0.997028222 -0.012753940 0.073767512 -0.018177365
20.136952304 0.997029053 -0.012755106 0.073753513 -0.018187747
20.156993501 0.997028474 -0.012754275 0.073757947 -0.018202103
20.177243341 0.997027338 -0.012759034 0.073774120 -0.018195435
20.197415736 0.997027688 -0.012759537 0.073772850 -0.018181057
20.217613352 0.997028514 -0.012749416 0.073759977 -0.018195074
20.237772087 0.997028743 -0.012755369 0.073755128 -0.018197997
20.258221590 0.997028996 -0.012771944 0.073751147 -0.018188634
20.278404203 0.997029316 -0.012769159 0.073749519 -0.018179632
20.298380964 0.997029224 -0.012771056 0.073749117 -0.018184993
20.318445926 0.997029485 -0.012772831 0.073741093 -0.018201999
20.338670879 0.997029192 -0.012773375 0.073744572 -0.018203553
20.358787896 0.997030141 -0.012758104 0.073736049 -0.018196827
20.379165144 0.997029770 -0.012754016 0.073738931 -0.018208336
20.399192335 0.997030278 -0.012753244 0.073733782 -0.018201903
20.419374814 0.997029838 -0.012751465 0.073736519 -0.018216148
20.439548476 0.997029227 -0.012756725 0.073745069 -0.018211295
20.460003926 0.997029336 -0.012773803 0.073739664 -0.018215224
20.480423195 0.997029069 -0.012773821 0.073736314 -0.018243405
20.500138039 0.997028740 -0.012775490 0.073740245 -0.018244299
20.520249855 0.997028413 -0.012770834 0.073743877 -0.018250735
20.540372237 0.997028951 -0.012760623 0.073743300 -0.018230848
20.560593913 0.997028768 -0.012769404 0.073745019 -0.018227732
20.580791833 0.997028075 -0.012762370 0.073755266 -0.018229109
20.601225964 0.997027669 -0.012762544 0.073759661 -0.018233423
20.621163635 0.997027751 -0.012776559 0.073759531 -0.018219638
20.641412503 0.997027032 -0.012818333 0.073763973 -0.018211633
20.661867410 0.997025511 -0.012822219 0.073779978 -0.018227339
20.681797766 0.997025877 -0.012828436 0.073778526 -0.018208820
20.701780359 0.997025488 -0.012829881 0.073782313 -0.018213748
20.722143017 0.997026685 -0.012827288 0.073767904 -0.018208427
20.742204586 0.997026516 -0.012822128 0.073771113 -0.018208284
20.762530670 0.997026424 -0.012850963 0.073764634 -0.018219236
20.782723698 0.997024921 -0.012871404 0.073781437 -0.018219016
20.802733467 0.997024544 -0.012849202 0.073790809 -0.018217367
20.822937012 0.997025097 -0.012835277 0.073788264 -0.018207251
20.843044900 0.997026408 -0.012806438 0.073782122 -0.018180604
20.863672907 0.997027474 -0.012800877 0.073769543 -0.018177138
20.883562760 0.997027547 -0.012799004 0.073765573 -0.018190574
20.903611130 0.997027863 -0.012778019 0.073761245 -0.018205514
20.923771923 0.997027878 -0.012771454 0.073766607 -0.018187587
20.943931010 0.997027838 -0.012769599 0.073768013 -0.018185400
20.964172439 0.997028136 -0.012765628 0.073763072 -0.018191862
20.984347167 0.997027060 -0.012755075 0.073778155 -0.018197088
21.004530497 0.997027908 -0.012763766 0.073768369 -0.018184166
21.024702204 0.997028687 -0.012772797 0.073756875 -0.018181765
21.044879378 0.997028058 -0.012775933 0.073761106 -0.018196885
21.065039465 0.997027496 -0.012783895 0.073767201 -0.018197397
21.085272371 0.997026843 -0.012793665 0.073775740 -0.018191657
21.105453856 0.997026634 -0.012789017 0.073770258 -0.018228566
21.125575231 0.997026365 -0.012786106 0.073773038 -0.018234105
21.145732080 0.997026644 -0.012792694 0.073763520 -0.018252710
21.165895002 0.997027433 -0.012792631 0.073757921 -0.018232273
21.186123126 0.997027252 -0.012778606 0.073760746 -0.018240542
21.206267097 0.997026306 -0.012801830 0.073766919 -0.018251023
21.226402363 0.997025824 -0.012793251 0.073773917 -0.018255105
21.246653614 0.997024984 -0.012815367 0.073782528 -0.018250647
21.267106067 0.997025053 -0.012816239 0.073776346 -0.018271224
21.287002729 0.997025806 -0.012828861 0.073762354 -0.018277770
21.307135163 0.997026326 -0.012833748 0.073757068 -0.018267340
21.327333411 0.997026333 -0.012826581 0.073756420 -0.018274590
21.347620713 0.997026781 -0.012830485 0.073747771 -0.018282293
21.367862257 0.997027432 -0.012832072 0.073745114 -0.018256420
21.387952232 0.997026945 -0.012853956 0.073748674 -0.018253197
21.408107210 0.997027563 -0.012848348 0.073741680 -0.018251658
21.428427412 0.997029102 -0.012835822 0.073725668 -0.018241076
21.448515632 0.997029104 -0.012835573 0.073729712 -0.018224790
21.468800137 0.997028891 -0.012818092 0.073730189 -0.018246814
21.488746077 0.997029438 -0.012804303 0.073727307 -0.018238272
21.508938387 0.997029289 -0.012810111 0.073727005 -0.018243526
21.529115958 0.997029295 -0.012775531 0.073732762 -0.018244199
21.549579369 0.997029103 -0.012772190 0.073732782 -0.018256943
21.569498420 0.997028557 -0.012771458 0.073735565 -0.018276003
21.589613403 0.997028100 -0.012772766 0.073741474 -0.018276195
21.609813720 0.997028697 -0.012761933 0.073733993 -0.018281387
21.630019340 0.997028174 -0.012762909 0.073743446 -0.018271065
21.650656842 0.997027501 -0.012756950 0.073756004 -0.018261303
21.670421239 0.997026736 -0.012763112 0.073760496 -0.018280569
21.690512569 0.997026368 -0.012757485 0.073766636 -0.018279832
21.710781453 0.997025870 -0.012756144 0.073771012 -0.018290255
21.730865525 0.997026318 -0.012762306 0.073765663 -0.018283090
21.751020369 0.997027090 -0.012762153 0.073756799 -0.018276887
21.771464318 0.997026264 -0.012727238 0.073770215 -0.018292112
21.791417192 0.997026869 -0.012705397 0.073766951 -0.018287496
21.811611271 0.997027295 -0.012708000 0.073759579 -0.018292197
21.831809250 0.997027529 -0.012719626 0.073760489 -0.018267690
21.852000016 0.997027444 -0.012720477 0.073765741 -0.018250520
21.872111256 0.997025353 -0.012722227 0.073787491 -0.018275582
21.892289074 0.997026935 -0.012722432 0.073765295 -0.018278707
21.912487095 0.997028274 -0.012724426 0.073744194 -0.018289450
21.932642027 0.997027423 -0.012719152 0.073754770 -0.018296845
21.952829231 0.997027314 -0.012717213 0.073756311 -0.018297951
21.972955080 0.997028687 -0.012714243 0.073736984 -0.018303083
21.993153347 0.997028514 -0.012703627 0.073743951 -0.018291816
22.013379443 0.997028814 -0.012689657 0.073739173 -0.018304405
22.033679862 0.997029944 -0.012681283 0.073723161 -0.018313164
22.053721886 0.997030400 -0.012683503 0.073711415 -0.018334069
22.073871059 0.997031619 -0.012687428 0.073703506 -0.018296792
22.094045163 0.997031596 -0.012698741 0.073699947 -0.018304553
22.114309019 0.997031310 -0.012690498 0.073702507 -0.018315532
22.134448052 0.997030930 -0.012687081 0.073705911 -0.018324883
22.154630693 0.997030418 -0.012688975 0.073716724 -0.018307934
22.174790217 0.997031449 -0.012680276 0.073705223 -0.018304081
22.194986182 0.997031269 -0.012668336 0.073708675 -0.018308255
22.215153987 0.997030643 -0.012665684 0.073715922 -0.018315026
22.235471927 0.997030977 -0.012644159 0.073718050 -0.018303139
22.255559417 0.997030713 -0.012642656 0.073722104 -0.018302251
22.275785228 0.997031591 -0.012626237 0.073714990 -0.018294411
22.295907639 0.997031394 -0.012627571 0.073717219 -0.018295243
22.316210119 0.997031790 -0.012635635 0.073709596 -0.018298819
22.336202690 0.997031762 -0.012643966 0.073705100 -0.018312691
22.356411108 0.997030820 -0.012638735 0.073717492 -0.018317663
22.376628339 0.997031383 -0.012649625 0.073712979 -0.018297654
22.396761236 0.997031381 -0.012665971 0.073710355 -0.018297059
22.417155681 0.997032651 -0.012670235 0.073693789 -0.018291627
22.437229190 0.997032780 -0.012661583 0.073694691 -0.018286934
22.457521055 0.997032467 -0.012662426 0.073692111 -0.018313828
22.477561185 0.997033019 -0.012666789 0.073688151 -0.018296658
22.497622618 0.997033512 -0.012664244 0.073682550 -0.018294124
22.517796615 0.997033360 -0.012654849 0.073690011 -0.018278871
22.537924037 0.997033318 -0.012640575 0.073695002 -0.018270900
22.558172403 0.997032345 -0.012648887 0.073701950 -0.018290194
22.578301304 0.997031061 -0.012648711 0.073718131 -0.018295082
22.598542447 0.997031674 -0.012629867 0.073709462 -0.018309659
22.618741825 0.997031050 -0.012630649 0.073716342 -0.018315354
22.638904666 0.997031071 -0.012626029 0.073718395 -0.018309144
22.659167532 0.997030229 -0.012611780 0.073732648 -0.018307449
22.679281636 0.997030825 -0.012619559 0.073720919 -0.018316839
22.699868550 0.997029905 -0.012600703 0.073735720 -0.018320336
22.719697490 0.997029583 -0.012593687 0.073739428 -0.018327740
22.739766805 0.997029545 -0.012586705 0.073739607 -0.018333885
22.759880499 0.997030423 -0.012590368 0.073727909 -0.018330671
22.780194508 0.997030611 -0.012581079 0.073723953 -0.018342721
22.800471678 0.997029318 -0.012589751 0.073737527 -0.018352513
22.820763442 0.997029772 -0.012580626 0.073739971 -0.018324270
22.840706416 0.997029281 -0.012544983 0.073753672 -0.018320275
22.860800550 0.997029339 -0.012543384 0.073753839 -0.018317531
22.880945862 0.997030124 -0.012535168 0.073748870 -0.018300424
22.901148091 0.997029826 -0.012527324 0.073753993 -0.018301360
22.921444027 0.997029872 -0.012534736 0.073752409 -0.018300170
22.941617807 0.997029692 -0.012522194 0.073760973 -0.018284072
22.961752946 0.997028368 -0.012548665 0.073772508 -0.018291588
22.981881645 0.997028314 -0.012553746 0.073774882 -0.018281437
23.002069220 0.997029333 -0.012534495 0.073765156 -0.018278349
23.022239119 0.997029414 -0.012532799 0.073765093 -0.018275303
23.042351352 0.997029474 -0.012514780 0.073764430 -0.018287088
23.062675307 0.997030091 -0.012526791 0.073754766 -0.018284209
23.083084656 0.997029608 -0.012536222 0.073762007 -0.018274874
23.103227092 0.997030747 -0.012527766 0.073749038 -0.018270847
23.123163014 0.997031179 -0.012521058 0.073744194 -0.018271427
23.143442210 0.997031520 -0.012522594 0.073740753 -0.018265628
23.163892103 0.997030912 -0.012526557 0.073754698 -0.018239818
23.183721486 0.997031636 -0.012522647 0.073743713 -0.018247346
23.203810340 0.997030860 -0.012512315 0.073755905 -0.018247557
23.223964741 0.997029792 -0.012524343 0.073766242 -0.018255845
23.244178151 0.997029742 -0.012518238 0.073764527 -0.018269722
23.264501637 0.997028200 -0.012525012 0.073780335 -0.018285347
23.284589112 0.997028111 -0.012526546 0.073783670 -0.018275716
23.304743727 0.997028359 -0.012519540 0.073779638 -0.018283248
23.324908701 0.997027840 -0.012519691 0.073788742 -0.018274700
23.345169369 0.997027637 -0.012503256 0.073793298 -0.018278650
23.365476599 0.997026614 -0.012518965 0.073808142 -0.018263731
23.385416872 0.997026304 -0.012515881 0.073812551 -0.018264997
23.405573920 0.997025528 -0.012524746 0.073818475 -0.018277312
23.425763425 0.997025330 -0.012535436 0.073820657 -0.018271967
23.445899725 0.997023994 -0.012544318 0.073839485 -0.018262718
23.466405305 0.997024051 -0.012533931 0.073840811 -0.018261370
23.486343542 0.997023578 -0.012538647 0.073846558 -0.018260699
23.506452861 0.997023194 -0.012552107 0.073845421 -0.018277012
23.526733761 0.997022149 -0.012549430 0.073860884 -0.018273347
23.546852407 0.997021117 -0.012571362 0.073874163 -0.018260902
23.567304699 0.997020978 -0.012582718 0.073872505 -0.018267393
23.587377402 0.997021098 -0.012587799 0.073868756 -0.018272487
23.607376093 0.997021175 -0.012595141 0.073867051 -0.018270143
23.627548349 0.997019948 -0.012605702 0.073880449 -0.018275620
23.647718054 0.997019186 -0.012595367 0.073888638 -0.018291201
23.667846523 0.997019201 -0.012585376 0.073885831 -0.018308607
23.688070603 0.997020176 -0.012574344 0.073874597 -0.018308446
23.708343905 0.997020399 -0.012586124 0.073863581 -0.018332603
23.728533431 0.997020746 -0.012588123 0.073862176 -0.018318020
23.749082100 0.997020958 -0.012587135 0.073858929 -0.018320246
23.769010445 0.997021428 -0.012585494 0.073852121 -0.018323239
23.789016326 0.997021580 -0.012591223 0.073849322 -0.018322310
23.809097370 0.997021166 -0.012594040 0.073854829 -0.018320708
23.829415291 0.997021202 -0.012598790 0.073848894 -0.018339433
23.849736916 0.997021117 -0.012602482 0.073848559 -0.018342832
23.869823062 0.997021929 -0.012606293 0.073837047 -0.018342448
23.889818299 0.997022370 -0.012589183 0.073829777 -0.018359451
23.910038991 0.997022676 -0.012573624 0.073823719 -0.018377855
23.930261014 0.997023645 -0.012571609 0.073814172 -0.018365036
23.950451420 0.997023195 -0.012564629 0.073818032 -0.018378730
23.970586438 0.997023280 -0.012562343 0.073816907 -0.018380201
23.990745794 0.997023628 -0.012545797 0.073817904 -0.018368609
24.010900292 0.997022679 -0.012538525 0.073823616 -0.018402058
24.031072647 0.997022467 -0.012551546 0.073823802 -0.018403945
24.051320737 0.997021845 -0.012556310 0.073831853 -0.018402076
24.071453656 0.997020778 -0.012582167 0.073836622 -0.018423117
24.091829035 0.997020900 -0.012575128 0.073836284 -0.018422668
24.111962533 0.997021355 -0.012568959 0.073827105 -0.018439032
24.132055735 0.997022324 -0.012568190 0.073817547 -0.018425430
24.152141776 0.997023117 -0.012537988 0.073808844 -0.018437943
24.172365273 0.997023155 -0.012539023 0.073810175 -0.018429828
24.192565006 0.997023710 -0.012546570 0.073802109 -0.018426975
24.212668347 0.997024186 -0.012556307 0.073799973 -0.018403142
24.233126146 0.997023458 -0.012562365 0.073806772 -0.018411160
24.253071502 0.997023349 -0.012572628 0.073803875 -0.018421697
24.273481523 0.997023635 -0.012577713 0.073795079 -0.018437988
24.293478571 0.997024603 -0.012578671 0.073784852 -0.018425875
24.313700992 0.997023284 -0.012582485 0.073800054 -0.018433757
24.333864169 0.997023698 -0.012574516 0.073797349 -0.018427631
24.353983737 0.997024440 -0.012559038 0.073792702 -0.018416643
24.374105123 0.997023903 -0.012583922 0.073788317 -0.018446326
24.394351791 0.997024212 -0.012582154 0.073786488 -0.018438136
24.414445488 0.997024264 -0.012591967 0.073778677 -0.018459837
24.434693693 0.997024774 -0.012585434 0.073778872 -0.018435965
24.454851335 0.997025287 -0.012581183 0.073770221 -0.018445751
24.474964183 0.997026622 -0.012567197 0.073756317 -0.018438705
24.495203396 0.997026983 -0.012566273 0.073756337 -0.018419753
24.515332572 0.997027437 -0.012580485 0.073749508 -0.018412805
24.535640793 0.997027353 -0.012583302 0.073746144 -0.018428886
24.555784577 0.997028854 -0.012575071 0.073726637 -0.018431370
24.575865627 0.997028348 -0.012562667 0.073736145 -0.018429157
24.596110383 0.997029058 -0.012589200 0.073723665 -0.018422536
24.616477225 0.997028878 -0.012579281 0.073728091 -0.018421338
24.636509727 0.997029644 -0.012575494 0.073722857 -0.018403447
24.656689566 0.997028740 -0.012558831 0.073736363 -0.018409656
24.676717765 0.997028861 -0.012576565 0.073730577 -0.018414167
24.697139974 0.997029530 -0.012579100 0.073721415 -0.018412901
24.717466855 0.997029226 -0.012591597 0.073719860 -0.018427067
24.737400491 0.997029611 -0.012578683 0.073717400 -0.018424904
24.757616344 0.997029242 -0.012589746 0.073714786 -0.018447757
24.777657682 0.997028812 -0.012591206 0.073723769 -0.018434089
24.797832805 0.997028906 -0.012604813 0.073718891 -0.018439236
24.817975776 0.997029097 -0.012613979 0.073718146 -0.018425605
24.838244912 0.997029380 -0.012619265 0.073711294 -0.018434037
24.858447514 0.997027066 -0.012646455 0.073738524 -0.018431697
24.878587482 0.997026988 -0.012660577 0.073734031 -0.018444152
24.898842460 0.997027319 -0.012659317 0.073730367 -0.018441810
24.919182299 0.997027435 -0.012648101 0.073733228 -0.018431774
24.939134755 0.997026852 -0.012657398 0.073734421 -0.018452142
24.959292664 0.997027026 -0.012664994 0.073731051 -0.018451016
24.979407472 0.997026768 -0.012654600 0.073733458 -0.018462460
24.999877536 0.997026327 -0.012630615 0.073746206 -0.018451773
25.019759955 0.997027264 -0.012610849 0.073733804 -0.018464233
25.040046303 0.997027181 -0.012630012 0.073731311 -0.018465585
25.060290272 0.997027219 -0.012640309 0.073730008 -0.018461646
25.080646785 0.997027585 -0.012634920 0.073725310 -0.018464333
25.100880076 0.997027363 -0.012623005 0.073724338 -0.018488373
25.120916337 0.997027611 -0.012626941 0.073720825 -0.018486280
25.140906338 0.997026903 -0.012634394 0.073727711 -0.018491920
25.161022924 0.997026791 -0.012633433 0.073727575 -0.018499166
25.181293103 0.997026472 -0.012636438 0.073737786 -0.018473602
25.201441000 0.997026478 -0.012635254 0.073737072 -0.018476937
25.221554922 0.997027564 -0.012624440 0.073724082 -0.018477549
25.241706298 0.997026726 -0.012638006 0.073728777 -0.018494749
25.262074899 0.997027333 -0.012641296 0.073718687 -0.018499989
25.282250416 0.997027757 -0.012647004 0.073714021 -0.018491843
25.302410777 0.997026311 -0.012643238 0.073733494 -0.018494732
25.322402148 0.997026096 -0.012652003 0.073733735 -0.018499390
25.342618928 0.997025495 -0.012649575 0.073741351 -0.018503067
25.362844255 0.997026094 -0.012636917 0.073735091 -0.018504402
25.383233799 0.997025095 -0.012617866 0.073750618 -0.018509341
25.403106837 0.997024662 -0.012605425 0.073759778 -0.018504648
25.423331600 0.997024880 -0.012592173 0.073758687 -0.018506271
25.443513072 0.997024111 -0.012601776 0.073765153 -0.018515406
25.463930512 0.997025567 -0.012611358 0.073743785 -0.018515552
25.484035277 0.997025996 -0.012618085 0.073736351 -0.018517473
25.504094814 0.997026941 -0.012604652 0.073729675 -0.018502318
25.524212778 0.997026501 -0.012603583 0.073735580 -0.018503230
25.544375692 0.997026565 -0.012606775 0.073731427 -0.018514159
25.564681393 0.997025909 -0.012623723 0.073734103 -0.018527295
25.584714122 0.997026704 -0.012618364 0.073721260 -0.018539241
25.604867871 0.997027018 -0.012620518 0.073718364 -0.018532441
25.625087851 0.997026631 -0.012634462 0.073718304 -0.018543982
25.645259401 0.997026440 -0.012634709 0.073720211 -0.018546490
25.665539575 0.997026373 -0.012626222 0.073722320 -0.018547520
25.685621136 0.997026775 -0.012614458 0.073720686 -0.018540357
25.705898438 0.997026752 -0.012627718 0.073722277 -0.018526261
25.725958490 0.997026302 -0.012640336 0.073721908 -0.018543346
25.746160107 0.997025489 -0.012633828 0.073734578 -0.018541136
25.766582565 0.997025359 -0.012636359 0.073736907 -0.018537117
25.786489548 0.997026042 -0.012642128 0.073725749 -0.018540823
25.806687918 0.997027265 -0.012638867 0.073709987 -0.018539964
25.826874172 0.997027169 -0.012656991 0.073712207 -0.018523914
25.847075409 0.997026494 -0.012668200 0.073718629 -0.018527003
25.867519755 0.997027567 -0.012666784 0.073705330 -0.018523165
25.887794062 0.997028290 -0.012674692 0.073695326 -0.018518657
25.907604417 0.997029410 -0.012673454 0.073678675 -0.018525447
25.927822225 0.997029183 -0.012694817 0.073674964 -0.018537771
25.947894773 0.997028040 -0.012699782 0.073688975 -0.018540145
25.968151206 0.997028631 -0.012683704 0.073681791 -0.018547928
25.988321665 0.997028500 -0.012690104 0.073683387 -0.018544244
26.008486103 0.997027504 -0.012678604 0.073692763 -0.018568420
26.028670407 0.997028263 -0.012674118 0.073682185 -0.018572708
26.048919310 0.997028262 -0.012678974 0.073681279 -0.018573024
26.068986724 0.997029527 -0.012677270 0.073665268 -0.018569799
26.089180340 0.997029291 -0.012690350 0.073663965 -0.018578710
26.109602981 0.997029077 -0.012686275 0.073671098 -0.018564674
26.129563668 0.997030029 -0.012690375 0.073657974 -0.018562853
26.149861568 0.997030633 -0.012684771 0.073652252 -0.018556900
26.169833810 0.997029564 -0.012681141 0.073667974 -0.018554414
26.190090275 0.997029412 -0.012690337 0.073665368 -0.018566652
26.210263665 0.997030249 -0.012664653 0.073664100 -0.018544257
26.230442142 0.997029851 -0.012652513 0.073664995 -0.018570357
26.250936899 0.997029531 -0.012677360 0.073663762 -0.018575498
26.270841860 0.997028788 -0.012684363 0.073672407 -0.018576327
26.290987544 0.997028757 -0.012698223 0.073668954 -0.018582222
26.311252531 0.997027628 -0.012696893 0.073684803 -0.018580863
26.331341162 0.997027776 -0.012699983 0.073682653 -0.018579290
26.351591008 0.997028696 -0.012712956 0.073667276 -0.018582034
26.371670807 0.997028742 -0.012704969 0.073672568 -0.018564073
26.391824321 0.997029825 -0.012687793 0.073662606 -0.018557189
26.412042697 0.997031222 -0.012680420 0.073648147 -0.018544548
26.432234512 0.997031645 -0.012685942 0.073642391 -0.018540868
26.452523162 0.997031311 -0.012701446 0.073642053 -0.018549534
26.472590417 0.997031311 -0.012724193 0.073640870 -0.018538675
26.492723189 0.997031153 -0.012720735 0.073645645 -0.018530581
26.512842164 0.997031247 -0.012735230 0.073641987 -0.018530071
26.533200699 0.997032300 -0.012746223 0.073625502 -0.018531371
26.553202969 0.997032166 -0.012733140 0.073634244 -0.018512820
26.573404801 0.997031624 -0.012739581 0.073641635 -0.018508195
26.593575536 0.997029812 -0.012734124 0.073668735 -0.018501717
26.613865394 0.997029455 -0.012722038 0.073674745 -0.018505339
26.634245507 0.997029827 -0.012732031 0.073670072 -0.018497022
26.654500319 0.997029877 -0.012722234 0.073676906 -0.018473840
26.674383898 0.997030470 -0.012704146 0.073672256 -0.018472836
26.694504052 0.997030590 -0.012709411 0.073668593 -0.018477317
26.714632363 0.997030041 -0.012715340 0.073673825 -0.018482039
26.734819604 0.997030267 -0.012720637 0.073672171 -0.018472768
26.755001190 0.997029418 -0.012726083 0.073682660 -0.018473005
26.775222602 0.997029186 -0.012725611 0.073681940 -0.018488704
26.795364195 0.997028637 -0.012731014 0.073691231 -0.018477592
26.815567260 0.997029002 -0.012714157 0.073695097 -0.018454045
26.835987195 0.997029799 -0.012709824 0.073686360 -0.018448861
26.855919311 0.997030900 -0.012692722 0.073674587 -0.018448167
26.876046755 0.997030639 -0.012669548 0.073678599 -0.018462185
26.896224056 0.997030039 -0.012673236 0.073689534 -0.018448412
26.916411517 0.997029406 -0.012673207 0.073698153 -0.018448213
26.936560577 0.997029627 -0.012677744 0.073693161 -0.018453053
26.956808053 0.997028887 -0.012686351 0.073702508 -0.018449819
26.976938935 0.997028338 -0.012696241 0.073710873 -0.018439265
26.997110876 0.997029180 -0.012691569 0.073699767 -0.018441305
27.017371345 0.997028500 -0.012668748 0.073709561 -0.018454630
27.037717898 0.997028086 -0.012672988 0.073718570 -0.018438084
27.057712705 0.997027883 -0.012657668 0.073722127 -0.018445401
27.078251461 0.997028797 -0.012655745 0.073709754 -0.018446731
27.098174023 0.997028401 -0.012654347 0.073719686 -0.018429407
27.118270941 0.997028080 -0.012662596 0.073722656 -0.018429212
27.138460669 0.997027335 -0.012682500 0.073727252 -0.018437464
27.158556243 0.997027083 -0.012679196 0.073726540 -0.018456201
27.178795808 0.997025685 -0.012685354 0.073743989 -0.018457750
27.198966327 0.997026068 -0.012683002 0.073740545 -0.018452446
27.219080767 0.997025651 -0.012692634 0.073747201 -0.018441762
27.239301898 0.997026058 -0.012685315 0.073740399 -0.018452013
27.259584327 0.997027199 -0.012696022 0.073721643 -0.018457937
27.279970592 0.997027430 -0.012703517 0.073717379 -0.018457301
27.299804009 0.997026771 -0.012701107 0.073725595 -0.018461764
27.319967620 0.997027475 -0.012677633 0.073715838 -0.018478826
27.340216426 0.997027052 -0.012667811 0.073720874 -0.018488296
27.360339417 0.997026028 -0.012669483 0.073731238 -0.018501032
27.380553556 0.997026784 -0.012675009 0.073719408 -0.018503654
27.400729762 0.997025717 -0.012658091 0.073737236 -0.018501663
27.421254055 0.997027189 -0.012644404 0.073715663 -0.018517675
27.441061402 0.997026747 -0.012648436 0.073723709 -0.018506681
27.461358042 0.997025727 -0.012625818 0.073741759 -0.018505184
27.481411523 0.997025620 -0.012632091 0.073740200 -0.018512885
27.501617548 0.997026607 -0.012622857 0.073727202 -0.018517760
27.521831882 0.997025464 -0.012614523 0.073742380 -0.018524545
27.541902354 0.997025679 -0.012619985 0.073738116 -0.018526254
27.562109769 0.997025770 -0.012596035 0.073737422 -0.018540425
27.582313277 0.997025697 -0.012578770 0.073745109 -0.018525478
27.602531051 0.997025053 -0.012586058 0.073753331 -0.018522437
27.622867159 0.997025384 -0.012620015 0.073744235 -0.018517724
27.643043990 0.997023994 -0.012641004 0.073758193 -0.018522659
27.663167380 0.997023142 -0.012639678 0.073770318 -0.018521168
27.683410844 0.997022999 -0.012632542 0.073773778 -0.018519948
27.703359198 0.997022571 -0.012630841 0.073783989 -0.018503436
27.723659117 0.997021466 -0.012639913 0.073794941 -0.018513128
27.743804105 0.997022108 -0.012651697 0.073782427 -0.018520349
27.764026391 0.997021710 -0.012652573 0.073789494 -0.018513040
27.784508325 0.997022055 -0.012654553 0.073781012 -0.018526927
27.804461027 0.997021911 -0.012669316 0.073783947 -0.018512853
27.824530100 0.997021542 -0.012657765 0.073787834 -0.018525163
27.844756475 0.997022274 -0.012652147 0.073776422 -0.018535040
27.864829545 0.997022065 -0.012654733 0.073783443 -0.018516552
27.884976706 0.997021309 -0.012653141 0.073791236 -0.018527295
27.905138578 0.997022149 -0.012647177 0.073779249 -0.018533902
27.925337560 0.997021353 -0.012667810 0.073784720 -0.018540842
27.945500262 0.997021923 -0.012663876 0.073780443 -0.018529932
27.965715071 0.997021737 -0.012649930 0.073784829 -0.018531970
27.985870404 0.997021196 -0.012644485 0.073789680 -0.018545499
28.006077086 0.997020878 -0.012655330 0.073792656 -0.018543358
28.026279480 0.997020803 -0.012665454 0.073798838 -0.018515854
28.046336138 0.997022099 -0.012665728 0.073782372 -0.018511490
28.066719950 0.997021742 -0.012652802 0.073792858 -0.018497769
28.086741990 0.997020575 -0.012666050 0.073806265 -0.018498077
28.106871266 0.997020872 -0.012662087 0.073802741 -0.018498834
28.127129048 0.997020021 -0.012707060 0.073803191 -0.018512113
28.147405431 0.997018992 -0.012706610 0.073812555 -0.018530480
28.167727485 0.997020509 -0.012707235 0.073797451 -0.018508565
28.187640276 0.997021461 -0.012700707 0.073787236 -0.018502499
28.207936305 0.997021064 -0.012697431 0.073790412 -0.018513435
28.228007321 0.997021219 -0.012690758 0.073795507 -0.018489379
28.248354280 0.997020938 -0.012679729 0.073805909 -0.018470564
28.268470883 0.997021499 -0.012707158 0.073792733 -0.018474079
28.288491965 0.997021992 -0.012704527 0.073787194 -0.018471419
28.308703355 0.997021813 -0.012699707 0.073788936 -0.018477424
28.328815376 0.997021359 -0.012693264 0.073795891 -0.018478536
28.349107268 0.997021899 -0.012684333 0.073792104 -0.018470673
28.369243149 0.997022844 -0.012684797 0.073783169 -0.018455066
28.389596753 0.997023444 -0.012695093 0.073768543 -0.018474008
28.409605266 0.997023808 -0.012691245 0.073762815 -0.018479859
28.429877900 0.997024605 -0.012667234 0.073761556 -0.018458385
28.449965607 0.997025422 -0.012649143 0.073752466 -0.018462981
28.470134970 0.997025519 -0.012643271 0.073750509 -0.018469582
28.490302248 0.997025777 -0.012648450 0.073743075 -0.018481764
28.510447040 0.997025547 -0.012652922 0.073746438 -0.018477675
28.530595738 0.997025715 -0.012649678 0.073744619 -0.018478079
28.550833876 0.997024914 -0.012639287 0.073752775 -0.018495902
28.570935295 0.997025114 -0.012653212 0.073750511 -0.018484616
28.591368118 0.997025711 -0.012667253 0.073741212 -0.018479895
28.611521790 0.997026033 -0.012664194 0.073733405 -0.018495742
28.631554365 0.997026182 -0.012650045 0.073737210 -0.018482239
28.651809228 0.997025037 -0.012658368 0.073752821 -0.018475993
28.671906459 0.997025176 -0.012649393 0.073752738 -0.018474997
28.692015863 0.997026248 -0.012643876 0.073743970 -0.018455894
28.712261018 0.997025897 -0.012650907 0.073746099 -0.018461534
28.732678587 0.997026815 -0.012622442 0.073742430 -0.018446065
28.752597521 0.997026934 -0.012617718 0.073745179 -0.018431878
28.773087905 0.997026229 -0.012614862 0.073755941 -0.018428928
28.793067239 0.997025760 -0.012626556 0.073765858 -0.018406602
28.813257836 0.997025724 -0.012631113 0.073765940 -0.018405085
28.833542796 0.997024707 -0.012637521 0.073778220 -0.018406564
28.853505742 0.997025388 -0.012634944 0.073770976 -0.018400472
28.873662074 0.997025515 -0.012635774 0.073768879 -0.018401422
28.893781868 0.997026168 -0.012641540 0.073756857 -0.018410258
28.913957590 0.997024390 -0.012630135 0.073781298 -0.018416452
28.934128795 0.997024301 -0.012641162 0.073783619 -0.018404386
28.954371259 0.997023458 -0.012656585 0.073788848 -0.018418508
28.974516439 0.997022532 -0.012665076 0.073799624 -0.018419623
28.994774939 0.997022890 -0.012657841 0.073798117 -0.018411233
29.014874178 0.997021582 -0.012673264 0.073807310 -0.018434612
29.035162170 0.997021477 -0.012671476 0.073813521 -0.018416601
29.055233255 0.997021485 -0.012681634 0.073811377 -0.018417805
29.075358951 0.997020938 -0.012698365 0.073815932 -0.018417650
29.095683799 0.997020905 -0.012702514 0.073814649 -0.018421689
29.116049545 0.997020940 -0.012694365 0.073820106 -0.018403537
29.135922429 0.997020876 -0.012682745 0.073825186 -0.018394641
29.156153085 0.997020449 -0.012693558 0.073830838 -0.018387630
29.176333939 0.997020047 -0.012692271 0.073830425 -0.018411977
29.196708387 0.997019829 -0.012690720 0.073832275 -0.018417444
29.216852247 0.997019366 -0.012689778 0.073837735 -0.018421263
29.237095039 0.997019028 -0.012681674 0.073845538 -0.018413861
29.257112558 0.997019943 -0.012687445 0.073828185 -0.018429868
29.277161687 0.997019935 -0.012686828 0.073828750 -0.018428502
29.297446366 0.997019634 -0.012711401 0.073826104 -0.018438421
29.317528019 0.997019397 -0.012705573 0.073832784 -0.018428544
29.337774769 0.997019279 -0.012693535 0.073839290 -0.018417128
29.357986378 0.997017903 -0.012689272 0.073853451 -0.018437773
29.378232397 0.997018963 -0.012673151 0.073844452 -0.018427587
29.398493361 0.997019436 -0.012693873 0.073835081 -0.018425277
29.418439598 0.997020710 -0.012706864 0.073821446 -0.018402014
29.439018697 0.997020778 -0.012706608 0.073823008 -0.018392227
29.458848665 0.997020936 -0.012707010 0.073820374 -0.018393964
29.478916708 0.997020345 -0.012727301 0.073820649 -0.018410849
29.499263958 0.997018369 -0.012735471 0.073843088 -0.018422231
29.519339724 0.997017756 -0.012725401 0.073853175 -0.018421893
29.539548407 0.997017354 -0.012706553 0.073856827 -0.018442008
29.559775490 0.997017699 -0.012712303 0.073856086 -0.018422390
29.580007618 0.997017136 -0.012705002 0.073862033 -0.018434043
29.600041497 0.997015500 -0.012713894 0.073879388 -0.018446830
29.620333659 0.997015785 -0.012728067 0.073877740 -0.018428240
29.640484048 0.997015648 -0.012726025 0.073879921 -0.018428302
29.660495961 0.997015432 -0.012730966 0.073881580 -0.018429975
29.680734893 0.997016725 -0.012730207 0.073869022 -0.018410837
29.700938938 0.997017112 -0.012722155 0.073862933 -0.018419867
29.721120899 0.997016938 -0.012704850 0.073865625 -0.018430460
29.741278131 0.997016225 -0.012695650 0.073871290 -0.018452667
29.761660926 0.997014842 -0.012689570 0.073890044 -0.018456472
29.781749952 0.997015869 -0.012685512 0.073879084 -0.018447656
29.801921081 0.997014833 -0.012700454 0.073887399 -0.018460060
29.822084076 0.997014391 -0.012707531 0.073892701 -0.018457807
29.842173393 0.997014386 -0.012706742 0.073894698 -0.018450648
29.862453853 0.997015172 -0.012706181 0.073883810 -0.018452143
29.882725062 0.997014158 -0.012715733 0.073893115 -0.018463094
29.902727800 0.997014618 -0.012680897 0.073895975 -0.018450764
29.922825526 0.997015236 -0.012683283 0.073885194 -0.018458944
29.943064798 0.997015237 -0.012680695 0.073886430 -0.018455669
29.963496865 0.997015986 -0.012681235 0.073875940 -0.018456834
29.983388966 0.997016601 -0.012639706 0.073882814 -0.018424589
30.003834907 0.997017261 -0.012632191 0.073875498 -0.018423376
30.023753589 0.997017863 -0.012631371 0.073870863 -0.018409923
30.043902684 0.997019140 -0.012637546 0.073852224 -0.018411284
30.064101066 0.997019450 -0.012642397 0.073847228 -0.018411239
30.084307028 0.997020014 -0.012648183 0.073839648 -0.018407103
30.104443342 0.997020437 -0.012627260 0.073836890 -0.018409628
30.124644865 0.997020168 -0.012646794 0.073836845 -0.018410948
30.144793752 0.997019401 -0.012658220 0.073849974 -0.018391963
30.165066495 0.997019511 -0.012645155 0.073851010 -0.018390827
30.185229482 0.997019116 -0.012643865 0.073852394 -0.018407570
30.205502636 0.997019213 -0.012652013 0.073846990 -0.018418378
30.225527297 0.997018889 -0.012638048 0.073853452 -0.018419614
30.245685987 0.997019087 -0.012620460 0.073859485 -0.018396764
30.265959213 0.997019090 -0.012617553 0.073854634 -0.018418024
30.286048205 0.997019072 -0.012608111 0.073854531 -0.018425881
30.306200135 0.997018966 -0.012623111 0.073853987 -0.018423550
30.326387650 0.997018801 -0.012623835 0.073851698 -0.018441146
30.346811302 0.997020586 -0.012603447 0.073837053 -0.018417232
30.367190194 0.997020223 -0.012621143 0.073839449 -0.018415120
30.386964964 0.997020633 -0.012622731 0.073832552 -0.018419521
30.407091416 0.997021168 -0.012610829 0.073826128 -0.018424471
30.427423094 0.997021088 -0.012633330 0.073824109 -0.018421464
30.447675585 0.997020971 -0.012633721 0.073823455 -0.018430129
30.467814474 0.997021080 -0.012625707 0.073822211 -0.018434719
30.487894934 0.997021697 -0.012615610 0.073818934 -0.018421379
30.508135290 0.997020990 -0.012626414 0.073826628 -0.018421428
30.528302447 0.997020875 -0.012623266 0.073827491 -0.018426321
30.548506201 0.997021265 -0.012622682 0.073817073 -0.018447374
30.568630259 0.997021242 -0.012642063 0.073814123 -0.018447124
30.589132138 0.997021353 -0.012648280 0.073813487 -0.018439426
30.608995329 0.997020791 -0.012659326 0.073811851 -0.018468754
30.629097889 0.997020579 -0.012648668 0.073815125 -0.018474384
30.649502589 0.997021374 -0.012637470 0.073812192 -0.018450864
30.669470892 0.997021380 -0.012639434 0.073815336 -0.018436631
30.689710530 0.997020633 -0.012674822 0.073821382 -0.018428527
30.709822431 0.997020442 -0.012695938 0.073822918 -0.018418144
30.729963525 0.997022055 -0.012684674 0.073806719 -0.018403493
30.750161639 0.997021693 -0.012662779 0.073812975 -0.018413112
30.770582316 0.997022597 -0.012645985 0.073800433 -0.018425949
30.790550137 0.997022190 -0.012651645 0.073805775 -0.018422680
30.810687589 0.997022260 -0.012649753 0.073806567 -0.018417039
30.830907711 0.997021947 -0.012651720 0.073809793 -0.018419687
30.851033892 0.997022087 -0.012657573 0.073809929 -0.018407555
30.871315633 0.997022554 -0.012683589 0.073799070 -0.018407903
30.891491354 0.997022811 -0.012683270 0.073790641 -0.018427999
30.911514484 0.997022740 -0.012664463 0.073795093 -0.018426913
30.931762189 0.997022055 -0.012671469 0.073800129 -0.018439025
30.952132440 0.997022402 -0.012688535 0.073796505 -0.018423006
30.972078982 0.997022595 -0.012702341 0.073793604 -0.018414637
30.992257514 0.997022690 -0.012687254 0.073796758 -0.018407271
31.012441382 0.997022762 -0.012692554 0.073794068 -0.018410525
31.032718462 0.997022562 -0.012680941 0.073798545 -0.018411394
31.052811202 0.997022491 -0.012688734 0.073799332 -0.018406716
31.072971385 0.997023938 -0.012711401 0.073774405 -0.018412639
31.093178992 0.997024138 -0.012735990 0.073769751 -0.018403447
31.113386759 0.997023625 -0.012732429 0.073774493 -0.018414666
31.133712079 0.997023532 -0.012722351 0.073775093 -0.018424258
31.154016646 0.997023448 -0.012726944 0.073773443 -0.018432264
31.173958542 0.997023693 -0.012740925 0.073771074 -0.018418800
31.194035692 0.997022949 -0.012761289 0.073774609 -0.018430844
31.214217953 0.997022668 -0.012759224 0.073778992 -0.018429923
31.234403972 0.997024444 -0.012763641 0.073756849 -0.018419394
31.254576307 0.997023773 -0.012757510 0.073766115 -0.018422872
31.274787924 0.997022865 -0.012760862 0.073775678 -0.018431389
31.294890252 0.997023166 -0.012762725 0.073774292 -0.018419378
31.315093158 0.997022858 -0.012758138 0.073777015 -0.018428289
31.335244220 0.997023200 -0.012779584 0.073771667 -0.018416339
31.355541254 0.997023315 -0.012773651 0.073772405 -0.018411294
31.375788427 0.997024091 -0.012779788 0.073763622 -0.018400180
31.395892692 0.997023581 -0.012776146 0.073772707 -0.018393939
31.415983567 0.997024012 -0.012782272 0.073768849 -0.018381810
31.436178326 0.997023485 -0.012768997 0.073779457 -0.018376997
31.456481434 0.997021773 -0.012763373 0.073800842 -0.018387959
31.476540257 0.997021663 -0.012769083 0.073803607 -0.018378822
31.496846254 0.997022365 -0.012753981 0.073794280 -0.018388685
31.517006903 0.997022434 -0.012759930 0.073791633 -0.018391451
31.537602960 0.997021585 -0.012750280 0.073810391 -0.018368898
31.557355519 0.997021442 -0.012745163 0.073814663 -0.018363019
31.577371999 0.997021214 -0.012733252 0.073814802 -0.018383088
31.597761135 0.997020442 -0.012739257 0.073824346 -0.018382453
31.617737686 0.997020811 -0.012735604 0.073821453 -0.018376628
31.637930151 0.997020821 -0.012732165 0.073825270 -0.018363108
31.658176707 0.997020455 -0.012736053 0.073826405 -0.018375715
31.678321459 0.997020224 -0.012757816 0.073828430 -0.018365048
31.698489694 0.997020649 -0.012737008 0.073823599 -0.018375792
31.718734188 0.997021699 -0.012727048 0.073807150 -0.018391813
31.738930478 0.997021508 -0.012749518 0.073806328 -0.018389890
31.759067104 0.997021482 -0.012748384 0.073809564 -0.018379114
31.779250532 0.997022249 -0.012752607 0.073802776 -0.018361797
31.799361968 0.997022039 -0.012753033 0.073805040 -0.018363796
31.819520497 0.997021197 -0.012750318 0.073813368 -0.018377947
31.839732219 0.997022102 -0.012752785 0.073803034 -0.018368626
31.860015287 0.997023189 -0.012751237 0.073787977 -0.018371204
31.880244988 0.997023025 -0.012720561 0.073796155 -0.018368503
31.900324323 0.997023316 -0.012744246 0.073783337 -0.018387786
31.920854528 0.997023087 -0.012729308 0.073793090 -0.018371429
31.940668980 0.997022167 -0.012742334 0.073803046 -0.018372311
31.960843025 0.997021929 -0.012739215 0.073806418 -0.018373842
31.980940119 0.997022384 -0.012709925 0.073801865 -0.018387720
32.001181763 0.997022345 -0.012716028 0.073802227 -0.018384142
32.021308317 0.997021850 -0.012694615 0.073813792 -0.018379350
32.041645307 0.997022855 -0.012673040 0.073806923 -0.018367329
32.061874884 0.997022953 -0.012697720 0.073799487 -0.018374832
32.081876097 0.997024010 -0.012679361 0.073793751 -0.018353166
32.102195188 0.997024815 -0.012676138 0.073785801 -0.018343629
32.122498319 0.997025237 -0.012686272 0.073775797 -0.018353924
32.142622493 0.997023945 -0.012703660 0.073786730 -0.018368125
32.162804701 0.997023706 -0.012708679 0.073785990 -0.018380589
32.182741788 0.997023987 -0.012708314 0.073781819 -0.018382384
32.202882200 0.997024828 -0.012708965 0.073770786 -0.018380567
32.223049934 0.997024185 -0.012711996 0.073779820 -0.018377118
32.243271700 0.997024494 -0.012707547 0.073776882 -0.018375232
32.263577461 0.997025656 -0.012691799 0.073765648 -0.018368122
32.283888855 0.997025002 -0.012688384 0.073773676 -0.018373758
32.303825263 0.997026229 -0.012675270 0.073758173 -0.018378484
32.324061087 0.997027522 -0.012652026 0.073744341 -0.018379838
32.344210706 0.997027903 -0.012664765 0.073735494 -0.018385876
32.364338571 0.997026864 -0.012661210 0.073748481 -0.018392618
32.384540242 0.997026510 -0.012673146 0.073750581 -0.018395169
32.404680696 0.997025205 -0.012688479 0.073767308 -0.018388212
32.424815991 0.997025361 -0.012662509 0.073773786 -0.018371705
32.445084935 0.997025448 -0.012638442 0.073773108 -0.018386267
32.465253573 0.997025791 -0.012635457 0.073767203 -0.018393380
32.485414594 0.997026201 -0.012626553 0.073763889 -0.018390574
32.505581568 0.997025739 -0.012635129 0.073762953 -0.018413478
32.525791122 0.997025267 -0.012606983 0.073773974 -0.018414165
32.545999355 0.997025049 -0.012597265 0.073780123 -0.018407977
32.566158996 0.997024939 -0.012601188 0.073782315 -0.018402495
32.586366346 0.997024964 -0.012608304 0.073780732 -0.018402601
32.606457496 0.997025203 -0.012610958 0.073778151 -0.018398166
32.626633425 0.997025692 -0.012600733 0.073770906 -0.018407724
32.646764172 0.997025445 -0.012610746 0.073775673 -0.018395115
32.667368783 0.997025371 -0.012612399 0.073775705 -0.018397871
32.687176051 0.997025250 -0.012608106 0.073775453 -0.018408408
32.707514573 0.997024460 -0.012637495 0.073788524 -0.018378613
32.727774041 0.997023605 -0.012653162 0.073797268 -0.018379122
32.747829250 0.997023921 -0.012645154 0.073795237 -0.018375656
32.767821014 0.997023300 -0.012664178 0.073798134 -0.018384568
32.788044577 0.997023215 -0.012667561 0.073800003 -0.018379376
32.808252025 0.997022136 -0.012676629 0.073803096 -0.018419167
32.828444863 0.997022144 -0.012663502 0.073801446 -0.018434379
32.848859017 0.997022046 -0.012674747 0.073801668 -0.018431056
32.868824473 0.997021647 -0.012694809 0.073803938 -0.018429780
32.889217226 0.997021875 -0.012711675 0.073795370 -0.018440093
32.909139136 0.997021309 -0.012715365 0.073800036 -0.018449470
32.929378271 0.997021636 -0.012725475 0.073792553 -0.018454769
32.949460412 0.997022281 -0.012724478 0.073784855 -0.018451389
32.969603971 0.997022140 -0.012730961 0.073785987 -0.018449997
32.989815517 0.997021318 -0.012707312 0.073799284 -0.018457574
33.009986966 0.997020863 -0.012723229 0.073804815 -0.018449054
33.030153752 0.997020301 -0.012721934 0.073808796 -0.018464380
33.050450172 0.997019390 -0.012704508 0.073823138 -0.018468261
33.070562774 0.997018044 -0.012721066 0.073839799 -0.018462884
33.090796721 0.997018063 -0.012719881 0.073838067 -0.018469609
33.110951237 0.997019078 -0.012704972 0.073829804 -0.018458097
33.131206537 0.997019088 -0.012707704 0.073825790 -0.018471741
33.151385644 0.997018193 -0.012702343 0.073836101 -0.018482534
33.171479153 0.997018774 -0.012698525 0.073829624 -0.018479690
33.191647501 0.997018340 -0.012697057 0.073837871 -0.018471164
33.211857418 0.997017031 -0.012706635 0.073851934 -0.018478991
33.231994933 0.997016262 -0.012716406 0.073859927 -0.018481842
33.252135318 0.997015626 -0.012715762 0.073866450 -0.018490495
33.272639541 0.997014883 -0.012718359 0.073874293 -0.018497422
33.292728770 0.997015708 -0.012712193 0.073867391 -0.018484760
33.312673739 0.997015172 -0.012703794 0.073878774 -0.018473976
33.332817798 0.997014644 -0.012701009 0.073886088 -0.018475110
33.353020212 0.997014617 -0.012712713 0.073884303 -0.018475677
33.373191578 0.997014635 -0.012728224 0.073885463 -0.018459389
33.393417478 0.997015056 -0.012719915 0.073885270 -0.018443138
33.413584484 0.997015918 -0.012722909 0.073874231 -0.018438673
33.433721790 0.997015213 -0.012750079 0.073878615 -0.018440453
33.453910184 0.997015637 -0.012742156 0.073876710 -0.018430657
33.474221005 0.997015919 -0.012723030 0.073871221 -0.018450575
33.494273893 0.997016860 -0.012731243 0.073862457 -0.018429137
33.514463409 0.997017740 -0.012732034 0.073853275 -0.018417815
33.534589097 0.997017669 -0.012722143 0.073854735 -0.018422596
33.554755211 0.997017876 -0.012725963 0.073853028 -0.018415608
33.574903166 0.997017236 -0.012701648 0.073864979 -0.018419102
33.595251566 0.997017444 -0.012700674 0.073867533 -0.018398273
33.615369550 0.997016743 -0.012717734 0.073873575 -0.018400235
33.635499957 0.997018324 -0.012699637 0.073848648 -0.018427095
33.656029707 0.997019466 -0.012700573 0.073833946 -0.018423558
33.676115673 0.997020465 -0.012693186 0.073825303 -0.018409242
33.696023361 0.997020168 -0.012690436 0.073826674 -0.018421739
33.716173510 0.997019688 -0.012697541 0.073833665 -0.018414761
33.736395600 0.997019907 -0.012697333 0.073831959 -0.018409914
33.756551175 0.997020363 -0.012685710 0.073831420 -0.018395356
33.776745967 0.997019310 -0.012679035 0.073842493 -0.018412606
33.796908279 0.997018747 -0.012679279 0.073856447 -0.018386955
33.817313472 0.997018433 -0.012674634 0.073863474 -0.018378922
33.837532438 0.997018335 -0.012681990 0.073866413 -0.018367378
33.857547851 0.997018440 -0.012686797 0.073861525 -0.018378004
33.877675892 0.997018632 -0.012709793 0.073851752 -0.018390953
33.897812262 0.997018301 -0.012705945 0.073855363 -0.018397062
33.917956972 0.997018528 -0.012707755 0.073851135 -0.018400466
33.938163431 0.997018120 -0.012718160 0.073853915 -0.018404214
33.958328709 0.997017821 -0.012729942 0.073854873 -0.018408456
33.978538044 0.997018230 -0.012740223 0.073847516 -0.018408702
33.998804455 0.997017927 -0.012751282 0.073848517 -0.018413438
34.018977882 0.997017494 -0.012767871 0.073854213 -0.018402547
34.039188231 0.997017758 -0.012791025 0.073851476 -0.018383142
34.059214340 0.997017464 -0.012793929 0.073854821 -0.018383608
34.079498090 0.997018240 -0.012791846 0.073839166 -0.018405873
34.099685929 0.997018471 -0.012793256 0.073836837 -0.018401716
34.119746304 0.997018608 -0.012779707 0.073836426 -0.018405326
34.139885772 0.997017678 -0.012762469 0.073846600 -0.018426831
34.160191222 0.997016839 -0.012781942 0.073854946 -0.018425327
34.180682646 0.997017582 -0.012798753 0.073849052 -0.018397035
34.200438538 0.997017681 -0.012799914 0.073849794 -0.018387900
34.220683423 0.997017046 -0.012818870 0.073846244 -0.018423345
34.240785578 0.997016677 -0.012819897 0.073845995 -0.018443544
34.260935090 0.997016897 -0.012826485 0.073842121 -0.018442587
34.281148835 0.997018272 -0.012838244 0.073825292 -0.018427443
34.301434891 0.997018261 -0.012865275 0.073815919 -0.018446735
34.321936833 0.997018926 -0.012851607 0.073806337 -0.018458632
34.341795586 0.997018152 -0.012844165 0.073818244 -0.018458042
34.361912580 0.997020100 -0.012826179 0.073791574 -0.018471944
34.382190681 0.997020759 -0.012830980 0.073786022 -0.018455223
34.402235386 0.997020521 -0.012828526 0.073788583 -0.018459547
34.422448202 0.997021705 -0.012800169 0.073777994 -0.018457578
34.442606982 0.997022385 -0.012776074 0.073772800 -0.018458300
34.462911256 0.997020804 -0.012767464 0.073788837 -0.018485564
34.483055693 0.997019460 -0.012781036 0.073805186 -0.018483398
34.503214180 0.997018227 -0.012793054 0.073815181 -0.018501685
34.523358181 0.997018945 -0.012787234 0.073804519 -0.018509539
34.543638488 0.997019378 -0.012781078 0.073800301 -0.018507259
34.564122551 0.997019149 -0.012773363 0.073799791 -0.018526991
34.583822081 0.997018662 -0.012774042 0.073805799 -0.018528765
34.603995870 0.997019987 -0.012793160 0.073786556 -0.018520947
34.624201959 0.997020536 -0.012779689 0.073782544 -0.018516632
34.644357814 0.997020532 -0.012779539 0.073780366 -0.018525665
34.664495538 0.997020726 -0.012787157 0.073773024 -0.018539204
34.684734851 0.997021006 -0.012804322 0.073766314 -0.018538996
34.705043448 0.997021128 -0.012812058 0.073764532 -0.018534169
34.725158046 0.997021279 -0.012802556 0.073762432 -0.018540967
34.745405890 0.997020403 -0.012793308 0.073774805 -0.018545211
34.765801783 0.997020275 -0.012800267 0.073772135 -0.018557917
34.785662654 0.997020469 -0.012797688 0.073769282 -0.018560612
34.805772362 0.997020279 -0.012804720 0.073772522 -0.018553076
34.826009095 0.997020734 -0.012790751 0.073766021 -0.018564101
34.846210242 0.997021212 -0.012809921 0.073756153 -0.018564426
34.866426137 0.997021473 -0.012814055 0.073754287 -0.018554988
34.886838971 0.997021138 -0.012809027 0.073756207 -0.018568820
34.906931917 0.997020779 -0.012834743 0.073754944 -0.018575364
34.926927141 0.997021313 -0.012832037 0.073753780 -0.018553179
34.947289729 0.997020355 -0.012838622 0.073759071 -0.018579019
34.967207726 0.997020284 -0.012840789 0.073761617 -0.018571228
34.987396364 0.997018981 -0.012845187 0.073773787 -0.018589829
35.007545424 0.997019284 -0.012849761 0.073773726 -0.018570640
35.027738391 0.997018551 -0.012854890 0.073778579 -0.018587138
35.047857103 0.997018484 -0.012854105 0.073778621 -0.018591106
35.068108983 0.997018018 -0.012838162 0.073786514 -0.018595786
35.088260610 0.997017932 -0.012852555 0.073785570 -0.018594232
35.108547939 0.997016737 -0.012843371 0.073799934 -0.018607644
35.128745377 0.997018198 -0.012835654 0.073784765 -0.018594842
35.148888391 0.997018501 -0.012829315 0.073780118 -0.018601408
35.168985159 0.997018037 -0.012826904 0.073784148 -0.018611938
35.189213487 0.997018610 -0.012851693 0.073770311 -0.018618999
35.209392407 0.997018043 -0.012840992 0.073777360 -0.018628814
35.229468665 0.997018060 -0.012814347 0.073776316 -0.018650351
35.249770441 0.997017636 -0.012810198 0.073783667 -0.018646816
35.270034537 0.997017812 -0.012809922 0.073777028 -0.018663842
35.289993849 0.997018249 -0.012782978 0.073776113 -0.018662577
35.310200477 0.997016856 -0.012777057 0.073791138 -0.018681634
35.330406036 0.997016880 -0.012798022 0.073784294 -0.018693012
35.350587050 0.997017032 -0.012791146 0.073782981 -0.018694844
35.370828742 0.997016373 -0.012807328 0.073786772 -0.018703908
35.390880319 0.997016148 -0.012819906 0.073788887 -0.018698948
35.411061643 0.997015942 -0.012818171 0.073791552 -0.018700602
35.431574572 0.997015558 -0.012827139 0.073794806 -0.018702111
35.451551943 0.997015362 -0.012818086 0.073802606 -0.018687954
35.471648110 0.997016343 -0.012806387 0.073785372 -0.018711665
35.491990815 0.997017488 -0.012833231 0.073768010 -0.018700753
35.512080272 0.997017066 -0.012838196 0.073773990 -0.018696251
35.532288798 0.997016692 -0.012872991 0.073775507 -0.018686252
35.552399216 0.997015673 -0.012883077 0.073784975 -0.018696298
35.572554188 0.997015278 -0.012898233 0.073788850 -0.018691603
35.592775101 0.997014454 -0.012916336 0.073796236 -0.018693908
35.612878543 0.997015165 -0.012931041 0.073786936 -0.018682527
35.633075339 0.997014820 -0.012944654 0.073788064 -0.018687048
35.653335840 0.997014923 -0.012938830 0.073785673 -0.018695022
35.673417680 0.997014645 -0.012933808 0.073789566 -0.018697977
35.693605649 0.997014873 -0.012948379 0.073786983 -0.018685914
35.713772388 0.997013695 -0.012952027 0.073800296 -0.018693687
35.733880309 0.997012737 -0.012968193 0.073809101 -0.018698813
35.754120830 0.997012007 -0.012960697 0.073819538 -0.018701690
35.774372967 0.997011272 -0.012961534 0.073829537 -0.018700851
35.794499501 0.997010440 -0.012974962 0.073832835 -0.018722834
35.814663811 0.997010157 -0.012972892 0.073837410 -0.018721297
35.834793471 0.997009945 -0.012980807 0.073836229 -0.018731784
35.855157010 0.997011304 -0.012993286 0.073818183 -0.018721918
35.875266282 0.997011842 -0.012975590 0.073812274 -0.018728834
35.895339255 0.997011429 -0.012968691 0.073821670 -0.018718548
35.915585687 0.997010933 -0.012989935 0.073821778 -0.018729793
35.935858302 0.997010724 -0.012992500 0.073825052 -0.018726235
35.955936983 0.997009370 -0.012979825 0.073846060 -0.018724283
35.976038225 0.997009571 -0.012974920 0.073844162 -0.018724466
35.996259340 0.997008772 -0.012979501 0.073849355 -0.018743393
36.016527156 0.997008286 -0.012994934 0.073851413 -0.018750406
36.036604085 0.997009548 -0.012990212 0.073832969 -0.018759240
36.056991197 0.997010123 -0.012996396 0.073821828 -0.018768217
36.077045306 0.997010687 -0.013010648 0.073812917 -0.018763446
36.097240127 0.997011171 -0.013007099 0.073810177 -0.018750938
36.117317914 0.997012090 -0.012992711 0.073802072 -0.018743970
36.137447304 0.997011875 -0.012979975 0.073803577 -0.018758267
36.157646873 0.997011976 -0.012968164 0.073810748 -0.018732835
36.177840431 0.997011297 -0.012988163 0.073820735 -0.018715768
36.198089072 0.997011975 -0.012973625 0.073810600 -0.018729722
36.218416173 0.997011594 -0.012976244 0.073818285 -0.018717868
36.238436559 0.997011759 -0.012990492 0.073812620 -0.018721564
36.259028197 0.997012187 -0.012983109 0.073807336 -0.018724721
36.279290351 0.997012585 -0.012981608 0.073803458 -0.018719858
36.298894786 0.997012570 -0.012984962 0.073805571 -0.018709999
36.319054995 0.997012928 -0.012989858 0.073799276 -0.018712328
36.339250239 0.997013555 -0.012998377 0.073786833 -0.018722106
36.359482834 0.997013811 -0.012994985 0.073781136 -0.018733285
36.379940209 0.997012925 -0.013009788 0.073787185 -0.018746310
36.399959274 0.997013142 -0.013023563 0.073782290 -0.018744471
36.420132312 0.997013119 -0.013047951 0.073776447 -0.018751710
36.440221360 0.997012907 -0.013047819 0.073780162 -0.018748482
36.460465514 0.997012829 -0.013033716 0.073785132 -0.018742856
36.480608482 0.997011883 -0.013044755 0.073790365 -0.018764881
36.500686591 0.997011991 -0.013036712 0.073791480 -0.018760392
36.520905290 0.997012305 -0.013043055 0.073786056 -0.018760599
36.541002972 0.997013014 -0.013051890 0.073776411 -0.018754727
36.561284318 0.997013622 -0.013072737 0.073763882 -0.018757127
36.581427309 0.997014802 -0.013060405 0.073753997 -0.018741886
36.601667025 0.997015568 -0.013033834 0.073749948 -0.018735542
36.621745528 0.997016723 -0.013028691 0.073738979 -0.018720871
36.641934617 0.997016413 -0.013003094 0.073746057 -0.018727279
36.662085517 0.997015087 -0.012987786 0.073767875 -0.018722543
36.682248808 0.997015221 -0.012974498 0.073766429 -0.018730338
36.702446805 0.997015470 -0.012979996 0.073758491 -0.018744530
36.722658491 0.997015922 -0.012983467 0.073755718 -0.018728995
36.742912624 0.997015841 -0.012999656 0.073753547 -0.018730633
36.763112772 0.997015795 -0.012991340 0.073759668 -0.018714728
36.783189388 0.997015055 -0.012981527 0.073767448 -0.018730309
36.803358786 0.997015345 -0.012982213 0.073765826 -0.018720767
36.823512058 0.997014663 -0.012980242 0.073777581 -0.018712133
36.843792784 0.997015328 -0.012991373 0.073769807 -0.018699608
36.863998474 0.997015415 -0.012987285 0.073769642 -0.018698463
36.884124841 0.997015787 -0.012996974 0.073764078 -0.018693832
36.904290914 0.997015728 -0.012995496 0.073766908 -0.018686843
36.924370954 0.997015036 -0.013000543 0.073774804 -0.018689110
36.944580591 0.997015696 -0.012986463 0.073762383 -0.018712708
36.964791141 0.997015906 -0.012990893 0.073757765 -0.018716632
36.984920440 0.997016341 -0.012991892 0.073754720 -0.018704756
37.005192428 0.997016606 -0.012990303 0.073755796 -0.018687456
37.025297241 0.997016452 -0.012988207 0.073756830 -0.018693082
37.045879796 0.997016461 -0.012985802 0.073754023 -0.018705358
37.065940689 0.997016032 -0.012985480 0.073757376 -0.018715212
37.085881738 0.997015272 -0.012992338 0.073767874 -0.018709536
37.106051379 0.997015285 -0.012990964 0.073766252 -0.018716234
37.126164124 0.997015016 -0.012984657 0.073766789 -0.018732810
37.146395267 0.997015506 -0.012975036 0.073761980 -0.018732297
37.166888213 0.997014074 -0.012993522 0.073774320 -0.018747098
37.186867255 0.997013963 -0.012986654 0.073776446 -0.018749433
37.206981688 0.997014738 -0.012995923 0.073767639 -0.018736437
37.227049083 0.997012863 -0.013014958 0.073782719 -0.018763583
37.247243054 0.997012740 -0.013014095 0.073784318 -0.018764413
37.267628800 0.997013533 -0.013021167 0.073776385 -0.018748600
37.287638686 0.997013441 -0.013014809 0.073776414 -0.018757759
37.307729018 0.997012912 -0.013008743 0.073781464 -0.018770205
37.328023293 0.997014070 -0.012984901 0.073772453 -0.018760624
37.348128867 0.997013815 -0.012976132 0.073778712 -0.018755655
37.368545496 0.997014494 -0.012990363 0.073769991 -0.018743979
37.388722757 0.997014583 -0.013000118 0.073764312 -0.018754869
37.408817218 0.997014159 -0.013030189 0.073767433 -0.018744246
37.429058281 0.997015198 -0.013044957 0.073751329 -0.018742080
37.449039180 0.997015156 -0.013044382 0.073753107 -0.018737702
37.469186822 0.997016019 -0.013012843 0.073746677 -0.018739045
37.489385156 0.997015407 -0.013005332 0.073761775 -0.018717378
37.509581838 0.997016185 -0.012992349 0.073749040 -0.018735107
37.529866620 0.997015264 -0.013003115 0.073761704 -0.018726836
37.549858399 0.997015728 -0.012986052 0.073765209 -0.018700111
37.570100151 0.997015315 -0.012998137 0.073765456 -0.018712742
37.590261073 0.997015410 -0.012997673 0.073766479 -0.018704002
37.610426250 0.997014908 -0.013000218 0.073775149 -0.018694791
37.630652610 0.997015164 -0.013009672 0.073768322 -0.018701483
37.651149921 0.997014999 -0.013002157 0.073769758 -0.018709860
37.670915716 0.997013365 -0.012998086 0.073788761 -0.018724785
37.691116496 0.997012702 -0.013013655 0.073798313 -0.018711639
37.711430694 0.997012910 -0.013013212 0.073793809 -0.018718657
37.731506438 0.997013514 -0.013020399 0.073784622 -0.018717702
37.751636240 0.997013918 -0.013010213 0.073781617 -0.018715075
37.771837228 0.997014159 -0.013009450 0.073777150 -0.018720387
37.792017255 0.997014179 -0.013003216 0.073779596 -0.018713993
37.812284368 0.997014256 -0.012998438 0.073777143 -0.018722898
37.832536431 0.997013627 -0.013000349 0.073783258 -0.018730955
37.852586577 0.997013676 -0.013004568 0.073782481 -0.018728493
37.872763847 0.997014236 -0.012976271 0.073785976 -0.018704536
37.892908014 0.997014659 -0.012977337 0.073778991 -0.018708783
37.913245316 0.997014143 -0.012954369 0.073789162 -0.018712119
37.933355683 0.997014259 -0.012949676 0.073785233 -0.018724639
37.953674344 0.997013208 -0.012932413 0.073796736 -0.018747183
37.973606796 0.997013256 -0.012933472 0.073795821 -0.018747515
37.993815353 0.997012591 -0.012935515 0.073806829 -0.018738153
38.013917309 0.997013003 -0.012930385 0.073798421 -0.018752867
38.034170627 0.997013654 -0.012922376 0.073788644 -0.018762262
38.054362529 0.997015309 -0.012900851 0.073773596 -0.018748306
38.074497886 0.997014202 -0.012937414 0.073781962 -0.018749033
38.094880881 0.997015189 -0.012929734 0.073773802 -0.018733935
38.114993085 0.997014156 -0.012936562 0.073782770 -0.018748901
38.135027656 0.997013972 -0.012939493 0.073789629 -0.018729639
38.155300554 0.997014821 -0.012967474 0.073771235 -0.018737584
38.175345998 0.997014194 -0.012964085 0.073778106 -0.018746235
38.195682178 0.997013349 -0.012979553 0.073781666 -0.018766432
38.215962207 0.997013319 -0.012944533 0.073786609 -0.018772758
38.235886866 0.997013185 -0.012959006 0.073785298 -0.018775070
38.256144227 0.997014210 -0.012951827 0.073773413 -0.018772308
38.276371409 0.997014601 -0.012939784 0.073771232 -0.018768385
38.296773800 0.997015728 -0.012934114 0.073752813 -0.018784791
38.316663644 0.997015036 -0.012934694 0.073764288 -0.018776107
38.336847030 0.997014055 -0.012912583 0.073776567 -0.018795146
38.356943911 0.997013928 -0.012905495 0.073780584 -0.018790982
38.377162556 0.997013511 -0.012905736 0.073783675 -0.018800801
38.397332907 0.997013437 -0.012901796 0.073786461 -0.018796486
38.417597228 0.997013175 -0.012886570 0.073791909 -0.018799455
38.437738560 0.997013681 -0.012868742 0.073786240 -0.018807081
38.457995153 0.997014482 -0.012861358 0.073782281 -0.018785187
38.478037118 0.997013899 -0.012857923 0.073789588 -0.018789776
38.498228441 0.997014763 -0.012862681 0.073778450 -0.018784424
38.518418161 0.997014713 -0.012879347 0.073771050 -0.018804689
38.538608061 0.997014902 -0.012859977 0.073771690 -0.018805402
38.558780129 0.997014856 -0.012868645 0.073774970 -0.018789062
38.578976099 0.997014111 -0.012885350 0.073783129 -0.018785083
38.599475118 0.997015584 -0.012884081 0.073756751 -0.018811342
38.619314885 0.997016255 -0.012884343 0.073746554 -0.018815624
38.639569125 0.997015115 -0.012886219 0.073760501 -0.018820064
38.659855270 0.997014437 -0.012896168 0.073769440 -0.018814092
38.679794274 0.997014488 -0.012901430 0.073772212 -0.018796926
38.699988836 0.997014330 -0.012898692 0.073775519 -0.018794188
38.720181293 0.997014513 -0.012879420 0.073776000 -0.018795834
38.740333583 0.997013690 -0.012905603 0.073784271 -0.018789077
38.760597676 0.997014222 -0.012921209 0.073776757 -0.018779584
38.780686933 0.997013666 -0.012922667 0.073785571 -0.018773473
38.800852684 0.997012703 -0.012910670 0.073801022 -0.018772166
38.821230343 0.997012519 -0.012927731 0.073798017 -0.018781986
38.841589049 0.997013188 -0.012933469 0.073794277 -0.018757215
38.861402609 0.997014213 -0.012924499 0.073782110 -0.018756793
38.881639132 0.997015106 -0.012916126 0.073771901 -0.018755240
38.901883512 0.997013903 -0.012911605 0.073785912 -0.018767165
38.921916121 0.997014132 -0.012915709 0.073781391 -0.018769934
38.942155784 0.997014970 -0.012918115 0.073773126 -0.018756268
38.962379867 0.997016184 -0.012902575 0.073763550 -0.018740103
38.982886796 0.997016062 -0.012885927 0.073765927 -0.018748675
39.002845242 0.997016285 -0.012881352 0.073763686 -0.018748758
39.022908618 0.997015952 -0.012878123 0.073766048 -0.018759411
39.042986975 0.997016456 -0.012877487 0.073759402 -0.018759214
39.063816831 0.997016840 -0.012874031 0.073758047 -0.018746505
39.083510572 0.997016697 -0.012874722 0.073761538 -0.018739877
39.103659728 0.997016407 -0.012879225 0.073766015 -0.018734563
39.123722235 0.997015125 -0.012882427 0.073782276 -0.018736584
39.143852360 0.997016064 -0.012901280 0.073770297 -0.018720785
39.164133915 0.997016581 -0.012884616 0.073763961 -0.018729714
39.184568498 0.997016719 -0.012869369 0.073767783 -0.018717762
39.204654505 0.997016841 -0.012895387 0.073757871 -0.018732445
39.224751042 0.997017089 -0.012901783 0.073754039 -0.018729905
39.244897153 0.997016010 -0.012902306 0.073762599 -0.018753266
39.265053034 0.997015629 -0.012936215 0.073759382 -0.018762806
39.285124880 0.997015539 -0.012934866 0.073759729 -0.018767147
39.305356573 0.997015009 -0.012930657 0.073766593 -0.018771237
39.325478188 0.997015610 -0.012952403 0.073755832 -0.018766590
39.345689741 0.997015788 -0.012965309 0.073747054 -0.018782733
39.365894134 0.997015589 -0.012954108 0.073756935 -0.018762202
39.386306470 0.997016182 -0.012970516 0.073752033 -0.018738642
39.406358787 0.997016341 -0.013000972 0.073739586 -0.018758029
39.426535398 0.997015719 -0.013006260 0.073745542 -0.018764017
39.446637744 0.997015588 -0.012992647 0.073750966 -0.018759084
39.466749424 0.997015476 -0.012983749 0.073753438 -0.018761460
39.486890872 0.997015676 -0.012991399 0.073747656 -0.018768293
39.507081471 0.997015711 -0.012993863 0.073742452 -0.018785171
39.527233816 0.997015370 -0.012994493 0.073744994 -0.018792827
39.547503557 0.997015580 -0.012994533 0.073741803 -0.018794200
39.568038375 0.997015407 -0.012984963 0.073745788 -0.018794343
39.588055074 0.997017104 -0.012949368 0.073728928 -0.018795038
39.607976964 0.997015837 -0.012950792 0.073745354 -0.018796822
39.628219393 0.997015343 -0.012958498 0.073752767 -0.018788650
39.648301912 0.997014734 -0.012956713 0.073762678 -0.018783282
39.668575335 0.997015078 -0.012949908 0.073762924 -0.018768708
39.688807299 0.997014177 -0.012962956 0.073775365 -0.018758685
39.708822634 0.997015209 -0.012941373 0.073763431 -0.018765656
39.729001256 0.997016038 -0.012937478 0.073752978 -0.018765387
39.749348124 0.997016119 -0.012917560 0.073757913 -0.018755394
39.769475659 0.997015770 -0.012938895 0.073757456 -0.018761047
39.789573406 0.997016882 -0.012913607 0.073743317 -0.018774982
39.809723362 0.997017082 -0.012916750 0.073741912 -0.018767686
39.830028821 0.997017807 -0.012920688 0.073729201 -0.018776382
39.850231056 0.997018356 -0.012910866 0.073721990 -0.018782304
39.870285562 0.997017843 -0.012903976 0.073725589 -0.018800141
39.890462186 0.997019082 -0.012904715 0.073711430 -0.018789467
39.910672331 0.997019615 -0.012879682 0.073710719 -0.018781122
39.930908383 0.997020661 -0.012868474 0.073698871 -0.018779796
39.951089497 0.997021061 -0.012870617 0.073695433 -0.018770581
39.971231374 0.997019617 -0.012861904 0.073712944 -0.018784450
39.991460909 0.997018570 -0.012866216 0.073726339 -0.018784506
40.011812613 0.997018110 -0.012863427 0.073732321 -0.018787361
40.031676046 0.997018437 -0.012845996 0.073729666 -0.018792361
40.051906951 0.997018788 -0.012873803 0.073722818 -0.018781596
40.072055191 0.997018379 -0.012870855 0.073725773 -0.018793733
40.092225757 0.997017656 -0.012874735 0.073733352 -0.018799677
40.112411876 0.997016851 -0.012890345 0.073738588 -0.018811102
40.132889739 0.997017305 -0.012891704 0.073735884 -0.018796746
40.152842682 0.997017627 -0.012866500 0.073738247 -0.018787620
40.173219963 0.997017687 -0.012864507 0.073737336 -0.018789421
40.193302333 0.997017321 -0.012860991 0.073743507 -0.018786983
40.213419396 0.997017151 -0.012855711 0.073742575 -0.018803272
40.233762556 0.997016293 -0.012853037 0.073750396 -0.018819955
40.253683486 0.997015749 -0.012851662 0.073755989 -0.018827786
40.273788895 0.997015293 -0.012842648 0.073766344 -0.018817482
40.294000132 0.997015286 -0.012847962 0.073766259 -0.018814570
40.314231759 0.997014845 -0.012854240 0.073767525 -0.018828718
40.334499286 0.997013942 -0.012850064 0.073778203 -0.018837516
40.354650657 0.997014803 -0.012835859 0.073775660 -0.018811577
40.374814360 0.997015678 -0.012850183 0.073755651 -0.018833853
40.395064664 0.997016112 -0.012833618 0.073751527 -0.018838349
40.415105370 0.997016332 -0.012845545 0.073748722 -0.018829533
40.435340978 0.997016902 -0.012822948 0.073748257 -0.018816566
40.455454848 0.997017277 -0.012815646 0.073745165 -0.018813788
40.475597837 0.997016555 -0.012825289 0.073754328 -0.018809592
40.495792499 0.997016640 -0.012834168 0.073755892 -0.018792876
40.516082458 0.997015565 -0.012834635 0.073764968 -0.018813953
40.536124234 0.997016296 -0.012850071 0.073760749 -0.018781207
40.556594602 0.997016775 -0.012849402 0.073757579 -0.018768686
40.576606299 0.997016133 -0.012850562 0.073761767 -0.018785511
40.596788069 0.997014274 -0.012888220 0.073784476 -0.018769163
40.617011306 0.997014813 -0.012900414 0.073775222 -0.018768555
40.637035037 0.997014382 -0.012899479 0.073777698 -0.018782349
40.657248758 0.997014522 -0.012889752 0.073782530 -0.018762628
40.677373298 0.997014029 -0.012901142 0.073783846 -0.018775810
40.697548389 0.997013966 -0.012892715 0.073788926 -0.018764988
40.717718490 0.997014129 -0.012881815 0.073791685 -0.018752915
40.738038938 0.997013559 -0.012890929 0.073794664 -0.018765252
40.758673083 0.997013362 -0.012900765 0.073795203 -0.018766835
40.778676697 0.997013590 -0.012903404 0.073795941 -0.018749999
40.798556862 0.997013979 -0.012892976 0.073791660 -0.018753326
40.818655421 0.997014216 -0.012901542 0.073785675 -0.018758416
40.838806238 0.997013587 -0.012927954 0.073786601 -0.018769992
40.858982483 0.997011724 -0.012930360 0.073810944 -0.018771568
40.879363990 0.997013437 -0.012926768 0.073792748 -0.018754611
40.899716402 0.997012725 -0.012937541 0.073796088 -0.018771878
40.919507446 0.997013458 -0.012933387 0.073791386 -0.018754315
40.939805773 0.997014490 -0.012933475 0.073781849 -0.018736862
40.960150354 0.997016096 -0.012929678 0.073760412 -0.018738449
40.980189138 0.997017513 -0.012915632 0.073743672 -0.018738651
41.000225538 0.997017790 -0.012920892 0.073735763 -0.018751396
41.020415248 0.997019046 -0.012928464 0.073710739 -0.018777751
41.040631301 0.997018526 -0.012933299 0.073716799 -0.018778237
41.060734363 0.997017978 -0.012936089 0.073728913 -0.018757813
41.080956507 0.997016817 -0.012949960 0.073738655 -0.018771658
41.101097376 0.997016273 -0.012939182 0.073746879 -0.018775692
41.121318703 0.997015651 -0.012936353 0.073756317 -0.018773615
41.141544944 0.997015516 -0.012929859 0.073761699 -0.018764102
41.161928336 0.997014683 -0.012922348 0.073777712 -0.018750577
41.182235738 0.997014709 -0.012927384 0.073773711 -0.018761478
41.202000710 0.997014947 -0.012924926 0.073774515 -0.018747352
41.222159616 0.997014470 -0.012926906 0.073776373 -0.018764004
41.242356689 0.997014128 -0.012940158 0.073780004 -0.018758802
41.262727438 0.997013499 -0.012951988 0.073789268 -0.018747628
41.282946143 0.997012293 -0.012955010 0.073807866 -0.018736421
41.302893014 0.997011847 -0.012974104 0.073805404 -0.018756645
41.323049144 0.997011954 -0.012981541 0.073801618 -0.018760728
41.343408434 0.997013025 -0.012971545 0.073790550 -0.018754274
41.363706721 0.997012599 -0.012955062 0.073794886 -0.018771212
41.383689010 0.997012361 -0.012940427 0.073804230 -0.018757187
41.403837301 0.997013112 -0.012947402 0.073790158 -0.018767858
41.423948681 0.997013027 -0.012955110 0.073792055 -0.018759569
41.444122565 0.997013036 -0.012945888 0.073799806 -0.018734954
41.464298708 0.997012644 -0.012937591 0.073804846 -0.018741678
41.484541876 0.997012127 -0.012948201 0.073807810 -0.018750176
41.504698928 0.997012366 -0.012945639 0.073806063 -0.018746114
41.524798152 0.997013281 -0.012945702 0.073789041 -0.018764434
41.545288506 0.997013489 -0.012953328 0.073785943 -0.018760300
41.565282668 0.997013372 -0.012968309 0.073784685 -0.018761107
41.585346415 0.997013173 -0.012974056 0.073786751 -0.018759594
41.605697135 0.997012664 -0.012995958 0.073788071 -0.018766300
41.625721383 0.997013134 -0.012996172 0.073783179 -0.018760425
41.645925939 0.997013966 -0.012988363 0.073777460 -0.018744070
41.666265652 0.997014545 -0.013001789 0.073763759 -0.018757876
41.686324253 0.997015006 -0.013005190 0.073759512 -0.018747718
41.706444150 0.997014988 -0.013000229 0.073763618 -0.018735979
41.726699573 0.997014968 -0.012978712 0.073764151 -0.018749870
41.746956216 0.997015847 -0.012990742 0.073751094 -0.018746116
41.767093188 0.997015172 -0.012983315 0.073755116 -0.018771341
41.787414644 0.997015243 -0.012996988 0.073752575 -0.018768104
41.807335697 0.997014700 -0.013000631 0.073758871 -0.018769664
41.827471907 0.997014982 -0.012979213 0.073756685 -0.018778092
41.847726490 0.997015436 -0.012984995 0.073749828 -0.018776949
41.867823084 0.997015483 -0.012989493 0.073753496 -0.018756884
41.888014480 0.997015563 -0.012979328 0.073747565 -0.018782980
41.908196818 0.997015611 -0.012989589 0.073747938 -0.018771902
41.928439573 0.997014975 -0.013010343 0.073754906 -0.018763921
41.948599064 0.997015304 -0.013019601 0.073746629 -0.018772550
41.968826143 0.997015411 -0.013034041 0.073739735 -0.018783907
41.988867903 0.997014867 -0.013029586 0.073745665 -0.018792605
42.009096168 0.997014617 -0.013031422 0.073747751 -0.018796384
42.029214693 0.997015084 -0.013024752 0.073745546 -0.018784898
42.049688585 0.997014963 -0.013002774 0.073751821 -0.018781901
42.069663381 0.997014352 -0.013007037 0.073753017 -0.018806680
42.089830085 0.997013376 -0.013023455 0.073763389 -0.018806386
42.110055935 0.997013440 -0.013028507 0.073762033 -0.018804800
42.130262218 0.997013898 -0.013033847 0.073753001 -0.018812239
42.150603576 0.997013339 -0.013045954 0.073756654 -0.018819142
42.170637684 0.997013341 -0.013051971 0.073752433 -0.018831447
42.190885323 0.997013177 -0.013064338 0.073749806 -0.018841826
42.210929714 0.997012724 -0.013066813 0.073749661 -0.018864651
42.230977658 0.997013045 -0.013067667 0.073746247 -0.018860412
42.251235787 0.997013216 -0.013040486 0.073743078 -0.018882557
42.271390277 0.997012925 -0.013070376 0.073744636 -0.018871191
42.291519566 0.997011910 -0.013079894 0.073752078 -0.018889105
42.311787873 0.997011158 -0.013101074 0.073752860 -0.018911079
42.332009073 0.997010994 -0.013094508 0.073762509 -0.018886607
42.352060540 0.997011097 -0.013090346 0.073759609 -0.018895404
42.372277962 0.997011111 -0.013083219 0.073757014 -0.018909695
42.392511597 0.997011510 -0.013092112 0.073752108 -0.018901621
42.412754555 0.997011512 -0.013097302 0.073750796 -0.018903038
42.432907968 0.997011140 -0.013092172 0.073759001 -0.018894203
42.452981273 0.997010756 -0.013087580 0.073765092 -0.018893892
42.473129927 0.997010709 -0.013100155 0.073768679 -0.018873607
42.493354683 0.997010939 -0.013087208 0.073769658 -0.018866656
42.513522802 0.997010858 -0.013087903 0.073770033 -0.018868983
42.533725111 0.997011679 -0.013064551 0.073768668 -0.018847092
42.553930495 0.997010786 -0.013086780 0.073778017 -0.018842317
42.574147168 0.997012138 -0.013089876 0.073758912 -0.018843402
42.594264027 0.997011933 -0.013095908 0.073760264 -0.018844802
42.614397153 0.997011357 -0.013104997 0.073764734 -0.018851432
42.634615117 0.997012611 -0.013088460 0.073748536 -0.018859961
42.654825364 0.997013151 -0.013091967 0.073741816 -0.018855261
42.674975140 0.997012729 -0.013081919 0.073753027 -0.018840695
42.695153240 0.997012375 -0.013074490 0.073758939 -0.018841438
42.715424928 0.997012673 -0.013052519 0.073754425 -0.018858586
42.735565487 0.997013770 -0.013064629 0.073741664 -0.018842083
42.755717404 0.997015215 -0.013064408 0.073730005 -0.018811382
42.775936693 0.997015115 -0.013044713 0.073736041 -0.018806694
42.796029004 0.997015852 -0.013040706 0.073725726 -0.018810831
42.816280392 0.997015776 -0.013015478 0.073733765 -0.018800827
42.836432405 0.997015909 -0.013014913 0.073731376 -0.018803567
42.856554784 0.997016313 -0.012996962 0.073727179 -0.018810974
42.876688001 0.997017455 -0.012997585 0.073715896 -0.018794224
42.896885817 0.997017904 -0.012981536 0.073717000 -0.018777170
42.917181515 0.997017973 -0.013016394 0.073710724 -0.018774009
42.937516373 0.997018925 -0.013026827 0.073693077 -0.018785531
42.957584197 0.997018402 -0.013039134 0.073693570 -0.018802805
42.977702564 0.997018421 -0.013028449 0.073694345 -0.018806142
42.997849995 0.997018811 -0.013009230 0.073697114 -0.018787918
43.017900928 0.997018976 -0.013020184 0.073692582 -0.018789359
43.038178941 0.997017098 -0.013035263 0.073711856 -0.018802918
43.058449172 0.997017398 -0.013036942 0.073708644 -0.018798464
43.078550635 0.997016640 -0.013044646 0.073715068 -0.018808099
43.098706331 0.997015986 -0.013029474 0.073723210 -0.018821392
43.118917684 0.997016327 -0.013039613 0.073722778 -0.018798010
43.139096888 0.997016820 -0.013017370 0.073719775 -0.018799053
43.159435670 0.997018124 -0.013046820 0.073703306 -0.018774041
43.179364109 0.997017475 -0.013044440 0.073712971 -0.018772207
43.199734988 0.997018060 -0.013038220 0.073706902 -0.018769287
43.219761817 0.997017114 -0.013047258 0.073723417 -0.018748358
43.239991862 0.997017722 -0.013039572 0.073718822 -0.018739429
43.260258414 0.997016190 -0.013034063 0.073738111 -0.018748910
43.280542191 0.997016983 -0.013023249 0.073732143 -0.018737706
43.300471476 0.997017945 -0.013034377 0.073719393 -0.018728928
43.320698828 0.997018376 -0.013010531 0.073717324 -0.018730753
43.340892394 0.997019594 -0.012995821 0.073704594 -0.018726198
43.361033367 0.997019911 -0.012972136 0.073704420 -0.018726406
43.381263558 0.997021534 -0.012981503 0.073681464 -0.018723880
43.401368244 0.997021376 -0.012983846 0.073684941 -0.018716945
43.421508188 0.997021553 -0.012991377 0.073690973 -0.018678507
43.441711030 0.997019999 -0.012972556 0.073711054 -0.018695319
43.461860661 0.997019089 -0.012968584 0.073723513 -0.018697472
43.482015277 0.997018977 -0.012973485 0.073721904 -0.018706373
43.502319856 0.997020329 -0.012960137 0.073704725 -0.018711283
43.522429483 0.997020548 -0.012954897 0.073701997 -0.018713972
43.542515916 0.997019497 -0.012957486 0.073712923 -0.018725150
43.562799875 0.997019354 -0.012955549 0.073714918 -0.018726236
43.583275401 0.997018925 -0.012950136 0.073722429 -0.018723263
43.603114685 0.997017746 -0.012967413 0.073730251 -0.018743266
43.623287355 0.997017797 -0.012970326 0.073729538 -0.018741379
43.643443579 0.997019236 -0.012959720 0.073715063 -0.018729085
43.663684673 0.997019590 -0.012969451 0.073711330 -0.018718194
43.683949177 0.997018448 -0.012979239 0.073719982 -0.018738164
43.703965346 0.997017851 -0.012988892 0.073725910 -0.018739899
43.724164080 0.997018285 -0.012971886 0.073728180 -0.018719648
43.744485814 0.997018147 -0.012969849 0.073730833 -0.018717940
43.764520168 0.997018063 -0.012962819 0.073734227 -0.018713952
43.784708657 0.997018170 -0.012950596 0.073733195 -0.018720735
43.804834504 0.997017914 -0.012947626 0.073738206 -0.018716725
43.825020774 0.997017524 -0.012961494 0.073742576 -0.018710665
43.845209623 0.997018601 -0.012956185 0.073732716 -0.018695794
43.865527384 0.997019502 -0.012943929 0.073724466 -0.018688785
43.885954088 0.997019796 -0.012949242 0.073719658 -0.018688400
43.905874566 0.997019987 -0.012954875 0.073716278 -0.018687616
43.925902728 0.997019364 -0.012946705 0.073726057 -0.018687938
43.946245760 0.997017435 -0.012970862 0.073743254 -0.018706262
43.966304369 0.997017816 -0.012968271 0.073736635 -0.018713817
43.986456691 0.997018174 -0.012970829 0.073732836 -0.018707965
44.006755001 0.997018528 -0.012966056 0.073728116 -0.018710978
44.026843769 0.997019835 -0.012938805 0.073716325 -0.018706645
44.047328715 0.997019511 -0.012939402 0.073714646 -0.018730104
44.067686200 0.997019270 -0.012958809 0.073712176 -0.018739249
44.087491744 0.997018689 -0.012960135 0.073720296 -0.018737329
44.107719576 0.997019474 -0.012964400 0.073701248 -0.018767475
44.127936907 0.997019625 -0.012978728 0.073700792 -0.018751339
44.147851300 0.997019506 -0.012978442 0.073701524 -0.018755002
44.168099771 0.997019487 -0.012941783 0.073707505 -0.018757856
44.188286713 0.997019643 -0.012932837 0.073704659 -0.018766906
44.208515315 0.997020146 -0.012932601 0.073698593 -0.018764137
44.228692252 0.997019021 -0.012918402 0.073712706 -0.018778256
44.248985749 0.997019229 -0.012910189 0.073712616 -0.018773210
44.269163685 0.997018867 -0.012903125 0.073715890 -0.018784440
44.289118547 0.997019664 -0.012914377 0.073712118 -0.018749176
44.309307812 0.997019421 -0.012884046 0.073717873 -0.018760371
44.329472556 0.997019341 -0.012890398 0.073717613 -0.018761233
44.349721947 0.997019974 -0.012890236 0.073706659 -0.018770759
44.369812656 0.997019495 -0.012882529 0.073714183 -0.018771971
44.390055335 0.997018967 -0.012887355 0.073717920 -0.018782029
44.410180849 0.997020427 -0.012888055 0.073700192 -0.018773599
44.430339148 0.997019685 -0.012907486 0.073704868 -0.018781317
44.450733565 0.997019247 -0.012912116 0.073706603 -0.018794532
44.470743329 0.997019413 -0.012930328 0.073700726 -0.018796257
44.490957388 0.997017453 -0.012962668 0.073718241 -0.018809270
44.511125857 0.997018645 -0.012974792 0.073705084 -0.018789300
44.531384312 0.997018495 -0.012971782 0.073706696 -0.018792982
44.551428017 0.997018643 -0.012960899 0.073706732 -0.018792482
44.571598147 0.997019503 -0.012928792 0.073699981 -0.018795468
44.591839363 0.997020055 -0.012897320 0.073693084 -0.018814840
44.611973709 0.997020868 -0.012896696 0.073679915 -0.018823747
44.632237417 0.997021148 -0.012894430 0.073676103 -0.018825421
44.652723503 0.997021845 -0.012908513 0.073667502 -0.018812523
44.672827192 0.997021291 -0.012903378 0.073670845 -0.018832299
44.692826339 0.997021207 -0.012898515 0.073666995 -0.018855083
44.713111292 0.997021903 -0.012901611 0.073661506 -0.018837593
44.733060436 0.997022387 -0.012901022 0.073654987 -0.018837909
44.753196421 0.997021357 -0.012894008 0.073671608 -0.018832242
44.773435854 0.997022020 -0.012900374 0.073659655 -0.018839537
44.793594590 0.997022451 -0.012904387 0.073657173 -0.018823631
44.813738534 0.997021022 -0.012893404 0.073676764 -0.018830188
44.833941291 0.997021675 -0.012891985 0.073663534 -0.018848343
44.854132953 0.997021099 -0.012913863 0.073665191 -0.018857343
44.874418294 0.997021103 -0.012918150 0.073669211 -0.018838515
44.894444962 0.997021458 -0.012913466 0.073666656 -0.018832890
44.914775791 0.997021411 -0.012903394 0.073667556 -0.018838760
44.934811418 0.997021530 -0.012911443 0.073673742 -0.018802720
44.954968892 0.997021265 -0.012917464 0.073676444 -0.018802053
44.975195221 0.997021132 -0.012919173 0.073675734 -0.018810753
44.995283829 0.997020286 -0.012946115 0.073677934 -0.018828411
45.015554287 0.997019871 -0.012936922 0.073689135 -0.018812885
45.035693733 0.997019002 -0.012942495 0.073699846 -0.018813116
45.056086155 0.997018783 -0.012950475 0.073698557 -0.018824285
45.076127485 0.997017678 -0.012951974 0.073710350 -0.018835593
45.096227758 0.997017617 -0.012968970 0.073709878 -0.018828985
45.116359505 0.997018283 -0.012971073 0.073695291 -0.018849369
45.136574861 0.997018271 -0.012980743 0.073690850 -0.018860692
45.156737830 0.997017063 -0.012990238 0.073703533 -0.018868486
45.176988855 0.997017901 -0.012996842 0.073692541 -0.018862578
45.197199850 0.997018406 -0.012990609 0.073684858 -0.018870166
45.217331938 0.997017419 -0.013001993 0.073694720 -0.018875959
45.237536089 0.997017638 -0.012994358 0.073693521 -0.018874327
45.257734663 0.997018995 -0.012998342 0.073677269 -0.018863351
45.277860068 0.997019340 -0.013002518 0.073672401 -0.018861269
45.298046732 0.997019826 -0.013009971 0.073659473 -0.018880936
45.318197048 0.997020201 -0.013015464 0.073651958 -0.018886670
45.338336692 0.997019826 -0.013035358 0.073656350 -0.018875609
45.358618171 0.997019818 -0.013024559 0.073657587 -0.018878652
45.378761170 0.997019671 -0.013014249 0.073659973 -0.018884185
45.399292123 0.997020288 -0.013014791 0.073653415 -0.018876817
45.419045789 0.997019830 -0.013016511 0.073655151 -0.018893042
45.439360976 0.997019759 -0.013003180 0.073659261 -0.018889977
45.459620801 0.997018015 -0.012993417 0.073679328 -0.018910466
45.479802636 0.997019410 -0.012980303 0.073664706 -0.018902864
45.499847896 0.997018961 -0.013010388 0.073664955 -0.018904906
45.519891165 0.997018939 -0.013015330 0.073663297 -0.018909111
45.540145482 0.997018612 -0.013009244 0.073670233 -0.018903519
45.560350196 0.997018885 -0.013018480 0.073667415 -0.018893734
45.580466545 0.997018118 -0.013013515 0.073677967 -0.018896533
45.600742349 0.997018143 -0.013034288 0.073671337 -0.018906727
45.620877839 0.997017937 -0.013017857 0.073679249 -0.018898094
45.641158108 0.997017002 -0.013033192 0.073687756 -0.018903639
45.661449183 0.997017493 -0.013034810 0.073685147 -0.018886790
45.681367273 0.997017765 -0.013066011 0.073680134 -0.018870414
45.701548615 0.997017043 -0.013078799 0.073686534 -0.018874719
45.721735058 0.997017092 -0.013105640 0.073678936 -0.018883187
45.741892920 0.997017344 -0.013102973 0.073673966 -0.018891136
45.762085271 0.997015474 -0.013125972 0.073686421 -0.018925269
45.782325558 0.997014894 -0.013108219 0.073698302 -0.018921815
45.802444647 0.997015408 -0.013118071 0.073690602 -0.018917934
45.822735132 0.997016502 -0.013133215 0.073673222 -0.018917461
45.842807069 0.997016679 -0.013138847 0.073666428 -0.018930637
45.863106642 0.997015842 -0.013152906 0.073673923 -0.018935785
45.883122987 0.997017107 -0.013145767 0.073658183 -0.018935407
45.903298362 0.997017520 -0.013146118 0.073653962 -0.018929831
45.923484829 0.997018933 -0.013125040 0.073644623 -0.018906349
45.943674485 0.997019078 -0.013103588 0.073637189 -0.018942516
45.963879313 0.997020478 -0.013118462 0.073619415 -0.018927620
45.984070473 0.997020153 -0.013124644 0.073624601 -0.018920274
46.004208629 0.997019756 -0.013119030 0.073633690 -0.018909723
46.024369146 0.997019840 -0.013115113 0.073631807 -0.018915311
46.044679237 0.997019462 -0.013140231 0.073633612 -0.018910810
46.064771976 0.997018951 -0.013147707 0.073639088 -0.018911223
46.085060491 0.997019370 -0.013154742 0.073639798 -0.018881441
46.105101070 0.997018514 -0.013139506 0.073651743 -0.018890660
46.125312413 0.997018323 -0.013139274 0.073655040 -0.018888019
46.145410601 0.997018623 -0.013151875 0.073643303 -0.018909201
46.165808661 0.997019156 -0.013139136 0.073637260 -0.018913485
46.185831206 0.997019326 -0.013147293 0.073636504 -0.018901812
46.205940811 0.997019556 -0.013142167 0.073637063 -0.018891036
46.226222567 0.997017909 -0.013172816 0.073651104 -0.018901851
46.246373950 0.997018191 -0.013196066 0.073642566 -0.018904037
46.266546952 0.997018001 -0.013182826 0.073644699 -0.018915022
46.286670450 0.997017206 -0.013183481 0.073650914 -0.018932230
46.306836405 0.997017268 -0.013179172 0.073651354 -0.018930263
46.327050191 0.997016826 -0.013187901 0.073656205 -0.018928587
46.347232377 0.997017883 -0.013180573 0.073649180 -0.018905330
46.367426511 0.997018711 -0.013163576 0.073638498 -0.018915101
46.387656746 0.997019702 -0.013157396 0.073627638 -0.018909461
46.407732812 0.997020228 -0.013152632 0.073620439 -0.018913044
46.427863123 0.997020001 -0.013117119 0.073632526 -0.018902623
46.448166645 0.997021212 -0.013102920 0.073616732 -0.018910114
46.468429205 0.997022351 -0.013072287 0.073604586 -0.018918544
46.488490124 0.997022222 -0.013072099 0.073608306 -0.018910998
46.508623640 0.997023963 -0.013060291 0.073592382 -0.018889363
46.528773955 0.997025398 -0.013059916 0.073577851 -0.018870446
46.549177745 0.997024817 -0.013056588 0.073580413 -0.018893439
46.569142870 0.997023097 -0.013056253 0.073603722 -0.018893666
46.589382448 0.997023571 -0.013039822 0.073601962 -0.018886828
46.609672828 0.997023826 -0.013051315 0.073600805 -0.018869944
46.629800374 0.997024056 -0.013065976 0.073592042 -0.018881803
46.649913835 0.997024237 -0.013052139 0.073592696 -0.018879281
46.670056637 0.997023852 -0.013051506 0.073600646 -0.018869076
46.690278604 0.997024036 -0.013045291 0.073597574 -0.018875649
46.710376766 0.997023898 -0.013047549 0.073597405 -0.018882028
46.730615616 0.997023822 -0.013056135 0.073596787 -0.018882504
46.750805039 0.997023362 -0.013057945 0.073602760 -0.018882264
46.770902910 0.997022579 -0.013087312 0.073608465 -0.018881037
46.791107349 0.997023745 -0.013086260 0.073590577 -0.018889912
46.811404222 0.997023884 -0.013068990 0.073591351 -0.018891501
46.831583915 0.997024111 -0.013073142 0.073588767 -0.018886721
46.851874285 0.997023656 -0.013073207 0.073592816 -0.018894896
46.871810722 0.997024281 -0.013072937 0.073586105 -0.018888283
46.891998608 0.997022705 -0.013079815 0.073606744 -0.018886253
46.912205163 0.997023020 -0.013074642 0.073604066 -0.018883684
46.932374906 0.997023260 -0.013077988 0.073597297 -0.018895070
46.952567218 0.997022791 -0.013060625 0.073603772 -0.018906608
46.972717239 0.997023020 -0.013053653 0.073601551 -0.018907982
46.992889588 0.997023432 -0.013036254 0.073600426 -0.018902638
47.013029762 0.997022442 -0.013035901 0.073614681 -0.018899586
47.033295795 0.997021656 -0.013031832 0.073624768 -0.018904546
47.053668419 0.997020946 -0.013013357 0.073634145 -0.018918219
47.073544310 0.997020975 -0.013007679 0.073633533 -0.018922955
47.093734617 0.997019664 -0.012998483 0.073652389 -0.018924957
47.113987576 0.997020275 -0.012995810 0.073643445 -0.018929449
47.134234557 0.997020294 -0.012992227 0.073640647 -0.018941770
47.154348328 0.997020790 -0.012997535 0.073630031 -0.018953278
47.174494524 0.997020600 -0.013009176 0.073630681 -0.018952753
47.194695064 0.997020348 -0.013006618 0.073635288 -0.018949894
47.214995282 0.997019061 -0.013017980 0.073649197 -0.018955734
47.235047589 0.997019796 -0.013000458 0.073641302 -0.018959797
47.255287165 0.997019531 -0.012989578 0.073647588 -0.018956737
47.275475849 0.997020517 -0.012972313 0.073637561 -0.018955681
47.295585243 0.997020157 -0.012976736 0.073640407 -0.018960497
47.315918173 0.997019509 -0.012977093 0.073648021 -0.018964760
47.335894266 0.997019031 -0.012970300 0.073655793 -0.018964378
47.356116101 0.997019591 -0.012974573 0.073643520 -0.018979669
47.376271780 0.997019047 -0.012976674 0.073654308 -0.018964945
47.396433801 0.997019013 -0.012964461 0.073662092 -0.018944812
47.416706664 0.997018403 -0.012990215 0.073663565 -0.018953540
47.436844402 0.997018090 -0.012994565 0.073665998 -0.018957599
47.457254788 0.997017010 -0.012983971 0.073677011 -0.018978840
47.477088078 0.997017505 -0.012986857 0.073667873 -0.018986314
47.497358174 0.997017647 -0.012993958 0.073667340 -0.018976056
47.517608978 0.997017151 -0.013008523 0.073670157 -0.018981205
47.537774643 0.997016656 -0.013024537 0.073672591 -0.018986800
47.557814620 0.997015894 -0.013024405 0.073682829 -0.018987194
47.578057786 0.997017021 -0.013020403 0.073669466 -0.018982597
47.598533318 0.997017027 -0.012998668 0.073671142 -0.018990682
47.618408451 0.997016961 -0.013013921 0.073666869 -0.019000261
47.638715737 0.997017125 -0.013003394 0.073667077 -0.018998047
47.658738528 0.997017284 -0.013005763 0.073662637 -0.019005285
47.678963626 0.997018242 -0.012990081 0.073655343 -0.018994051
47.699320838 0.997017814 -0.013000936 0.073664521 -0.018973476
47.719355561 0.997018792 -0.012990394 0.073651691 -0.018979087
47.739427338 0.997017597 -0.012980619 0.073663448 -0.019002949
47.759838403 0.997018636 -0.012963921 0.073656990 -0.018984818
47.780105203 0.997018430 -0.012940494 0.073663214 -0.018987503
47.800239372 0.997018065 -0.012963724 0.073662642 -0.018993034
47.820338896 0.997017412 -0.012980564 0.073664392 -0.019009020
47.840368355 0.997017270 -0.012978076 0.073667385 -0.019006563
47.860507490 0.997017136 -0.012982714 0.073668337 -0.019006738
47.880708683 0.997016895 -0.012975965 0.073672679 -0.019007151
47.900848568 0.997016533 -0.012952575 0.073680594 -0.019011435
47.920993411 0.997017205 -0.012936978 0.073674964 -0.019008585
47.941265179 0.997016417 -0.012943010 0.073687586 -0.018996900
47.961473413 0.997016144 -0.012939908 0.073696314 -0.018979497
47.981793658 0.997016258 -0.012952899 0.073693842 -0.018974244
48.002053554 0.997016578 -0.012943750 0.073683045 -0.019005549
48.022033893 0.997015520 -0.012954592 0.073695742 -0.019004459
48.042103789 0.997015122 -0.012950824 0.073702255 -0.019002632
48.062464484 0.997014177 -0.012967009 0.073712750 -0.019000484
48.082939953 0.997014181 -0.012959141 0.073713360 -0.019003286
48.102663405 0.997013336 -0.012983142 0.073715742 -0.019021970
48.122911143 0.997013122 -0.012978741 0.073720461 -0.019017911
48.143075259 0.997013053 -0.012960886 0.073723826 -0.019020663
48.163448976 0.997013045 -0.012948688 0.073723933 -0.019028938
48.183586786 0.997012157 -0.012960063 0.073730626 -0.019041830
48.203576838 0.997012625 -0.012947830 0.073723438 -0.019053463
48.223838774 0.997013451 -0.012940896 0.073710676 -0.019064287
48.243848030 0.997013834 -0.012943885 0.073704282 -0.019066955
48.264076438 0.997013457 -0.012941251 0.073708258 -0.019073120
48.284273000 0.997013109 -0.012948503 0.073712831 -0.019068723
48.304454719 0.997013209 -0.012958154 0.073710779 -0.019064867
48.324734210 0.997013756 -0.012952392 0.073711466 -0.019037475
48.344782210 0.997013991 -0.012950448 0.073705280 -0.019050427
48.365034501 0.997014163 -0.012955691 0.073704462 -0.019041013
48.385214514 0.997015195 -0.012933087 0.073694707 -0.019040114
48.405405931 0.997016291 -0.012937975 0.073682066 -0.019028324
48.425503959 0.997015509 -0.012923795 0.073690706 -0.019045480
48.445910049 0.997015407 -0.012936093 0.073694107 -0.019029286
48.465791989 0.997015611 -0.012929522 0.073692760 -0.019028286
48.486002107 0.997015562 -0.012926686 0.073687658 -0.019052530
48.506244315 0.997015108 -0.012923210 0.073694358 -0.019052746
48.526429975 0.997014871 -0.012936520 0.073692265 -0.019064197
48.546781889 0.997014402 -0.012962096 0.073689238 -0.019083021
48.567134096 0.997014405 -0.012947029 0.073694414 -0.019073123
48.586948437 0.997014731 -0.012942933 0.073695278 -0.019055513
48.607128007 0.997012947 -0.012935907 0.073717554 -0.019067453
48.627261750 0.997013147 -0.012938503 0.073714314 -0.019067771
48.647524877 0.997013455 -0.012944419 0.073710937 -0.019060679
48.667801447 0.997013799 -0.012927507 0.073710390 -0.019056298
48.687815673 0.997014310 -0.012910116 0.073710194 -0.019042104
48.708101736 0.997014552 -0.012921134 0.073705298 -0.019040927
48.728224708 0.997013825 -0.012908055 0.073715552 -0.019048165
48.748443277 0.997013873 -0.012906984 0.073710166 -0.019067199
48.768616721 0.997013827 -0.012900300 0.073711943 -0.019067251
48.788880851 0.997011600 -0.012895025 0.073741761 -0.019071997
48.808878312 0.997011721 -0.012890120 0.073745773 -0.019053460
48.829132970 0.997010616 -0.012893510 0.073758684 -0.019059014
48.849232184 0.997010694 -0.012893258 0.073756306 -0.019064311
48.869405612 0.997010187 -0.012894190 0.073762018 -0.019068064
48.889682237 0.997011374 -0.012883933 0.073746955 -0.019071198
48.909769449 0.997010458 -0.012884196 0.073753156 -0.019094926
48.929913831 0.997008798 -0.012884678 0.073774919 -0.019097179
48.950331780 0.997009097 -0.012887607 0.073776622 -0.019073000
48.970569409 0.997009598 -0.012874042 0.073768239 -0.019088413
48.990474079 0.997008611 -0.012890783 0.073771819 -0.019114801
49.010629977 0.997009022 -0.012877617 0.073766728 -0.019121876
49.030771972 0.997009087 -0.012872888 0.073767261 -0.019119615
49.050928216 0.997008869 -0.012888458 0.073769451 -0.019112059
49.071150822 0.997008883 -0.012886821 0.073765910 -0.019126078
49.091324985 0.997008504 -0.012873745 0.073768380 -0.019145138
49.111473877 0.997007874 -0.012849244 0.073781678 -0.019143160
49.131707087 0.997008747 -0.012839323 0.073771760 -0.019142569
49.152171419 0.997007651 -0.012858580 0.073781301 -0.019149964
49.172368461 0.997006785 -0.012852896 0.073794706 -0.019147196
49.192324124 0.997006591 -0.012859252 0.073799119 -0.019135994
49.212430243 0.997005954 -0.012858953 0.073806478 -0.019141035
49.232924417 0.997005788 -0.012863815 0.073804774 -0.019152952
49.252789300 0.997006325 -0.012861854 0.073804948 -0.019125658
49.272910869 0.997006314 -0.012865977 0.073806300 -0.019118211
49.293167896 0.997006783 -0.012893741 0.073800297 -0.019098214
49.313285062 0.997006757 -0.012880663 0.073801933 -0.019102081
49.333507562 0.997005642 -0.012863824 0.073818280 -0.019108481
49.353698023 0.997006664 -0.012890294 0.073806996 -0.019080847
49.373888225 0.997006488 -0.012898745 0.073808493 -0.019078557
49.394026223 0.997007730 -0.012882483 0.073797636 -0.019066651
49.414106993 0.997006580 -0.012869892 0.073810016 -0.019087329
49.434300686 0.997007259 -0.012880414 0.073801959 -0.019075918
49.454505934 0.997007131 -0.012881164 0.073803680 -0.019075456
49.474687104 0.997006273 -0.012882837 0.073813870 -0.019079773
49.494825403 0.997007006 -0.012879368 0.073807899 -0.019066873
49.515135813 0.997007031 -0.012875471 0.073805488 -0.019077553
49.535216092 0.997006258 -0.012873048 0.073811155 -0.019097627
49.555800523 0.997006123 -0.012899457 0.073811998 -0.019083621
49.575686333 0.997005491 -0.012903062 0.073817024 -0.019094711
49.595820579 0.997004986 -0.012904714 0.073823093 -0.019096525
49.616019247 0.997005091 -0.012909540 0.073820526 -0.019097689
49.636134217 0.997004731 -0.012909792 0.073827172 -0.019090607
49.656302725 0.997003901 -0.012902355 0.073841560 -0.019083385
49.676492354 0.997004357 -0.012899296 0.073837092 -0.019078880
49.696671315 0.997005003 -0.012911902 0.073825476 -0.019081558
49.716856909 0.997004944 -0.012932393 0.073824522 -0.019074449
49.737108586 0.997004938 -0.012941558 0.073815816 -0.019102201
49.757201503 0.997003020 -0.012945245 0.073839609 -0.019107848
49.777427600 0.997002782 -0.012955539 0.073839368 -0.019114237
49.797549384 0.997003454 -0.012961582 0.073826359 -0.019125344
49.817711318 0.997003255 -0.012947807 0.073831291 -0.019126001
49.837872588 0.997003593 -0.012942274 0.073830696 -0.019114414
49.858096990 0.997004539 -0.012938939 0.073823240 -0.019096117
49.878272046 0.997003923 -0.012946568 0.073830326 -0.019095725
49.898452197 0.997002723 -0.012965827 0.073842953 -0.019096490
49.918603823 0.997001704 -0.012965347 0.073849136 -0.019126064
49.938903382 0.997001653 -0.012977246 0.073844349 -0.019139163
49.959091495 0.997002759 -0.012970911 0.073829327 -0.019143773
49.979396182 0.997003308 -0.012981932 0.073824136 -0.019127727
49.999374402 0.997003058 -0.012982959 0.073829316 -0.019120058
50.019512267 0.997002890 -0.012976529 0.073834140 -0.019114554
50.039722218 0.997002816 -0.012970269 0.073839133 -0.019103374
50.059809253 0.997002392 -0.012964475 0.073851833 -0.019080355
50.080129477 0.997000970 -0.012979503 0.073863823 -0.019098027
50.100197147 0.997001921 -0.012971013 0.073855975 -0.019084496
50.120366579 0.997001856 -0.012962899 0.073854930 -0.019097442
50.140697099 0.997002838 -0.012944763 0.073849759 -0.019078453
50.160990768 0.997002704 -0.012937438 0.073851453 -0.019083835
50.181072483 0.997002773 -0.012944016 0.073846277 -0.019095818
50.201093276 0.997002688 -0.012946349 0.073845529 -0.019101549
50.221245331 0.997003004 -0.012945847 0.073839443 -0.019108968
50.241497200 0.997002767 -0.012959923 0.073839896 -0.019110004
50.261683230 0.997002451 -0.012965866 0.073845516 -0.019100759
50.281931816 0.997002714 -0.012966323 0.073841233 -0.019103290
50.302020447 0.997002291 -0.012965773 0.073846910 -0.019103793
50.322186809 0.997002686 -0.012961103 0.073842067 -0.019105056
50.342540562 0.997003365 -0.012984525 0.073835912 -0.019077470
50.362754541 0.997002520 -0.012988120 0.073846495 -0.019078215
50.382766786 0.997001269 -0.013003821 0.073857891 -0.019088786
50.402850542 0.997001586 -0.013009250 0.073850799 -0.019095974
50.423007720 0.997001118 -0.013019777 0.073860393 -0.019076130
50.443250353 0.997001434 -0.013000736 0.073860605 -0.019071760
50.463584082 0.997001654 -0.013026139 0.073852985 -0.019072435
50.483821442 0.997001578 -0.013027108 0.073855601 -0.019065629
50.503781970 0.997001655 -0.013047766 0.073850899 -0.019065678
50.523871322 0.997002053 -0.013062919 0.073848486 -0.019043859
50.544126377 0.997001277 -0.013078356 0.073856204 -0.019043911
50.564436044 0.997000597 -0.013097681 0.073862520 -0.019041771
50.584748820 0.997000688 -0.013102857 0.073858547 -0.019048826
50.604674678 0.997000492 -0.013109224 0.073854199 -0.019071544
50.624879353 0.997000388 -0.013111098 0.073854507 -0.019074490
50.644993994 0.996999898 -0.013127774 0.073859714 -0.019068494
50.665316995 0.997000287 -0.013120455 0.073854652 -0.019072791
50.685357093 0.997001170 -0.013114947 0.073849179 -0.019051605
50.705518838 0.997000698 -0.013118745 0.073854368 -0.019053593
50.725783901 0.997000563 -0.013117910 0.073855126 -0.019058285
50.745948158 0.997000407 -0.013128843 0.073857677 -0.019049041
50.766163107 0.997000693 -0.013141783 0.073850275 -0.019053821
50.786509492 0.997000794 -0.013159421 0.073852918 -0.019026089
50.806374542 0.997001239 -0.013152899 0.073849556 -0.019020338
50.826616817 0.997001405 -0.013146331 0.073843538 -0.019039554
50.846724792 0.997001485 -0.013153744 0.073840486 -0.019042080
50.867171740 0.997002453 -0.013141865 0.073831957 -0.019032658
50.887117889 0.997002764 -0.013132400 0.073828956 -0.019034523
50.907323653 0.997002624 -0.013128875 0.073832773 -0.019029509
50.927501131 0.997002375 -0.013141365 0.073832508 -0.019034948
50.947757568 0.997002195 -0.013158529 0.073829388 -0.019044619
50.968132063 0.997002811 -0.013144170 0.073825311 -0.019038115
50.987994429 0.997002068 -0.013147279 0.073836635 -0.019030933
51.008241856 0.997001998 -0.013150878 0.073834751 -0.019039414
51.028618869 0.997001826 -0.013151095 0.073832774 -0.019055956
51.048700389 0.997001477 -0.013173844 0.073838289 -0.019037130
51.068833680 0.997000355 -0.013167938 0.073854225 -0.019038129
51.088874482 0.996999705 -0.013174440 0.073855365 -0.019063236
51.109321460 0.997000005 -0.013179276 0.073858189 -0.019033233
51.129468664 0.996999402 -0.013198142 0.073865479 -0.019023451
51.149508023 0.997000602 -0.013177094 0.073849490 -0.019037252
51.169753188 0.996999662 -0.013187185 0.073859332 -0.019041302
51.190000364 0.997000260 -0.013185667 0.073854215 -0.019030890
51.209981083 0.996999791 -0.013198314 0.073859068 -0.019027873
51.230143562 0.997000369 -0.013185999 0.073852143 -0.019033013
51.250395618 0.996999443 -0.013224424 0.073858224 -0.019031230
51.270489680 0.996999248 -0.013221386 0.073857645 -0.019045820
51.290737949 0.996999586 -0.013208135 0.073847496 -0.019076621
51.310858712 0.996998493 -0.013214531 0.073856352 -0.019095025
51.331286093 0.997000196 -0.013202504 0.073845565 -0.019056094
51.351549773 0.997000345 -0.013215244 0.073840212 -0.019060254
51.371360065 0.997000189 -0.013222018 0.073841951 -0.019056957
51.391519269 0.997000789 -0.013215606 0.073837610 -0.019046835
51.411794237 0.997001878 -0.013218220 0.073827524 -0.019027115
51.431865201 0.997001720 -0.013223396 0.073819927 -0.019061239
51.452069889 0.997001999 -0.013244143 0.073818307 -0.019038496
51.472242801 0.997001590 -0.013244486 0.073821539 -0.019047138
51.492421721 0.997001853 -0.013261488 0.073812026 -0.019058421
51.512646322 0.997003007 -0.013267012 0.073795540 -0.019058053
51.532865699 0.997003563 -0.013254797 0.073789029 -0.019062683
51.552987061 0.997003053 -0.013271361 0.073797057 -0.019046711
51.573159294 0.997003706 -0.013272570 0.073787526 -0.019048648
51.593334110 0.997002189 -0.013287833 0.073794655 -0.019089749
51.613534019 0.997001205 -0.013310668 0.073802123 -0.019096339
51.633646768 0.997001659 -0.013314372 0.073801268 -0.019073361
51.654033797 0.997001394 -0.013315328 0.073802443 -0.019081966
51.673991914 0.997001707 -0.013308974 0.073795980 -0.019095064
51.694199053 0.997000998 -0.013330517 0.073800521 -0.019099468
51.714888930 0.997000496 -0.013335950 0.073807508 -0.019094882
51.734801724 0.996999720 -0.013335379 0.073816131 -0.019102471
51.754942354 0.997000432 -0.013347508 0.073806300 -0.019094832
51.774870571 0.997002151 -0.013347676 0.073781168 -0.019102107
51.795260811 0.997001043 -0.013346859 0.073795661 -0.019104515
51.815376134 0.997002231 -0.013335088 0.073785388 -0.019090409
51.835494034 0.997002313 -0.013338447 0.073782871 -0.019093509
51.855609017 0.997002396 -0.013330789 0.073784318 -0.019088909
51.875890057 0.997003351 -0.013344619 0.073773881 -0.019069706
51.896083462 0.997004098 -0.013352746 0.073759971 -0.019078770
51.916268872 0.997005147 -0.013332615 0.073749453 -0.019078691
51.936443254 0.997005201 -0.013335406 0.073745007 -0.019091113
51.956526857 0.997005060 -0.013339973 0.073743721 -0.019100251
51.976742333 0.997005017 -0.013346165 0.073743905 -0.019097438
51.996932205 0.997003757 -0.013352566 0.073756192 -0.019111287
52.016995832 0.997001914 -0.013361330 0.073783269 -0.019096803
52.037254647 0.997001360 -0.013356997 0.073793013 -0.019091117
52.057416917 0.997001270 -0.013350760 0.073788590 -0.019117248
52.077567023 0.997000598 -0.013359178 0.073791874 -0.019133732
52.097864258 0.997000609 -0.013373658 0.073790785 -0.019127235
52.118090123 0.997000087 -0.013375168 0.073797049 -0.019129234
52.138243315 0.997000947 -0.013381840 0.073789453 -0.019109044
52.158301657 0.997001151 -0.013383347 0.073788848 -0.019099647
52.178489133 0.997000355 -0.013367197 0.073805823 -0.019086910
52.198621836 0.997000949 -0.013359831 0.073798016 -0.019091220
52.218860633 0.997001575 -0.013372353 0.073793030 -0.019069047
52.238958829 0.997001497 -0.013370064 0.073794821 -0.019067789
52.259139389 0.997000031 -0.013370753 0.073810428 -0.019083537
52.279773971 0.996999569 -0.013381717 0.073810663 -0.019099069
52.299807071 0.997002673 -0.013355562 0.073780698 -0.019071112
52.319947830 0.997003795 -0.013335824 0.073767233 -0.019078345
52.339919258 0.997003330 -0.013320988 0.073768310 -0.019108845
52.360130478 0.997003397 -0.013312387 0.073769572 -0.019106454
52.380365099 0.997002577 -0.013312350 0.073784032 -0.019093433
52.400412588 0.997001184 -0.013320307 0.073800219 -0.019098044
52.420589456 0.997001490 -0.013320369 0.073798221 -0.019089777
52.440762419 0.997002485 -0.013329467 0.073785449 -0.019080823
52.460948400 0.997002050 -0.013316222 0.073792744 -0.019084564
52.481312740 0.997002813 -0.013301945 0.073788148 -0.019072444
52.501551473 0.997002714 -0.013267971 0.073792808 -0.019083253
52.521607095 0.997003651 -0.013256337 0.073780491 -0.019090033
52.541638021 0.997003724 -0.013258640 0.073780218 -0.019085648
52.561914947 0.997003119 -0.013274750 0.073788909 -0.019072481
52.582098928 0.997002702 -0.013278143 0.073784260 -0.019109862
52.602214632 0.997003224 -0.013278106 0.073781244 -0.019094273
52.622411383 0.997003848 -0.013272640 0.073778166 -0.019077352
52.642555510 0.997004932 -0.013269147 0.073761146 -0.019088954
52.662768285 0.997005768 -0.013261008 0.073748866 -0.019098422
52.683327885 0.997005044 -0.013254480 0.073765560 -0.019076262
52.703247140 0.997003667 -0.013252780 0.073777855 -0.019101851
52.723434746 0.997002881 -0.013248828 0.073786174 -0.019113442
52.743432008 0.997002569 -0.013262796 0.073789740 -0.019106278
52.763869482 0.997003702 -0.013264084 0.073778021 -0.019091518
52.783869514 0.997003450 -0.013268637 0.073777425 -0.019103818
52.804050201 0.997003551 -0.013265947 0.073776876 -0.019102542
52.824137143 0.997003455 -0.013274671 0.073782479 -0.019079842
52.844401774 0.997003340 -0.013258016 0.073787564 -0.019077758
52.864729830 0.997003015 -0.013266267 0.073788571 -0.019085114
52.884778520 0.997002042 -0.013268303 0.073799863 -0.019090853
52.905101586 0.997002424 -0.013250084 0.073796899 -0.019095024
52.925027146 0.997001895 -0.013247903 0.073804933 -0.019093085
52.945424687 0.997002505 -0.013211442 0.073802430 -0.019096181
52.965541180 0.997002203 -0.013218102 0.073803717 -0.019102384
52.985553813 0.997003486 -0.013229895 0.073788833 -0.019084750
53.005751247 0.997003394 -0.013218092 0.073794403 -0.019076150
53.025946188 0.997002611 -0.013220518 0.073803430 -0.019080472
53.046154144 0.997003008 -0.013223776 0.073795493 -0.019088185
53.066449483 0.997002632 -0.013216402 0.073806208 -0.019071520
53.086543205 0.997002007 -0.013232683 0.073808712 -0.019083186
53.106854051 0.997002572 -0.013229506 0.073798049 -0.019097095
53.127189136 0.997003704 -0.013232332 0.073782518 -0.019096084
53.146929240 0.997003463 -0.013230754 0.073784814 -0.019100866
53.167426480 0.997004304 -0.013222779 0.073772547 -0.019109888
53.187401340 0.997005169 -0.013217200 0.073763003 -0.019105451
53.207557439 0.997005913 -0.013223258 0.073760970 -0.019070267
53.227714225 0.997006080 -0.013215434 0.073760522 -0.019068661
53.247854805 0.997005003 -0.013227784 0.073767022 -0.019091246
53.268046926 0.997004773 -0.013237934 0.073765221 -0.019103181
53.288381056 0.997006331 -0.013231473 0.073744910 -0.019104790
53.308588293 0.997006196 -0.013233505 0.073747339 -0.019101007
53.328697127 0.997005936 -0.013233405 0.073748519 -0.019110127
53.348762181 0.997007482 -0.013205783 0.073736693 -0.019094207
53.368897874 0.997007480 -0.013236337 0.073736361 -0.019074416
53.389138463 0.997007880 -0.013220980 0.073728800 -0.019093374
53.409261490 0.997007461 -0.013224325 0.073728917 -0.019112474
53.429450548 0.997007996 -0.013203918 0.073723429 -0.019119826
53.449886889 0.997007923 -0.013198812 0.073727968 -0.019109676
53.469857411 0.997007445 -0.013218927 0.073732339 -0.019103832
53.490209735 0.997007266 -0.013207727 0.073738026 -0.019098980
53.510201436 0.997006612 -0.013212918 0.073746265 -0.019097733
53.530324631 0.997006771 -0.013214822 0.073743550 -0.019098600
53.550587330 0.997007143 -0.013209581 0.073743505 -0.019082950
53.570718421 0.997007749 -0.013195880 0.073735143 -0.019093086
53.590897334 0.997008107 -0.013194235 0.073730510 -0.019093422
53.611038944 0.997007087 -0.013207351 0.073743934 -0.019085777
53.631267238 0.997006171 -0.013207163 0.073756524 -0.019085093
53.651822574 0.997005686 -0.013201036 0.073759988 -0.019101280
53.671788962 0.997006298 -0.013219235 0.073749305 -0.019097997
53.691919091 0.997007916 -0.013217397 0.073728275 -0.019095980
53.711970877 0.997008062 -0.013212427 0.073727069 -0.019096466
53.732162743 0.997008114 -0.013210418 0.073730154 -0.019083235
53.752259992 0.997007413 -0.013233335 0.073732414 -0.019095269
53.772453552 0.997007526 -0.013235721 0.073730461 -0.019095228
53.792704828 0.997008597 -0.013225599 0.073718155 -0.019093850
53.812858225 0.997008862 -0.013214582 0.073714905 -0.019100189
53.833453602 0.997009946 -0.013217823 0.073698249 -0.019105615
53.853414693 0.997009728 -0.013211382 0.073699255 -0.019117583
53.873497636 0.997009827 -0.013209272 0.073701337 -0.019105842
53.893602616 0.997008399 -0.013202181 0.073717980 -0.019121019
53.913742011 0.997007809 -0.013184493 0.073726407 -0.019131521
53.934148630 0.997008515 -0.013190942 0.073716132 -0.019129858
53.954033400 0.997007165 -0.013207251 0.073731440 -0.019129996
53.974229188 0.997006239 -0.013213714 0.073746166 -0.019117018
53.994406731 0.997005998 -0.013204083 0.073750282 -0.019120373
54.014598099 0.997007069 -0.013199371 0.073740572 -0.019105201
54.034940388 0.997006495 -0.013188755 0.073743735 -0.019130269
54.055293445 0.997006079 -0.013188151 0.073747174 -0.019139104
54.075152514 0.997006460 -0.013172949 0.073741972 -0.019149783
54.095300338 0.997006590 -0.013171412 0.073742443 -0.019142256
54.115444266 0.997006580 -0.013174199 0.073746367 -0.019125745
54.135675684 0.997006868 -0.013186106 0.073739816 -0.019127758
54.155829124 0.997006892 -0.013191447 0.073737988 -0.019129856
54.176047431 0.997007151 -0.013187687 0.073734584 -0.019132096
54.196209130 0.997006748 -0.013188059 0.073737222 -0.019142655
54.216419970 0.997007299 -0.013169533 0.073737023 -0.019127482
54.236980516 0.997007459 -0.013165470 0.073738004 -0.019118148
54.256834305 0.997006983 -0.013177178 0.073740395 -0.019125681
54.277106252 0.997005665 -0.013197489 0.073751856 -0.019136184
54.297141167 0.997006300 -0.013191131 0.073742766 -0.019142515
54.317292762 0.997004986 -0.013210671 0.073755575 -0.019148155
54.337476749 0.997004924 -0.013203374 0.073758120 -0.019146576
54.357677574 0.997004069 -0.013215225 0.073767746 -0.019145874
54.377789647 0.997003744 -0.013195812 0.073775703 -0.019145489
54.397958167 0.997004486 -0.013175505 0.073771367 -0.019137572
54.418191824 0.997004076 -0.013182152 0.073773307 -0.019146847
54.438504004 0.997003146 -0.013199116 0.073775669 -0.019174501
54.458805023 0.997003817 -0.013207621 0.073767540 -0.019165008
54.478955047 0.997003602 -0.013222008 0.073768955 -0.019160836
54.498855361 0.997002742 -0.013214114 0.073782002 -0.019160778
54.519052279 0.997002690 -0.013220988 0.073779684 -0.019167655
54.539250300 0.997002272 -0.013227103 0.073780871 -0.019180638
54.559373643 0.997003438 -0.013227423 0.073767597 -0.019170863
54.579738112 0.997003441 -0.013231925 0.073765109 -0.019177180
54.599815323 0.997004227 -0.013218182 0.073759530 -0.019167228
54.619872097 0.997004914 -0.013197115 0.073752153 -0.019174405
54.640065032 0.997005145 -0.013196750 0.073748538 -0.019176546
54.660310054 0.997004833 -0.013197957 0.073754316 -0.019169706
54.680413379 0.997004223 -0.013204215 0.073758797 -0.019179855
54.700634480 0.997003321 -0.013207274 0.073767682 -0.019190481
54.720838112 0.997002092 -0.013193376 0.073783167 -0.019204387
54.741027913 0.997002580 -0.013190553 0.073781044 -0.019189099
54.761460322 0.997002387 -0.013195144 0.073783776 -0.019185493
54.781418532 0.997001523 -0.013209436 0.073790924 -0.019193078
54.801583148 0.997002447 -0.013201737 0.073778760 -0.019197094
54.821720895 0.997002202 -0.013202513 0.073780275 -0.019203469
54.841889685 0.997002219 -0.013204354 0.073781529 -0.019196542
54.862020585 0.997003053 -0.013193444 0.073774388 -0.019188133
54.882266175 0.997003911 -0.013175659 0.073766304 -0.019186866
54.902390882 0.997002978 -0.013164961 0.073777741 -0.019198715
54.922582150 0.997002193 -0.013175933 0.073784689 -0.019205254
54.943027935 0.997001401 -0.013186346 0.073790063 -0.019218557
54.963013486 0.997001710 -0.013192881 0.073789707 -0.019199413
54.983191801 0.997002501 -0.013186858 0.073781991 -0.019192120
55.003405372 0.997002539 -0.013182930 0.073777469 -0.019210215
55.023567443 0.997002688 -0.013184993 0.073774502 -0.019212470
55.043743014 0.997003190 -0.013162614 0.073775465 -0.019198044
55.063978099 0.997003438 -0.013154072 0.073773921 -0.019196966
55.084423866 0.997003721 -0.013162943 0.073763000 -0.019218122
55.104407334 0.997003072 -0.013197159 0.073763270 -0.019227333
55.124446673 0.997003507 -0.013204246 0.073760584 -0.019210203
55.144554954 0.997003745 -0.013204528 0.073760809 -0.019196767
55.164743520 0.997003164 -0.013213509 0.073757707 -0.019232661
55.184878616 0.997002447 -0.013221368 0.073764121 -0.019239811
55.205062078 0.997002760 -0.013217544 0.073769035 -0.019207365
55.225207672 0.997002751 -0.013232614 0.073765370 -0.019211537
55.245412574 0.997002333 -0.013234154 0.073771450 -0.019208814
55.265707174 0.997001768 -0.013220522 0.073780978 -0.019210940
55.286231559 0.997001093 -0.013208167 0.073792923 -0.019208585
55.306056904 0.997001970 -0.013218272 0.073778142 -0.019212907
55.326121701 0.997002753 -0.013218216 0.073771075 -0.019199401
55.346241600 0.997002157 -0.013204739 0.073779725 -0.019206413
55.366757542 0.997002470 -0.013204637 0.073777056 -0.019200489
55.386672707 0.997002825 -0.013186142 0.073774627 -0.019204075
55.406941001 0.997003462 -0.013205292 0.073766039 -0.019190865
55.427027525 0.997003837 -0.013197594 0.073763039 -0.019188182
55.447323992 0.997004069 -0.013204020 0.073758643 -0.019188606
55.467356791 0.997004882 -0.013193494 0.073749885 -0.019187270
55.487502001 0.997004575 -0.013168733 0.073760431 -0.019179669
55.507743243 0.997004094 -0.013187876 0.073765269 -0.019172955
55.527837596 0.997003513 -0.013200458 0.073772941 -0.019164991
55.548178618 0.997003735 -0.013208289 0.073768985 -0.019163236
55.568485068 0.997003212 -0.013217248 0.073767506 -0.019189986
55.588455157 0.997003242 -0.013222002 0.073770605 -0.019173224
55.608582635 0.997003294 -0.013228035 0.073768993 -0.019172533
55.628764453 0.997003231 -0.013226698 0.073766909 -0.019184758
55.649041551 0.997003731 -0.013219967 0.073759791 -0.019190785
55.669153003 0.997003494 -0.013244206 0.073761639 -0.019179254
55.689321161 0.997001385 -0.013246253 0.073784474 -0.019199646
55.709495409 0.997001364 -0.013244967 0.073785786 -0.019196599
55.729871323 0.997001519 -0.013248997 0.073783525 -0.019194440
55.749859381 0.997001558 -0.013281471 0.073778802 -0.019188129
55.770013727 0.997001976 -0.013299265 0.073768215 -0.019194789
55.790224707 0.997002157 -0.013300730 0.073769233 -0.019180446
55.810512437 0.997001405 -0.013291760 0.073778931 -0.019188468
55.830640390 0.997002295 -0.013275191 0.073772010 -0.019180295
55.850833160 0.997002898 -0.013285291 0.073769531 -0.019151443
55.870923022 0.997001869 -0.013313684 0.073777461 -0.019154797
55.891091506 0.997002911 -0.013327495 0.073765265 -0.019137874
55.911269771 0.997002610 -0.013320805 0.073769396 -0.019142285
55.931444755 0.997003648 -0.013289323 0.073758942 -0.019150409
55.951736228 0.997004262 -0.013283600 0.073750348 -0.019155532
55.971763766 0.997004335 -0.013276366 0.073753437 -0.019144827
55.992049103 0.997003463 -0.013262892 0.073757932 -0.019182243
56.012196927 0.997003635 -0.013294376 0.073756499 -0.019156971
56.032308968 0.997002633 -0.013280333 0.073772253 -0.019158217
56.052628708 0.997002934 -0.013292484 0.073760169 -0.019180653
56.072782779 0.997003974 -0.013273077 0.073746187 -0.019193760
56.093023669 0.997004221 -0.013299290 0.073739338 -0.019189109
56.113052116 0.997005317 -0.013287875 0.073726705 -0.019188624
56.133335322 0.997005512 -0.013282276 0.073727704 -0.019178531
56.153413219 0.997005142 -0.013282857 0.073731736 -0.019181835
56.173692089 0.997005188 -0.013301414 0.073726621 -0.019186266
56.193776977 0.997006483 -0.013313323 0.073708030 -0.019182119
56.213890954 0.997005868 -0.013315087 0.073714686 -0.019187318
56.234190661 0.997004885 -0.013322394 0.073729420 -0.019176724
56.254272261 0.997004812 -0.013311649 0.073735393 -0.019165007
56.274502293 0.997004512 -0.013307471 0.073738627 -0.019171030
56.294616277 0.997005438 -0.013305566 0.073725558 -0.019174458
56.314789362 0.997005030 -0.013310106 0.073730512 -0.019173510
56.334937121 0.997004953 -0.013302504 0.073731337 -0.019179620
56.355171364 0.997005410 -0.013287702 0.073724611 -0.019191970
56.375359526 0.997005462 -0.013278554 0.073725450 -0.019192369
56.395502635 0.997005183 -0.013261981 0.073728603 -0.019206201
56.416076698 0.997005292 -0.013270485 0.073727283 -0.019199736
56.436158192 0.997004901 -0.013295629 0.073728463 -0.019198107
56.456200199 0.997004720 -0.013283263 0.073730798 -0.019207109
56.476394661 0.997005847 -0.013253955 0.073721570 -0.019204286
56.496553729 0.997005497 -0.013257059 0.073725414 -0.019205554
56.516729429 0.997005444 -0.013268628 0.073721388 -0.019215756
56.536716871 0.997006433 -0.013267706 0.073703249 -0.019234642
56.556915877 0.997005239 -0.013275480 0.073715031 -0.019246022
56.577091873 0.997004514 -0.013247807 0.073729506 -0.019247173
56.597335636 0.997005771 -0.013256744 0.073709341 -0.019253169
56.617526660 0.997005680 -0.013260352 0.073713448 -0.019239646
56.637679895 0.997006121 -0.013264754 0.073709487 -0.019228932
56.657918072 0.997006799 -0.013259924 0.073703255 -0.019221000
56.677988988 0.997007014 -0.013246378 0.073707252 -0.019203861
56.698157901 0.997006512 -0.013252245 0.073711838 -0.019208277
56.718593880 0.997006013 -0.013250124 0.073717566 -0.019213658
56.738775347 0.997006332 -0.013230826 0.073712961 -0.019228085
56.758878486 0.997007819 -0.013224868 0.073700185 -0.019204002
56.778908036 0.997008693 -0.013217945 0.073686830 -0.019214635
56.799069797 0.997009304 -0.013217208 0.073680069 -0.019209369
56.819235338 0.997008412 -0.013236626 0.073688202 -0.019211099
56.839400503 0.997008371 -0.013233444 0.073690395 -0.019207033
56.859636914 0.997007715 -0.013223741 0.073697823 -0.019219247
56.880004193 0.997007942 -0.013213800 0.073703599 -0.019192153
56.899999548 0.997007127 -0.013199993 0.073720481 -0.019179164
56.920202813 0.997006723 -0.013191645 0.073727003 -0.019180819
56.940311054 0.997007654 -0.013183993 0.073717331 -0.019174887
56.960599368 0.997007413 -0.013173723 0.073715596 -0.019201083
56.980801704 0.997008789 -0.013174715 0.073699805 -0.019189596
57.000921213 0.997009199 -0.013173487 0.073693899 -0.019191795
57.021000075 0.997008835 -0.013178238 0.073700199 -0.019183278
57.041342003 0.997009047 -0.013159679 0.073703357 -0.019172827
57.061529029 0.997009794 -0.013173050 0.073691111 -0.019171894
57.081847953 0.997010303 -0.013173279 0.073685856 -0.019165453
57.101759039 0.997010155 -0.013174079 0.073687354 -0.019166869
57.121874844 0.997009330 -0.013158445 0.073701063 -0.019167791
57.142112524 0.997009065 -0.013141586 0.073710319 -0.019157571
57.162356088 0.997009647 -0.013137697 0.073702166 -0.019161308
57.182611875 0.997009684 -0.013136255 0.073699140 -0.019172019
57.202656086 0.997009863 -0.013126417 0.073706182 -0.019142327
57.222801704 0.997010336 -0.013132516 0.073701048 -0.019133263
57.242925642 0.997009040 -0.013147841 0.073709790 -0.019156583
57.263304029 0.997009598 -0.013147126 0.073700625 -0.019163305
57.283484761 0.997009739 -0.013132204 0.073705165 -0.019148763
57.303500421 0.997007920 -0.013153453 0.073728092 -0.019140612
57.323697640 0.997007111 -0.013138801 0.073739870 -0.019147445
57.344040091 0.997006570 -0.013148833 0.073745395 -0.019147457
57.364220048 0.997006150 -0.013138127 0.073750995 -0.019155065
57.384414267 0.997006410 -0.013130659 0.073748036 -0.019158078
57.404344526 0.997006330 -0.013114878 0.073749860 -0.019166019
57.424582149 0.997006935 -0.013115030 0.073742632 -0.019162235
57.444782612 0.997005839 -0.013117106 0.073758132 -0.019158211
57.464930213 0.997006548 -0.013079902 0.073751880 -0.019170825
57.485066057 0.997007466 -0.013071266 0.073739992 -0.019174654
57.505527797 0.997007292 -0.013068630 0.073747231 -0.019157673
57.525563357 0.997007776 -0.013054621 0.073740392 -0.019168343
57.545743795 0.997007067 -0.013046605 0.073749611 -0.019175205
57.566308902 0.997007019 -0.013035964 0.073751623 -0.019177236
57.586095812 0.997006954 -0.013038236 0.073753031 -0.019173620
57.606274716 0.997006866 -0.013014525 0.073760129 -0.019166999
57.626425191 0.997006367 -0.013018820 0.073770448 -0.019150327
57.646556841 0.997006317 -0.013039885 0.073765923 -0.019156024
57.667267069 0.997005985 -0.013057215 0.073763460 -0.019171016
57.686962500 0.997006149 -0.013057450 0.073765851 -0.019153083
57.707110682 0.997006798 -0.013036280 0.073762930 -0.019144984
57.727326042 0.997005724 -0.013039083 0.073779914 -0.019133536
57.747453069 0.997006058 -0.013041390 0.073776215 -0.019128843
57.767707115 0.997005032 -0.013046283 0.073790310 -0.019124635
57.787801153 0.997005686 -0.013044573 0.073783244 -0.019118943
57.807978019 0.997005274 -0.013049090 0.073781775 -0.019143008
57.828104148 0.997005636 -0.013048778 0.073778868 -0.019135540
57.848313179 0.997005618 -0.013051331 0.073781222 -0.019125688
57.868489048 0.997005043 -0.013050586 0.073788865 -0.019126702
57.888651146 0.997005879 -0.013079435 0.073778586 -0.019103031
57.908854856 0.997006215 -0.013063575 0.073777521 -0.019100458
57.928999620 0.997005617 -0.013057747 0.073781951 -0.019118524
57.949569679 0.997005797 -0.013075085 0.073774155 -0.019127395
57.969413004 0.997005107 -0.013076741 0.073784665 -0.019121706
57.989516291 0.997004840 -0.013097695 0.073783971 -0.019123965
58.009678784 0.997004819 -0.013101551 0.073779169 -0.019140888
58.029870577 0.997004564 -0.013103854 0.073784131 -0.019133488
58.050223050 0.997004043 -0.013119315 0.073784651 -0.019148044
58.070211958 0.997004416 -0.013095469 0.073783237 -0.019150397
58.090399943 0.997003720 -0.013121391 0.073788505 -0.019148576
58.110609021 0.997003650 -0.013115293 0.073785997 -0.019166054
58.130756080 0.997004105 -0.013101553 0.073783461 -0.019161526
58.151002012 0.997003069 -0.013121375 0.073792608 -0.019166665
58.171230579 0.997003095 -0.013114033 0.073793777 -0.019165853
58.191350999 0.997003270 -0.013104010 0.073788929 -0.019182246
58.211497002 0.997003154 -0.013099304 0.073793427 -0.019174160
58.231632717 0.997004097 -0.013090853 0.073784705 -0.019164478
58.251844154 0.997003800 -0.013074653 0.073788318 -0.019177063
58.272014106 0.997003789 -0.013076252 0.073786121 -0.019185020
58.292181456 0.997003414 -0.013070224 0.073790865 -0.019190346
58.312354721 0.997001716 -0.013060081 0.073815056 -0.019192463
58.332777320 0.997000682 -0.013069570 0.073827070 -0.019193476
58.352871140 0.997000229 -0.013076785 0.073835582 -0.019179360
58.373164864 0.997001119 -0.013065602 0.073826544 -0.019175501
58.393234103 0.997000630 -0.013068751 0.073834313 -0.019168859
58.413274561 0.997000657 -0.013076257 0.073830981 -0.019175208
58.433717952 0.996999879 -0.013061048 0.073841183 -0.019186706
58.453591867 0.997000644 -0.013068210 0.073831291 -0.019180163
58.473741717 0.997000212 -0.013075902 0.073833305 -0.019189609
58.493965815 0.997000296 -0.013074433 0.073834442 -0.019181885
58.514284594 0.996999621 -0.013103829 0.073837692 -0.019184370
58.534300245 0.996998561 -0.013107441 0.073845072 -0.019208580
58.554483610 0.996998844 -0.013094952 0.073841504 -0.019216140
58.574629649 0.996998942 -0.013097903 0.073841717 -0.019208200
58.594904242 0.996999332 -0.013088277 0.073838621 -0.019206454
58.615029387 0.997000368 -0.013092952 0.073829476 -0.019184611
58.635269592 0.997000543 -0.013105063 0.073825216 -0.019183645
58.655812939 0.997000223 -0.013119099 0.073828001 -0.019179951
58.675681091 0.997000394 -0.013084899 0.073834470 -0.019169544
58.695795414 0.997000059 -0.013069164 0.073843375 -0.019163376
58.715863454 0.997000758 -0.013070709 0.073832855 -0.019166484
58.736084420 0.997001099 -0.013063732 0.073833822 -0.019149809
58.756299562 0.997001538 -0.013073863 0.073825242 -0.019153095
58.776465057 0.997001111 -0.013062219 0.073831345 -0.019159756
58.796744608 0.997001607 -0.013055229 0.073826611 -0.019156921
58.816924736 0.997002290 -0.013061323 0.073817517 -0.019152258
58.837060629 0.997001751 -0.013068272 0.073824211 -0.019149779
58.857620027 0.997003232 -0.013056840 0.073810162 -0.019134649
58.877323868 0.997003391 -0.013032095 0.073814627 -0.019125974
58.897610871 0.997003139 -0.013039297 0.073819597 -0.019115015
58.917714107 0.997002926 -0.013030685 0.073819837 -0.019131098
58.937830421 0.997003215 -0.013026400 0.073818224 -0.019125154
58.957991832 0.997003621 -0.013018820 0.073815161 -0.019120968
58.978262490 0.997004266 -0.013001882 0.073809877 -0.019119282
58.998421839 0.997003842 -0.013009407 0.073812675 -0.019125480
59.018576121 0.997003930 -0.013007443 0.073811901 -0.019125222
59.038774585 0.997004538 -0.013000354 0.073808563 -0.019111180
59.059005816 0.997004254 -0.013007152 0.073808284 -0.019122490
59.079540646 0.997003875 -0.013013635 0.073810883 -0.019127792
59.099454387 0.997003857 -0.013027097 0.073810458 -0.019121182
59.119612037 0.997003277 -0.013010269 0.073824122 -0.019110167
59.139697724 0.997002789 -0.013009827 0.073830344 -0.019111845
59.159876195 0.997002446 -0.013019982 0.073834823 -0.019105562
59.180080656 0.997002483 -0.013018814 0.073833709 -0.019108702
59.200216228 0.997002200 -0.012984779 0.073839519 -0.019124192
59.220429456 0.997003015 -0.012958945 0.073831900 -0.019128646
59.240933180 0.997001348 -0.012949632 0.073855174 -0.019131958
59.260706102 0.997000994 -0.012951551 0.073860560 -0.019128350
59.281115556 0.997002704 -0.012960013 0.073838626 -0.019118128
59.301322934 0.997003364 -0.012954938 0.073829763 -0.019121411
59.321281400 0.997003361 -0.012957366 0.073831857 -0.019111806
59.341414193 0.997004437 -0.012951893 0.073819945 -0.019105418
59.361630162 0.997003943 -0.012946326 0.073822192 -0.019126258
59.381837626 0.997003762 -0.012944418 0.073823668 -0.019131302
59.401934267 0.997003494 -0.012951629 0.073825556 -0.019133120
59.422117897 0.997002169 -0.012962890 0.073836962 -0.019150475
59.442346879 0.997001907 -0.012953802 0.073836517 -0.019171971
59.462694023 0.997001090 -0.012952161 0.073845547 -0.019180821
59.482763388 0.997000664 -0.012961181 0.073847642 -0.019188802
59.502887807 0.997000138 -0.012990001 0.073847128 -0.019198609
59.522969037 0.997000429 -0.012987459 0.073841603 -0.019206482
59.543168789 0.997000664 -0.012980822 0.073834265 -0.019226969
59.563504456 0.997000825 -0.012968758 0.073832507 -0.019233482
59.583628915 0.997000530 -0.012959679 0.073842744 -0.019215577
59.603726634 0.997000711 -0.012949260 0.073840832 -0.019220583
59.624140322 0.997000413 -0.012927901 0.073851002 -0.019211353
59.644250907 0.996999871 -0.012935456 0.073852183 -0.019229812
59.664682244 0.997000933 -0.012930026 0.073841431 -0.019219697
59.684529463 0.997000821 -0.012926224 0.073838098 -0.019240850
59.704587981 0.997000048 -0.012926862 0.073850456 -0.019233046
59.724775832 0.997000651 -0.012922806 0.073846518 -0.019219670
