0.000000000 0.996975941 -0.012924724 0.073923669 -0.020179569
0.020150382 0.996975519 -0.012942390 0.073929831 -0.020166543
0.040416190 0.996976119 -0.012933205 0.073921550 -0.020173104
0.060503251 0.996976455 -0.012941198 0.073909250 -0.020196454
0.080666009 0.996976684 -0.012950282 0.073910179 -0.020175908
0.100879425 0.996977444 -0.012941415 0.073900375 -0.020179951
0.121129064 0.996977072 -0.012951204 0.073902594 -0.020183900
0.141166895 0.996976221 -0.012962903 0.073909977 -0.020191422
0.161362053 0.996975896 -0.012963121 0.073908944 -0.020211096
0.181526466 0.996974972 -0.012974936 0.073919245 -0.020211423
0.201626974 0.996974695 -0.012973660 0.073920621 -0.020220857
0.221979904 0.996973993 -0.012982643 0.073928939 -0.020219282
0.242224683 0.996974133 -0.012978586 0.073926526 -0.020223849
0.262138753 0.996974638 -0.012985165 0.073921746 -0.020212161
0.282381169 0.996973968 -0.012981985 0.073926600 -0.020229494
0.302544579 0.996974065 -0.012978828 0.073929492 -0.020216181
0.322681966 0.996974430 -0.012983403 0.073921628 -0.020223976
0.342915705 0.996974023 -0.012998448 0.073926823 -0.020215420
0.363676466 0.996973994 -0.013009689 0.073921717 -0.020228251
0.383259398 0.996974717 -0.012986948 0.073918657 -0.020218453
0.403396056 0.996973589 -0.012994040 0.073929454 -0.020230017
0.423632333 0.996973171 -0.012993715 0.073933238 -0.020237006
0.443796208 0.996972807 -0.013001705 0.073932337 -0.020253084
0.463907887 0.996972484 -0.013006758 0.073934615 -0.020257426
0.484137279 0.996972983 -0.013008745 0.073926497 -0.020261205
0.504349841 0.996972559 -0.013006434 0.073934029 -0.020256063
0.524479106 0.996972645 -0.012992462 0.073931364 -0.020270532
0.544773685 0.996972666 -0.012986992 0.073936950 -0.020252619
0.564903033 0.996974623 -0.013005437 0.073915563 -0.020222492
0.585155943 0.996975425 -0.013009109 0.073905871 -0.020216033
0.605531998 0.996974398 -0.013014015 0.073921008 -0.020208157
0.625566226 0.996975167 -0.013017016 0.073911700 -0.020202319
0.645569258 0.996974108 -0.012994155 0.073929072 -0.020205734
0.665752424 0.996974061 -0.012995493 0.073928102 -0.020210738
0.686007084 0.996974209 -0.012990344 0.073922065 -0.020228853
0.706191063 0.996974169 -0.013008554 0.073916257 -0.020240308
0.726420476 0.996973789 -0.013008897 0.073924854 -0.020227412
0.746664495 0.996973324 -0.012998986 0.073930099 -0.020237556
0.766623245 0.996973563 -0.013013008 0.073928417 -0.020222882
0.786922575 0.996974669 -0.013005133 0.073917757 -0.020212421
0.807017694 0.996974810 -0.012994629 0.073920091 -0.020203678
0.827223942 0.996974215 -0.012995882 0.073923898 -0.020218269
0.847330265 0.996973431 -0.013018012 0.073929717 -0.020221439
0.867529927 0.996973071 -0.013032947 0.073932786 -0.020218362
0.887704024 0.996973703 -0.013025013 0.073927615 -0.020211212
0.908025505 0.996973860 -0.013036211 0.073921550 -0.020218416
0.927999894 0.996974698 -0.013025013 0.073909670 -0.020227727
0.948238841 0.996976213 -0.012998772 0.073897218 -0.020215446
0.968414511 0.996976217 -0.012992240 0.073896632 -0.020221556
0.988592939 0.996975997 -0.012994087 0.073899044 -0.020222425
1.009242966 0.996975276 -0.012978603 0.073906449 -0.020240837
1.029017837 0.996974348 -0.012994573 0.073914097 -0.020248399
1.049114058 0.996974527 -0.012977653 0.073917258 -0.020238852
1.069228565 0.996973856 -0.012963024 0.073929874 -0.020235208
1.089637368 0.996973451 -0.012966102 0.073933895 -0.020238500
1.109663958 0.996972944 -0.012976494 0.073935761 -0.020249984
1.129846518 0.996972524 -0.012990086 0.073939176 -0.020249498
1.150047301 0.996971544 -0.012988907 0.073949263 -0.020261644
1.170296968 0.996971674 -0.012989647 0.073944316 -0.020272828
1.190499154 0.996972157 -0.012992916 0.073935316 -0.020279818
1.210505150 0.996971691 -0.012994062 0.073943978 -0.020270435
1.230714264 0.996971541 -0.012994803 0.073946532 -0.020268004
1.250967188 0.996973131 -0.012996942 0.073925481 -0.020265228
1.271050382 0.996972928 -0.013004573 0.073921750 -0.020283926
1.291790386 0.996972271 -0.013000837 0.073928271 -0.020294808
1.311370878 0.996972722 -0.012975004 0.073930592 -0.020280746
1.331665838 0.996972864 -0.012978527 0.073929173 -0.020276689
1.351805037 0.996973399 -0.012982976 0.073916097 -0.020295185
1.372043346 0.996974252 -0.012988453 0.073906236 -0.020285701
1.392570243 0.996973870 -0.012963348 0.073905797 -0.020322107
1.412258002 0.996974053 -0.012961889 0.073904070 -0.020320338
1.432425992 0.996973881 -0.012959639 0.073902889 -0.020334503
1.452639260 0.996974776 -0.012947531 0.073896434 -0.020321797
1.472915154 0.996974797 -0.012943069 0.073897594 -0.020319355
1.493126706 0.996974365 -0.012975929 0.073894706 -0.020330132
1.513180346 0.996973332 -0.012972901 0.073908089 -0.020334066
1.533329012 0.996973475 -0.012985495 0.073902259 -0.020340206
1.553531759 0.996974002 -0.012989596 0.073888910 -0.020360215
1.573756633 0.996974205 -0.012979784 0.073891254 -0.020348036
1.593990382 0.996973803 -0.012982564 0.073893183 -0.020358946
1.614148938 0.996973718 -0.012978586 0.073892828 -0.020366909
1.634210069 0.996974991 -0.012978643 0.073875841 -0.020366213
1.654481771 0.996974819 -0.012973154 0.073877412 -0.020372431
1.674643673 0.996975916 -0.012943580 0.073873921 -0.020350188
1.694962997 0.996976853 -0.012938213 0.073868610 -0.020326964
1.714996526 0.996977312 -0.012933994 0.073863554 -0.020325494
1.735128651 0.996977421 -0.012911083 0.073863417 -0.020335254
1.755327015 0.996976666 -0.012912161 0.073871232 -0.020343173
1.775909787 0.996976294 -0.012917504 0.073874316 -0.020346786
1.795652522 0.996976410 -0.012918141 0.073871018 -0.020352687
1.815906825 0.996975962 -0.012900803 0.073876491 -0.020365763
1.836009997 0.996975782 -0.012886843 0.073882497 -0.020361648
1.856244109 0.996976809 -0.012889449 0.073877600 -0.020327450
1.876461732 0.996975699 -0.012883748 0.073888861 -0.020344560
1.896565694 0.996975947 -0.012893232 0.073882741 -0.020348598
1.916728169 0.996976543 -0.012882104 0.073879078 -0.020339752
1.936868284 0.996976303 -0.012887958 0.073878038 -0.020351598
1.957074801 0.996976404 -0.012905214 0.073871235 -0.020360379
1.977359438 0.996976886 -0.012886397 0.073870708 -0.020350650
1.997408236 0.996976760 -0.012870927 0.073884327 -0.020317126
2.017612793 0.996977082 -0.012876567 0.073875907 -0.020328377
2.037814317 0.996977154 -0.012871099 0.073878092 -0.020320370
2.058371332 0.996976996 -0.012866497 0.073887630 -0.020296319
2.078365077 0.996976502 -0.012858897 0.073895103 -0.020298223
2.098286454 0.996976979 -0.012857644 0.073891350 -0.020289227
2.118482798 0.996977062 -0.012845240 0.073885072 -0.020315829
2.138751680 0.996978958 -0.012855639 0.073857866 -0.020315133
2.158969039 0.996977959 -0.012854505 0.073873843 -0.020306817
2.179177926 0.996978867 -0.012841148 0.073865720 -0.020300225
2.199264214 0.996978718 -0.012806958 0.073868986 -0.020317261
2.219377590 0.996978841 -0.012822719 0.073860666 -0.020331502
2.239623076 0.996979275 -0.012823301 0.073852979 -0.020337784
2.259769793 0.996979599 -0.012832825 0.073847644 -0.020335258
2.279911294 0.996979914 -0.012825236 0.073843175 -0.020340824
2.300112202 0.996979604 -0.012817769 0.073849064 -0.020339353
2.320246688 0.996979437 -0.012811761 0.073852949 -0.020337250
2.340714013 0.996979451 -0.012811333 0.073853848 -0.020333569
2.360671376 0.996978720 -0.012815039 0.073857013 -0.020355538
2.380796534 0.996978939 -0.012817667 0.073858209 -0.020338835
2.401008242 0.996979306 -0.012803745 0.073863087 -0.020311852
2.421296864 0.996979599 -0.012811819 0.073855151 -0.020321267
2.441512114 0.996980375 -0.012824007 0.073845952 -0.020308936
2.461504864 0.996980336 -0.012814634 0.073846753 -0.020313809
2.481721443 0.996980466 -0.012803371 0.073847604 -0.020311461
2.501831054 0.996980387 -0.012792430 0.073847818 -0.020321453
2.522114672 0.996980092 -0.012799971 0.073852297 -0.020314889
2.542315103 0.996981338 -0.012785767 0.073843002 -0.020296482
2.562462490 0.996981420 -0.012771475 0.073843177 -0.020300822
2.582661328 0.996982771 -0.012751891 0.073830999 -0.020291072
2.602710976 0.996983903 -0.012740117 0.073813435 -0.020306720
2.622881697 0.996983339 -0.012734336 0.073819587 -0.020315675
2.643273996 0.996984830 -0.012702191 0.073810675 -0.020295006
2.663251214 0.996985268 -0.012692287 0.073803924 -0.020304236
2.683498751 0.996985324 -0.012690320 0.073805092 -0.020298471
2.703639719 0.996985450 -0.012688464 0.073803780 -0.020298235
2.723883358 0.996984843 -0.012694900 0.073807754 -0.020309564
2.744090249 0.996984438 -0.012684649 0.073812008 -0.020320382
2.764311032 0.996985279 -0.012692502 0.073800272 -0.020316826
2.784467210 0.996984914 -0.012687742 0.073804039 -0.020324023
2.804522511 0.996985093 -0.012678348 0.073800497 -0.020333988
2.824789165 0.996985225 -0.012678145 0.073800229 -0.020328619
2.844904716 0.996985661 -0.012671294 0.073795632 -0.020328192
2.865114774 0.996985817 -0.012659394 0.073787870 -0.020356084
2.885314665 0.996986314 -0.012657759 0.073780327 -0.020360131
2.905583436 0.996985651 -0.012660294 0.073786981 -0.020366886
2.925777718 0.996986194 -0.012637050 0.073784608 -0.020363337
2.945815102 0.996987116 -0.012612880 0.073774960 -0.020368160
2.965961068 0.996988367 -0.012592890 0.073767163 -0.020347492
2.986079104 0.996988500 -0.012588105 0.073765154 -0.020351238
3.006402965 0.996988499 -0.012584567 0.073760534 -0.020370213
3.026528723 0.996988976 -0.012572494 0.073751158 -0.020388228
3.046685227 0.996989616 -0.012547245 0.073744719 -0.020395804
3.066869328 0.996990226 -0.012543137 0.073740528 -0.020383664
3.087047944 0.996990388 -0.012560794 0.073736897 -0.020378014
3.107216089 0.996990000 -0.012555233 0.073741133 -0.020385076
3.147559096 0.996989829 -0.012548589 0.073749220 -0.020368279
3.167744125 0.996989283 -0.012569457 0.073751436 -0.020374095
3.187964415 0.996989684 -0.012577101 0.073742223 -0.020383085
3.208201853 0.996990298 -0.012573035 0.073736125 -0.020377641
3.228304404 0.996990976 -0.012580648 0.073731448 -0.020356689
3.248524710 0.996991458 -0.012574795 0.073728534 -0.020347252
3.269012878 0.996990917 -0.012582641 0.073731132 -0.020359468
3.288756848 0.996990607 -0.012583507 0.073738942 -0.020345827
3.309052698 0.996990666 -0.012586597 0.073736694 -0.020349180
3.329116838 0.996990565 -0.012568411 0.073740668 -0.020350953
3.349397741 0.996989698 -0.012571825 0.073754232 -0.020342178
3.369536129 0.996989393 -0.012582621 0.073757758 -0.020337673
3.389974680 0.996989509 -0.012564641 0.073755380 -0.020351719
3.410045448 0.996988972 -0.012576090 0.073758838 -0.020358422
3.430050867 0.996989032 -0.012572232 0.073758573 -0.020358827
3.450168559 0.996988861 -0.012592055 0.073763358 -0.020337617
3.470376948 0.996988712 -0.012592548 0.073763602 -0.020343729
3.490658282 0.996987836 -0.012588411 0.073779665 -0.020330972
3.511098907 0.996988928 -0.012588127 0.073766994 -0.020323572
3.531189507 0.996989303 -0.012574502 0.073763302 -0.020326982
3.551234449 0.996988843 -0.012582058 0.073762770 -0.020346814
3.571463096 0.996988361 -0.012575327 0.073772826 -0.020338121
3.591686793 0.996986984 -0.012589140 0.073789981 -0.020334847
3.611663148 0.996987137 -0.012588757 0.073784693 -0.020346769
3.631875623 0.996986677 -0.012594829 0.073789134 -0.020349447
3.652026485 0.996986993 -0.012588129 0.073794015 -0.020320399
3.672151810 0.996986373 -0.012585926 0.073798708 -0.020335147
3.692484230 0.996985935 -0.012593576 0.073804726 -0.020330012
3.712675378 0.996986631 -0.012561821 0.073807204 -0.020306545
3.733016113 0.996986263 -0.012556927 0.073812450 -0.020308562
3.752918938 0.996986388 -0.012561790 0.073810927 -0.020304952
3.773160986 0.996985819 -0.012585842 0.073807950 -0.020328772
3.793258481 0.996985504 -0.012578105 0.073814121 -0.020326649
3.813424248 0.996986241 -0.012563891 0.073802623 -0.020341033
3.833674863 0.996986248 -0.012553393 0.073811091 -0.020316413
3.853791126 0.996986258 -0.012552082 0.073808899 -0.020324671
3.873928245 0.996987306 -0.012540354 0.073795709 -0.020328406
3.894133062 0.996987079 -0.012528352 0.073798634 -0.020336309
3.914290533 0.996986046 -0.012550065 0.073806161 -0.020346276
3.934474635 0.996985983 -0.012556445 0.073807745 -0.020339687
3.954626969 0.996985478 -0.012562795 0.073810368 -0.020350990
3.975073376 0.996985053 -0.012563611 0.073810311 -0.020371490
3.995198222 0.996984486 -0.012574070 0.073818724 -0.020362283
4.015547148 0.996983606 -0.012578203 0.073828429 -0.020367651
4.035461943 0.996984150 -0.012577563 0.073820393 -0.020370533
4.055627679 0.996985091 -0.012562897 0.073805409 -0.020387822
4.075861201 0.996984395 -0.012562438 0.073812495 -0.020396506
4.095979497 0.996985257 -0.012565018 0.073802044 -0.020390568
4.116059325 0.996984490 -0.012556472 0.073811286 -0.020399918
4.136240186 0.996983380 -0.012562451 0.073822957 -0.020408220
4.156405384 0.996983563 -0.012548703 0.073819562 -0.020420004
4.176954300 0.996983703 -0.012537652 0.073818591 -0.020423495
4.197195298 0.996984365 -0.012529047 0.073812282 -0.020419232
4.217069905 0.996981511 -0.012521491 0.073846252 -0.020440385
4.237126660 0.996980954 -0.012501680 0.073855558 -0.020446055
4.257293298 0.996981181 -0.012505958 0.073851536 -0.020446941
4.277457313 0.996981199 -0.012504938 0.073852763 -0.020442239
4.297657413 0.996980482 -0.012514271 0.073861680 -0.020439249
4.317827485 0.996980549 -0.012514789 0.073860354 -0.020440476
4.338057590 0.996980242 -0.012534082 0.073857020 -0.020455676
4.358459699 0.996980408 -0.012543745 0.073856081 -0.020445057
4.378489584 0.996980326 -0.012554388 0.073853188 -0.020452941
4.398519466 0.996980018 -0.012544512 0.073854370 -0.020469767
4.418762771 0.996980057 -0.012556884 0.073853628 -0.020462931
4.438877389 0.996980362 -0.012572415 0.073844027 -0.020473183
4.459174673 0.996979368 -0.012574823 0.073854825 -0.020481167
4.479218931 0.996979505 -0.012578841 0.073850630 -0.020487153
4.499601843 0.996980160 -0.012582279 0.073843470 -0.020479002
4.519646126 0.996979844 -0.012584283 0.073852153 -0.020461825
4.539998121 0.996980465 -0.012578135 0.073847453 -0.020452295
4.560207617 0.996980045 -0.012580815 0.073850428 -0.020460386
4.580101372 0.996980291 -0.012578398 0.073844115 -0.020472658
4.600301444 0.996980173 -0.012581399 0.073847088 -0.020465856
4.620485623 0.996981484 -0.012576411 0.073831505 -0.020461272
4.640694030 0.996981198 -0.012583556 0.073834834 -0.020458769
4.660939346 0.996981219 -0.012583901 0.073832310 -0.020466676
4.681396828 0.996981017 -0.012579390 0.073836774 -0.020463155
4.701379482 0.996980839 -0.012582727 0.073844907 -0.020440431
4.721566398 0.996981596 -0.012581530 0.073836021 -0.020436372
4.741547630 0.996981583 -0.012571199 0.073839351 -0.020431327
4.761725225 0.996981678 -0.012562731 0.073839470 -0.020431442
4.781917121 0.996982176 -0.012542816 0.073833968 -0.020439280
4.802155958 0.996982649 -0.012535504 0.073822758 -0.020461152
4.822497697 0.996983544 -0.012511530 0.073818374 -0.020448047
4.842761231 0.996983065 -0.012515171 0.073824439 -0.020447249
4.862717119 0.996982893 -0.012508612 0.073823276 -0.020463841
4.882807308 0.996983416 -0.012513717 0.073819740 -0.020447993
4.902954223 0.996982459 -0.012519253 0.073832906 -0.020443763
4.923193246 0.996980744 -0.012537087 0.073850731 -0.020452055
4.943448513 0.996979982 -0.012566827 0.073851258 -0.020469035
4.963517473 0.996981156 -0.012551949 0.073843669 -0.020448355
4.983779535 0.996981614 -0.012545798 0.073837035 -0.020453747
5.003833320 0.996980981 -0.012547071 0.073846792 -0.020448623
5.024039411 0.996980156 -0.012550728 0.073852212 -0.020466999
5.044230156 0.996978852 -0.012553900 0.073863228 -0.020488807
5.064524844 0.996978145 -0.012564886 0.073871741 -0.020485803
5.084672969 0.996978555 -0.012573675 0.073872995 -0.020455906
5.104871344 0.996978827 -0.012578584 0.073871854 -0.020443744
5.124937940 0.996978907 -0.012577618 0.073870813 -0.020444210
5.145079087 0.996979461 -0.012575494 0.073865259 -0.020438583
5.165275535 0.996979056 -0.012567586 0.073875287 -0.020426930
5.185613298 0.996980019 -0.012553245 0.073863125 -0.020432720
5.205775228 0.996980447 -0.012524378 0.073860008 -0.020440821
5.226066100 0.996979615 -0.012540774 0.073864007 -0.020456882
5.246147061 0.996979305 -0.012558708 0.073866717 -0.020451196
5.266408562 0.996979449 -0.012557980 0.073862650 -0.020459333
5.286472131 0.996978646 -0.012563840 0.073871046 -0.020464547
5.306547695 0.996978959 -0.012570697 0.073867316 -0.020458533
5.326731263 0.996978794 -0.012569415 0.073871203 -0.020453373
5.346931978 0.996978376 -0.012577735 0.073875251 -0.020453966
5.367078074 0.996978130 -0.012583013 0.073874706 -0.020464702
5.387203741 0.996977624 -0.012581845 0.073879174 -0.020473946
5.407406438 0.996977535 -0.012588212 0.073886954 -0.020446275
5.427631321 0.996977388 -0.012569160 0.073890244 -0.020453280
5.447799426 0.996977666 -0.012571890 0.073884400 -0.020459136
5.467963426 0.996978500 -0.012569098 0.073883466 -0.020423564
5.488098009 0.996977636 -0.012576286 0.073891979 -0.020430502
5.508762666 0.996977545 -0.012576707 0.073891663 -0.020435827
5.528529731 0.996977894 -0.012583418 0.073885688 -0.020436267
5.548700348 0.996977745 -0.012591302 0.073886582 -0.020435448
5.568849917 0.996975762 -0.012607655 0.073906846 -0.020448836
5.589185101 0.996976612 -0.012600485 0.073891531 -0.020467160
5.609370884 0.996975990 -0.012597447 0.073895777 -0.020483973
5.629400334 0.996976472 -0.012576943 0.073893474 -0.020481461
5.649629261 0.996976694 -0.012584449 0.073890018 -0.020478495
5.669891120 0.996976919 -0.012590589 0.073883296 -0.020488019
5.690027173 0.996978496 -0.012575442 0.073866849 -0.020479894
5.710147258 0.996978059 -0.012571514 0.073871099 -0.020488240
5.730269294 0.996978847 -0.012571568 0.073857414 -0.020499191
5.750406876 0.996978444 -0.012561312 0.073862417 -0.020507037
5.770608401 0.996978830 -0.012573659 0.073862092 -0.020481891
5.790848551 0.996978541 -0.012567144 0.073866309 -0.020484744
5.811116139 0.996978971 -0.012570334 0.073857783 -0.020492581
5.831372071 0.996979195 -0.012579379 0.073853772 -0.020490600
5.851642557 0.996979195 -0.012579448 0.073853684 -0.020490876
5.871574753 0.996978667 -0.012581952 0.073860075 -0.020491999
5.891809740 0.996979017 -0.012566570 0.073858289 -0.020490837
5.911835351 0.996979163 -0.012578091 0.073854270 -0.020491136
5.932106411 0.996978970 -0.012594820 0.073851223 -0.020501241
5.952224759 0.996979471 -0.012578861 0.073845694 -0.020506581
5.972390189 0.996978778 -0.012566384 0.073854195 -0.020517327
5.992689896 0.996978019 -0.012592287 0.073861074 -0.020513546
6.012826811 0.996978556 -0.012591465 0.073854966 -0.020509923
6.032923079 0.996978250 -0.012586572 0.073862327 -0.020501313
6.053118059 0.996977841 -0.012589727 0.073864336 -0.020512027
6.073236316 0.996977457 -0.012581727 0.073866879 -0.020526427
6.093404977 0.996977094 -0.012583901 0.073874250 -0.020516195
6.114096488 0.996976063 -0.012582257 0.073886209 -0.020524266
6.133864044 0.996976952 -0.012584061 0.073879032 -0.020505786
6.154140140 0.996976910 -0.012570880 0.073881569 -0.020506778
6.174257639 0.996976846 -0.012568858 0.073880505 -0.020514957
6.194281940 0.996976552 -0.012578431 0.073879159 -0.020528220
6.214527113 0.996976490 -0.012578407 0.073877671 -0.020536594
6.234701418 0.996977048 -0.012566982 0.073876459 -0.020520863
6.254877544 0.996977329 -0.012563941 0.073872653 -0.020522780
6.275354350 0.996976629 -0.012560328 0.073876487 -0.020545150
6.295320331 0.996977014 -0.012556590 0.073872620 -0.020542697
6.315534517 0.996977262 -0.012557148 0.073870436 -0.020538137
6.335695231 0.996976670 -0.012553254 0.073876317 -0.020548096
6.355781817 0.996977512 -0.012540184 0.073867413 -0.020547268
6.375946720 0.996977533 -0.012543466 0.073870672 -0.020532512
6.396174752 0.996978643 -0.012518151 0.073866282 -0.020509857
6.416325005 0.996979080 -0.012515206 0.073855850 -0.020527962
6.436453324 0.996979452 -0.012520044 0.073850033 -0.020527893
6.456726505 0.996979607 -0.012521534 0.073849504 -0.020521344
6.476876101 0.996979354 -0.012518300 0.073850090 -0.020533510
6.497078452 0.996980503 -0.012525085 0.073837492 -0.020518858
6.517287835 0.996981074 -0.012499174 0.073831070 -0.020530031
6.537335955 0.996981566 -0.012493342 0.073827128 -0.020523835
6.557516257 0.996981922 -0.012486908 0.073816286 -0.020549439
6.577663408 0.996981227 -0.012475306 0.073830541 -0.020539020
6.598052280 0.996979992 -0.012484006 0.073842673 -0.020550072
6.618136996 0.996980765 -0.012486857 0.073831410 -0.020551308
6.638336303 0.996981236 -0.012479964 0.073831911 -0.020530814
6.658417456 0.996981541 -0.012480218 0.073827775 -0.020530705
6.678640627 0.996982563 -0.012474503 0.073820166 -0.020511902
6.698818298 0.996982072 -0.012476680 0.073824090 -0.020520360
6.719003404 0.996981929 -0.012481108 0.073829407 -0.020505470
6.739226031 0.996982528 -0.012501593 0.073821204 -0.020493366
6.759323514 0.996982217 -0.012500375 0.073819250 -0.020516295
6.779613631 0.996982067 -0.012513499 0.073821523 -0.020507389
6.799715076 0.996982351 -0.012520169 0.073816347 -0.020508138
6.819859244 0.996982450 -0.012514712 0.073821865 -0.020486776
6.840012044 0.996980842 -0.012530205 0.073839055 -0.020493631
6.860158282 0.996980547 -0.012530876 0.073843707 -0.020490812
6.880548006 0.996980618 -0.012508978 0.073844773 -0.020496892
6.900563882 0.996980157 -0.012497238 0.073846575 -0.020519973
6.921116360 0.996980035 -0.012483873 0.073847192 -0.020531813
6.940980183 0.996980885 -0.012478390 0.073831944 -0.020548692
6.961089252 0.996981342 -0.012482591 0.073828595 -0.020536019
6.981303532 0.996981226 -0.012483470 0.073829091 -0.020539302
7.001455781 0.996981554 -0.012482199 0.073819905 -0.020557176
7.021689950 0.996980443 -0.012482386 0.073834937 -0.020556975
7.041809841 0.996981247 -0.012455229 0.073831087 -0.020548239
7.061992089 0.996980201 -0.012456712 0.073848073 -0.020537072
7.082196730 0.996980315 -0.012430000 0.073850774 -0.020538008
7.102280126 0.996980480 -0.012423504 0.073847212 -0.020546714
7.122549104 0.996981133 -0.012415622 0.073840495 -0.020543967
7.142703197 0.996981406 -0.012417741 0.073828585 -0.020572201
7.163028211 0.996983163 -0.012414499 0.073810736 -0.020553074
7.183071144 0.996981691 -0.012422512 0.073828807 -0.020554708
7.203144645 0.996982402 -0.012415646 0.073826461 -0.020532800
7.223491497 0.996981874 -0.012406450 0.073830476 -0.020549558
7.243589651 0.996982152 -0.012407984 0.073829132 -0.020539951
7.263799750 0.996982550 -0.012389200 0.073832593 -0.020519534
7.284036907 0.996982815 -0.012365222 0.073838875 -0.020498520
7.304176475 0.996984547 -0.012367512 0.073817908 -0.020488378
7.324391436 0.996983893 -0.012380584 0.073819061 -0.020508177
7.344451032 0.996984507 -0.012378124 0.073819875 -0.020476835
7.364646542 0.996984071 -0.012380977 0.073827630 -0.020468357
7.384788350 0.996983796 -0.012386209 0.073828491 -0.020475507
7.405064592 0.996983841 -0.012395218 0.073823884 -0.020484481
7.425384434 0.996984262 -0.012395231 0.073815809 -0.020493053
7.445630528 0.996983932 -0.012399752 0.073818803 -0.020495599
7.465539026 0.996983236 -0.012396382 0.073827324 -0.020500821
7.485669356 0.996982231 -0.012416111 0.073836119 -0.020506065
7.506129791 0.996982934 -0.012421905 0.073831444 -0.020485208
7.526067123 0.996982564 -0.012421878 0.073835358 -0.020489104
7.546305861 0.996981973 -0.012417360 0.073844337 -0.020488235
7.566361709 0.996981689 -0.012405057 0.073852968 -0.020478414
7.586565943 0.996982147 -0.012414819 0.073847736 -0.020469065
7.606725016 0.996982620 -0.012418539 0.073838261 -0.020477969
7.627128941 0.996982983 -0.012431367 0.073826497 -0.020494898
7.647250444 0.996982831 -0.012429500 0.073829724 -0.020491818
7.667592579 0.996983786 -0.012401219 0.073822684 -0.020487837
7.687805677 0.996984361 -0.012384576 0.073814590 -0.020499087
7.707737429 0.996984498 -0.012380183 0.073813810 -0.020497904
7.727890480 0.996985287 -0.012379378 0.073801330 -0.020504917
7.748094316 0.996985565 -0.012365034 0.073801496 -0.020499447
7.768226773 0.996985161 -0.012375719 0.073805886 -0.020496866
7.788453866 0.996984683 -0.012386112 0.073809917 -0.020499335
7.808654939 0.996983855 -0.012406932 0.073816799 -0.020502214
7.828814547 0.996984055 -0.012405674 0.073812730 -0.020507905
7.848926005 0.996984057 -0.012382604 0.073815768 -0.020510829
7.869140126 0.996984488 -0.012377537 0.073816674 -0.020489661
7.889193546 0.996984178 -0.012386386 0.073822564 -0.020478158
7.909714889 0.996983821 -0.012377495 0.073826700 -0.020486015
7.929690771 0.996984386 -0.012365268 0.073818773 -0.020494442
7.949835232 0.996983714 -0.012376629 0.073827913 -0.020487365
7.969998422 0.996984294 -0.012360592 0.073823481 -0.020484783
7.990116420 0.996983455 -0.012355167 0.073831616 -0.020499598
8.010538902 0.996981806 -0.012374069 0.073850415 -0.020500667
8.030633096 0.996981211 -0.012371295 0.073858531 -0.020502031
8.050770487 0.996981344 -0.012368472 0.073850916 -0.020524684
8.070891419 0.996979930 -0.012358684 0.073870161 -0.020530037
8.091173324 0.996980438 -0.012358642 0.073864720 -0.020524927
8.111202725 0.996979776 -0.012389313 0.073871818 -0.020513060
8.131361647 0.996978820 -0.012390946 0.073888092 -0.020499938
8.151526207 0.996978332 -0.012383479 0.073895644 -0.020500939
8.171760970 0.996979013 -0.012335428 0.073894212 -0.020501966
8.191876522 0.996978187 -0.012349620 0.073899759 -0.020513607
8.212276560 0.996978691 -0.012348958 0.073895436 -0.020505073
8.232310537 0.996978428 -0.012385871 0.073890314 -0.020514026
8.252635767 0.996977361 -0.012384259 0.073901979 -0.020524848
8.272599381 0.996977615 -0.012390875 0.073898774 -0.020520040
8.293197560 0.996976776 -0.012382859 0.073908710 -0.020529846
8.313240115 0.996976116 -0.012395053 0.073916590 -0.020526175
8.333236521 0.996976502 -0.012404531 0.073910988 -0.020521893
8.353380573 0.996976991 -0.012408531 0.073896942 -0.020546302
8.373513977 0.996976500 -0.012406857 0.073904705 -0.020543198
8.393824077 0.996977638 -0.012414960 0.073889465 -0.020537906
8.414280400 0.996978083 -0.012397778 0.073888765 -0.020529191
8.434203987 0.996977933 -0.012419280 0.073894209 -0.020503864
8.454378535 0.996978406 -0.012395457 0.073894575 -0.020493971
8.474386438 0.996977029 -0.012395306 0.073910248 -0.020504522
8.494583579 0.996977358 -0.012394899 0.073906789 -0.020501251
8.514721100 0.996977296 -0.012394253 0.073907661 -0.020501489
8.534921764 0.996977371 -0.012383954 0.073916283 -0.020472992
8.555121288 0.996977517 -0.012377107 0.073918236 -0.020462932
8.575602497 0.996977267 -0.012392534 0.073916784 -0.020471018
8.595489097 0.996977411 -0.012377636 0.073911501 -0.020492114
8.615788823 0.996977511 -0.012373141 0.073914038 -0.020480772
8.636081263 0.996977411 -0.012374426 0.073917392 -0.020472783
8.656124830 0.996975946 -0.012380223 0.073930378 -0.020493709
8.676299558 0.996976491 -0.012382078 0.073921409 -0.020498413
8.696309890 0.996975958 -0.012378037 0.073929066 -0.020499184
8.716531818 0.996976085 -0.012355606 0.073925073 -0.020520928
8.736704675 0.996976792 -0.012348677 0.073915707 -0.020524494
8.756854952 0.996977291 -0.012366554 0.073913971 -0.020495714
8.777069265 0.996976401 -0.012370180 0.073921507 -0.020509648
8.797598498 0.996976180 -0.012382526 0.073918576 -0.020523514
8.817391716 0.996975752 -0.012371743 0.073925421 -0.020526150
8.837792635 0.996974628 -0.012388062 0.073930240 -0.020553529
8.857762956 0.996975090 -0.012381337 0.073927449 -0.020545171
8.878118616 0.996975256 -0.012376751 0.073930175 -0.020530066
8.898060786 0.996975203 -0.012373957 0.073929235 -0.020537722
8.918245760 0.996973690 -0.012391410 0.073938818 -0.020566123
8.938568203 0.996973716 -0.012397436 0.073936277 -0.020570371
8.958916636 0.996973312 -0.012398226 0.073939932 -0.020576331
8.978834255 0.996974095 -0.012398388 0.073936170 -0.020551802
8.999081595 0.996974662 -0.012405516 0.073924345 -0.020562531
9.019234071 0.996974798 -0.012405512 0.073917926 -0.020578990
9.039416953 0.996975515 -0.012409422 0.073912098 -0.020562857
9.059527792 0.996974744 -0.012417387 0.073921153 -0.020562879
9.079703768 0.996974723 -0.012430539 0.073919984 -0.020560162
9.099843012 0.996976214 -0.012433730 0.073901372 -0.020552801
9.120081442 0.996977709 -0.012420963 0.073893510 -0.020516237
9.140183186 0.996976451 -0.012447359 0.073899657 -0.020539244
9.160386643 0.996976528 -0.012455980 0.073896765 -0.020540663
9.180783975 0.996977256 -0.012454431 0.073888401 -0.020536348
9.200884017 0.996975406 -0.012451867 0.073915081 -0.020531726
9.221027714 0.996975192 -0.012471326 0.073916055 -0.020526794
9.241114456 0.996974558 -0.012495468 0.073920398 -0.020527255
9.261265670 0.996973818 -0.012504984 0.073925990 -0.020537253
9.281443597 0.996974519 -0.012510162 0.073918438 -0.020527278
9.301588020 0.996975115 -0.012514834 0.073915486 -0.020506070
9.321980816 0.996974074 -0.012507581 0.073929961 -0.020508933
9.342018419 0.996974915 -0.012484773 0.073926098 -0.020495893
9.382320533 0.996975150 -0.012476425 0.073923436 -0.020499143
9.402530125 0.996975251 -0.012470244 0.073925268 -0.020491402
9.422829925 0.996975702 -0.012467622 0.073924245 -0.020474738
9.443009745 0.996974556 -0.012471144 0.073938881 -0.020475501
9.463130618 0.996973476 -0.012475858 0.073945148 -0.020502610
9.483245021 0.996972680 -0.012491861 0.073952783 -0.020504021
9.503363055 0.996971563 -0.012489850 0.073964893 -0.020515870
9.523612783 0.996970836 -0.012503245 0.073967036 -0.020535311
9.543812611 0.996970267 -0.012522410 0.073970093 -0.020540214
9.564055170 0.996969994 -0.012532576 0.073967507 -0.020556599
9.584116283 0.996969423 -0.012555238 0.073973176 -0.020550062
9.604307945 0.996969846 -0.012557214 0.073965223 -0.020556977
9.624690033 0.996969218 -0.012575301 0.073965347 -0.020575893
9.644770354 0.996969978 -0.012599598 0.073955904 -0.020558123
9.664941137 0.996969782 -0.012598021 0.073956287 -0.020567232
9.685088553 0.996969267 -0.012594165 0.073957935 -0.020588631
9.705222514 0.996969518 -0.012619640 0.073955661 -0.020569027
9.725454192 0.996968580 -0.012615327 0.073969241 -0.020568325
9.745848067 0.996969164 -0.012618360 0.073961400 -0.020566330
9.765762521 0.996969408 -0.012608741 0.073966351 -0.020542617
9.785964931 0.996968760 -0.012603179 0.073970344 -0.020563086
9.806104387 0.996968529 -0.012602716 0.073972158 -0.020568029
9.826502874 0.996968963 -0.012598735 0.073960894 -0.020589921
9.846474207 0.996969844 -0.012615264 0.073948191 -0.020582763
9.866630518 0.996968960 -0.012620534 0.073955919 -0.020594606
9.886818724 0.996969006 -0.012623632 0.073953594 -0.020598796
9.907136996 0.996968705 -0.012629341 0.073951760 -0.020616464
9.927148537 0.996968545 -0.012625004 0.073955338 -0.020613992
9.947394250 0.996968559 -0.012628962 0.073957179 -0.020604313
9.967631060 0.996968349 -0.012630209 0.073961014 -0.020599947
9.987802788 0.996968315 -0.012627847 0.073965233 -0.020587875
10.007972324 0.996968261 -0.012633565 0.073965637 -0.020585546
10.028054625 0.996968805 -0.012639216 0.073962423 -0.020567266
10.048227014 0.996968131 -0.012618260 0.073978221 -0.020555970
10.068458006 0.996967112 -0.012618172 0.073989975 -0.020563127
10.088628579 0.996967128 -0.012632468 0.073984082 -0.020574812
10.108776154 0.996968179 -0.012616964 0.073971629 -0.020578139
10.129030789 0.996968777 -0.012618352 0.073957311 -0.020599779
10.149263173 0.996969178 -0.012617818 0.073953469 -0.020594510
10.169472843 0.996969488 -0.012635574 0.073945734 -0.020596363
10.189504938 0.996969382 -0.012634027 0.073947704 -0.020595382
10.209642398 0.996970344 -0.012627752 0.073935248 -0.020597380
10.229870685 0.996969457 -0.012637526 0.073943682 -0.020604052
10.249963863 0.996968682 -0.012643282 0.073950394 -0.020613928
10.270118935 0.996969206 -0.012645212 0.073943402 -0.020612467
10.290517836 0.996968451 -0.012666183 0.073946568 -0.020624733
10.310590377 0.996968350 -0.012670370 0.073948897 -0.020618706
10.331193323 0.996968093 -0.012682617 0.073949817 -0.020620312
10.370988764 0.996967802 -0.012674989 0.073959019 -0.020606043
10.391357228 0.996967773 -0.012675550 0.073957007 -0.020614342
10.411383489 0.996969023 -0.012670429 0.073950576 -0.020580096
10.431536094 0.996969941 -0.012661276 0.073937919 -0.020586719
10.451818937 0.996970276 -0.012656812 0.073934155 -0.020586762
10.471984952 0.996969231 -0.012688173 0.073941475 -0.020591779
10.492207604 0.996968148 -0.012704097 0.073954582 -0.020587334
10.512260656 0.996968923 -0.012700343 0.073946108 -0.020582552
10.532553454 0.996968974 -0.012715658 0.073943514 -0.020579937
10.552617457 0.996969357 -0.012720313 0.073937817 -0.020578958
10.572943908 0.996968793 -0.012720601 0.073946946 -0.020573338
10.593008841 0.996969219 -0.012725211 0.073935619 -0.020590505
10.613228367 0.996970145 -0.012707987 0.073929410 -0.020578596
10.633342137 0.996971282 -0.012709142 0.073916735 -0.020568333
10.653496581 0.996970958 -0.012719776 0.073911778 -0.020595278
10.673718796 0.996970798 -0.012706159 0.073918283 -0.020588097
10.693910385 0.996970827 -0.012709857 0.073916355 -0.020591298
10.714273201 0.996971173 -0.012730855 0.073912157 -0.020576632
10.734216320 0.996971522 -0.012740979 0.073905631 -0.020576923
10.754559485 0.996972122 -0.012753646 0.073894643 -0.020579477
10.774904892 0.996972561 -0.012769897 0.073886821 -0.020576193
10.794770663 0.996972066 -0.012780139 0.073891504 -0.020577010
10.814985308 0.996972485 -0.012762053 0.073883501 -0.020596669
10.835143555 0.996972337 -0.012755968 0.073885972 -0.020598727
10.855271924 0.996973186 -0.012743635 0.073886378 -0.020563786
10.875712225 0.996973532 -0.012737797 0.073886396 -0.020550561
10.896096824 0.996972425 -0.012767097 0.073895956 -0.020551711
10.916101082 0.996972346 -0.012750124 0.073895601 -0.020567334
10.936133321 0.996973325 -0.012763332 0.073883931 -0.020553606
10.956309481 0.996973270 -0.012747465 0.073884191 -0.020565186
10.976361207 0.996973283 -0.012746204 0.073882794 -0.020570368
10.996542201 0.996974246 -0.012740019 0.073873157 -0.020562143
11.016821714 0.996972714 -0.012747740 0.073891878 -0.020564348
11.036900271 0.996972302 -0.012752387 0.073890079 -0.020587908
11.057260267 0.996972473 -0.012769380 0.073886641 -0.020581418
11.077585259 0.996971619 -0.012779047 0.073893656 -0.020591596
11.097580873 0.996971377 -0.012771482 0.073896527 -0.020597731
11.117673832 0.996972128 -0.012769399 0.073891232 -0.020581629
11.138057577 0.996970688 -0.012795806 0.073905436 -0.020583983
11.157991476 0.996970450 -0.012793266 0.073907719 -0.020588919
11.178087744 0.996971711 -0.012789666 0.073890394 -0.020592266
11.198283233 0.996971976 -0.012795808 0.073883988 -0.020598593
11.218471877 0.996971523 -0.012797935 0.073889526 -0.020599372
11.238678755 0.996970423 -0.012816398 0.073899130 -0.020606670
11.259134212 0.996968936 -0.012822124 0.073914598 -0.020619559
11.279464794 0.996969147 -0.012805548 0.073910111 -0.020635734
11.299246457 0.996968767 -0.012817536 0.073907754 -0.020655074
11.319339691 0.996968386 -0.012832424 0.073912455 -0.020647378
11.359708420 0.996968639 -0.012849180 0.073907155 -0.020643720
11.379905577 0.996967910 -0.012845215 0.073922315 -0.020627141
11.400113565 0.996968787 -0.012848821 0.073907738 -0.020634709
11.420240051 0.996967666 -0.012849691 0.073917896 -0.020651951
11.440393325 0.996967206 -0.012852850 0.073926716 -0.020640642
11.460995224 0.996966578 -0.012849607 0.073933037 -0.020650319
11.481154419 0.996966684 -0.012838919 0.073932729 -0.020652974
11.501140511 0.996967010 -0.012848857 0.073932103 -0.020633281
11.521387315 0.996966596 -0.012846074 0.073930563 -0.020660500
11.541294692 0.996966226 -0.012841238 0.073935160 -0.020664918
11.561522693 0.996966425 -0.012858537 0.073925212 -0.020680133
11.581640472 0.996966350 -0.012866647 0.073921830 -0.020690826
11.601847792 0.996966891 -0.012877750 0.073917032 -0.020674950
11.622265508 0.996966899 -0.012858066 0.073922629 -0.020666804
11.642510537 0.996966660 -0.012868179 0.073926493 -0.020658251
11.662552402 0.996966248 -0.012868459 0.073933883 -0.020651469
11.683083826 0.996966195 -0.012858487 0.073935007 -0.020656222
11.702848398 0.996965799 -0.012868849 0.073934942 -0.020669106
11.723009771 0.996964874 -0.012873402 0.073945218 -0.020674161
11.743085997 0.996965204 -0.012871188 0.073941708 -0.020672158
11.763245696 0.996964385 -0.012859779 0.073948969 -0.020692762
11.783503683 0.996964973 -0.012853785 0.073943697 -0.020686993
11.803800303 0.996964944 -0.012843244 0.073943185 -0.020696808
11.823833144 0.996963706 -0.012847945 0.073950629 -0.020726890
11.844022947 0.996963738 -0.012835827 0.073949319 -0.020737527
11.864172509 0.996963629 -0.012830039 0.073949934 -0.020744162
11.884504753 0.996963977 -0.012827491 0.073942551 -0.020755324
11.904793267 0.996963850 -0.012827360 0.073944937 -0.020752974
11.924739989 0.996963863 -0.012816213 0.073944666 -0.020760213
11.944855062 0.996961641 -0.012841419 0.073966718 -0.020772813
11.965048567 0.996961564 -0.012848569 0.073967546 -0.020769105
11.985248273 0.996962189 -0.012847357 0.073963400 -0.020754623
12.005553656 0.996963209 -0.012844304 0.073949952 -0.020755431
12.025855956 0.996963753 -0.012863635 0.073942553 -0.020743694
12.045760663 0.996964305 -0.012868862 0.073935117 -0.020740455
12.066041595 0.996964146 -0.012872491 0.073929778 -0.020764859
12.086212449 0.996964311 -0.012879407 0.073934128 -0.020737116
12.106514957 0.996964127 -0.012897484 0.073929814 -0.020750119
12.126475012 0.996963364 -0.012889128 0.073938206 -0.020762061
12.146660038 0.996962804 -0.012892011 0.073942505 -0.020771838
12.166820170 0.996962899 -0.012923649 0.073945876 -0.020735588
12.187007622 0.996963059 -0.012905827 0.073942596 -0.020750683
12.207217284 0.996963229 -0.012915034 0.073934476 -0.020765711
12.227361687 0.996962928 -0.012923621 0.073938902 -0.020759079
12.247534928 0.996962739 -0.012925813 0.073943880 -0.020749026
12.267855722 0.996962501 -0.012933478 0.073940697 -0.020767030
12.287908807 0.996962993 -0.012935676 0.073935195 -0.020761632
12.308864974 0.996962693 -0.012960625 0.073940163 -0.020742803
12.328241968 0.996963069 -0.012965744 0.073935340 -0.020738714
12.348417363 0.996963277 -0.012962914 0.073926586 -0.020761674
12.368637230 0.996964363 -0.012968408 0.073916290 -0.020742726
12.388952883 0.996964534 -0.013004373 0.073905793 -0.020749407
12.409097800 0.996964748 -0.013010664 0.073901959 -0.020748823
12.429116649 0.996964336 -0.013004647 0.073911813 -0.020737317
12.449645172 0.996964582 -0.013005052 0.073904628 -0.020750846
12.469481389 0.996965364 -0.013002636 0.073895175 -0.020748444
12.489824033 0.996966117 -0.012989774 0.073891583 -0.020733108
12.510099431 0.996966976 -0.012993106 0.073884015 -0.020716689
12.530020174 0.996967066 -0.012992095 0.073885445 -0.020707890
12.550159385 0.996966927 -0.012981901 0.073884551 -0.020724122
12.570446298 0.996966274 -0.012982505 0.073894192 -0.020720789
12.590541097 0.996966954 -0.012992670 0.073882545 -0.020723250
12.610761908 0.996966856 -0.013010856 0.073878414 -0.020731272
12.631059789 0.996966402 -0.013020716 0.073883536 -0.020728641
12.651220083 0.996965985 -0.013006648 0.073886492 -0.020746992
12.671310834 0.996966458 -0.013000999 0.073886009 -0.020729510
12.691469550 0.996967696 -0.012997086 0.073870289 -0.020728466
12.711616200 0.996967048 -0.013003002 0.073874064 -0.020742464
12.731814126 0.996965707 -0.013023285 0.073889328 -0.020739823
12.751991799 0.996965660 -0.013013361 0.073899045 -0.020713677
12.772108900 0.996965155 -0.013021291 0.073904848 -0.020712289
12.792590420 0.996965138 -0.013006655 0.073906795 -0.020715360
12.812457499 0.996965165 -0.013017471 0.073909258 -0.020698467
12.832882241 0.996964884 -0.013015622 0.073911248 -0.020706087
12.852979731 0.996965942 -0.013006399 0.073899594 -0.020702506
12.873096698 0.996965990 -0.013008797 0.073907882 -0.020669097
12.893300403 0.996966702 -0.012987815 0.073904338 -0.020660594
12.913354143 0.996966601 -0.012988905 0.073906423 -0.020657355
12.933570774 0.996966638 -0.012989190 0.073902975 -0.020667709
12.953817501 0.996965205 -0.012970632 0.073924442 -0.020671718
12.973913277 0.996965657 -0.012979086 0.073922604 -0.020651152
12.994304610 0.996965778 -0.012981313 0.073916509 -0.020665735
13.014649004 0.996965704 -0.012984793 0.073918551 -0.020659802
13.034554480 0.996964719 -0.013015281 0.073921173 -0.020678757
13.054755369 0.996964652 -0.013029936 0.073919597 -0.020678426
13.074759523 0.996965341 -0.012986765 0.073921389 -0.020665936
13.094982269 0.996966411 -0.012990388 0.073904867 -0.020671155
13.115195753 0.996966500 -0.012981272 0.073905785 -0.020669266
13.135333280 0.996966662 -0.012983547 0.073906497 -0.020657506
13.155533445 0.996966480 -0.013000838 0.073913335 -0.020630936
13.175998538 0.996966483 -0.012996833 0.073912218 -0.020637279
13.196059233 0.996965496 -0.013007852 0.073922748 -0.020640345
13.216226553 0.996964954 -0.013012053 0.073926642 -0.020649919
13.236318708 0.996965052 -0.013012404 0.073919815 -0.020669383
13.256442193 0.996965234 -0.013018094 0.073912938 -0.020681622
13.276568255 0.996964968 -0.013020327 0.073917535 -0.020676592
13.296830965 0.996964941 -0.013024452 0.073915643 -0.020682048
13.316971746 0.996965346 -0.013029900 0.073909191 -0.020682172
13.337071872 0.996965052 -0.013045865 0.073906859 -0.020694609
13.357254479 0.996964105 -0.013046809 0.073916356 -0.020705711
13.377472838 0.996964089 -0.013063784 0.073912757 -0.020708639
13.397629935 0.996963551 -0.013052833 0.073919571 -0.020717104
13.417784710 0.996962833 -0.013088103 0.073920873 -0.020724761
13.437987627 0.996961839 -0.013076262 0.073935512 -0.020727817
13.458299203 0.996961866 -0.013078308 0.073938470 -0.020714694
13.478431656 0.996963459 -0.013048946 0.073927479 -0.020695750
13.498506723 0.996962961 -0.013065223 0.073930860 -0.020697408
13.518660862 0.996962991 -0.013053407 0.073933062 -0.020695542
13.538858533 0.996963788 -0.013047355 0.073930303 -0.020670807
13.559120711 0.996963448 -0.013046318 0.073931326 -0.020684201
13.579181655 0.996962740 -0.013049377 0.073940054 -0.020685170
13.599409464 0.996962590 -0.013033972 0.073947005 -0.020677268
13.619626267 0.996962346 -0.013031392 0.073954333 -0.020664452
13.640010493 0.996961238 -0.013065830 0.073964917 -0.020658279
13.659908158 0.996960772 -0.013080635 0.073964173 -0.020674088
13.680273329 0.996959872 -0.013072164 0.073975932 -0.020680731
13.700293885 0.996959947 -0.013075836 0.073974191 -0.020681059
13.720496032 0.996960930 -0.013077811 0.073963625 -0.020670186
13.740791954 0.996960223 -0.013079803 0.073966717 -0.020691943
13.760962556 0.996960319 -0.013079440 0.073968715 -0.020680415
13.781022346 0.996961672 -0.013056050 0.073954301 -0.020681517
13.801147796 0.996961411 -0.013071057 0.073952639 -0.020690553
13.821422635 0.996962192 -0.013077505 0.073942582 -0.020684786
13.841670878 0.996963428 -0.013050796 0.073930600 -0.020684944
13.862039190 0.996962239 -0.013069648 0.073944155 -0.020681890
13.881882816 0.996961839 -0.013074945 0.073947755 -0.020684958
13.902074633 0.996962718 -0.013072464 0.073944848 -0.020654520
13.922471097 0.996961800 -0.013070600 0.073957031 -0.020656394
13.942458104 0.996962984 -0.013076883 0.073943644 -0.020643180
13.962612354 0.996962532 -0.013067619 0.073944743 -0.020666932
13.982846269 0.996962394 -0.013045742 0.073946041 -0.020682739
14.003056582 0.996962608 -0.013044097 0.073942622 -0.020685728
14.023409849 0.996962245 -0.013036105 0.073946850 -0.020693141
14.043570634 0.996961989 -0.013023441 0.073953270 -0.020690480
14.063586754 0.996961051 -0.013047162 0.073959458 -0.020698598
14.083674978 0.996961300 -0.013044629 0.073958846 -0.020690391
14.103849083 0.996961038 -0.013058523 0.073961077 -0.020686287
14.124059253 0.996961858 -0.013060428 0.073951631 -0.020679341
14.144172359 0.996962220 -0.013069459 0.073943345 -0.020685812
14.164396069 0.996962205 -0.013072277 0.073939218 -0.020699479
14.184743161 0.996961433 -0.013082108 0.073948232 -0.020698276
14.204961402 0.996962128 -0.013095799 0.073936911 -0.020696571
14.224951193 0.996962237 -0.013132562 0.073937499 -0.020665937
14.245053129 0.996962016 -0.013156667 0.073938038 -0.020659323
14.265217730 0.996962100 -0.013150169 0.073940439 -0.020650810
14.285412797 0.996962217 -0.013176195 0.073932596 -0.020656637
14.305777852 0.996962018 -0.013184495 0.073935969 -0.020648860
14.325893164 0.996961377 -0.013161234 0.073946543 -0.020656815
14.345991131 0.996961903 -0.013146695 0.073940883 -0.020660946
14.366118244 0.996961658 -0.013155510 0.073941460 -0.020665090
14.386333910 0.996961901 -0.013163843 0.073939756 -0.020654141
14.406580943 0.996961518 -0.013181331 0.073939105 -0.020663828
14.426787563 0.996961374 -0.013194160 0.073938655 -0.020664193
14.446843605 0.996960931 -0.013193436 0.073942566 -0.020672025
14.467056428 0.996960487 -0.013181389 0.073948386 -0.020680278
14.487195900 0.996960708 -0.013205789 0.073938684 -0.020688784
14.507536313 0.996960873 -0.013202297 0.073930914 -0.020710774
14.527579242 0.996961238 -0.013220234 0.073924280 -0.020705465
14.547749075 0.996961435 -0.013223150 0.073919210 -0.020712226
14.567929781 0.996961282 -0.013211327 0.073927612 -0.020697113
14.588174072 0.996961036 -0.013207738 0.073931642 -0.020696883
14.608267934 0.996961356 -0.013221082 0.073927434 -0.020687964
14.628558876 0.996961611 -0.013225867 0.073927324 -0.020673008
14.648793835 0.996963788 -0.013214074 0.073903155 -0.020661988
14.668863836 0.996963855 -0.013208701 0.073902999 -0.020662728
14.689290798 0.996962683 -0.013188292 0.073919184 -0.020674427
14.709149856 0.996962432 -0.013184762 0.073930418 -0.020648590
14.729313928 0.996962133 -0.013204119 0.073928702 -0.020656786
14.749517555 0.996962340 -0.013220376 0.073923589 -0.020654710
14.769693615 0.996961617 -0.013218394 0.073935963 -0.020646610
14.790091663 0.996962176 -0.013233665 0.073923441 -0.020654628
14.810505711 0.996963242 -0.013229046 0.073913647 -0.020641190
14.830635228 0.996963023 -0.013244388 0.073911183 -0.020650756
14.850492314 0.996963594 -0.013262328 0.073901990 -0.020644592
14.870564046 0.996964233 -0.013274010 0.073893425 -0.020636863
14.890950363 0.996964957 -0.013289561 0.073887372 -0.020613545
14.910951368 0.996963922 -0.013306624 0.073892635 -0.020633731
14.931073027 0.996964851 -0.013313324 0.073877850 -0.020637450
14.951250807 0.996964662 -0.013299910 0.073883064 -0.020636590
14.971476678 0.996964982 -0.013283183 0.073882107 -0.020635293
14.991727849 0.996964937 -0.013270056 0.073882398 -0.020644870
15.011901519 0.996965231 -0.013278996 0.073875926 -0.020648080
15.032089553 0.996965090 -0.013303265 0.073869563 -0.020662068
15.052149096 0.996964612 -0.013318279 0.073874648 -0.020657270
15.072336362 0.996965685 -0.013325552 0.073855898 -0.020667811
15.092845152 0.996965029 -0.013332292 0.073859657 -0.020681705
15.112699216 0.996965158 -0.013324608 0.073863957 -0.020665047
15.132837816 0.996964397 -0.013327881 0.073871784 -0.020671691
15.153031292 0.996963896 -0.013307023 0.073875674 -0.020695380
15.173530710 0.996964845 -0.013299392 0.073864327 -0.020695041
15.193475888 0.996965072 -0.013297519 0.073870922 -0.020661767
15.213744456 0.996965292 -0.013268295 0.073871855 -0.020666606
15.233946090 0.996965484 -0.013260791 0.073865405 -0.020685197
15.253906740 0.996965150 -0.013255728 0.073872371 -0.020679652
15.274149216 0.996964230 -0.013271915 0.073878000 -0.020693535
15.294330833 0.996964019 -0.013267885 0.073882040 -0.020691846
15.314592279 0.996964703 -0.013256766 0.073879836 -0.020673868
15.334692241 0.996964193 -0.013238259 0.073883730 -0.020696388
15.354820987 0.996963256 -0.013253415 0.073892997 -0.020698767
15.375219823 0.996963571 -0.013250000 0.073892840 -0.020686318
15.395525390 0.996963882 -0.013263135 0.073883864 -0.020694953
15.415443814 0.996965057 -0.013256808 0.073866861 -0.020703103
15.435560762 0.996965342 -0.013240120 0.073866578 -0.020701083
15.455733125 0.996966678 -0.013251307 0.073851482 -0.020683453
15.475868178 0.996967114 -0.013249972 0.073847430 -0.020677730
15.496091004 0.996967253 -0.013246251 0.073842775 -0.020690050
15.516322693 0.996966391 -0.013253751 0.073854365 -0.020685389
15.536416824 0.996966326 -0.013246732 0.073852781 -0.020698693
15.556609819 0.996966917 -0.013252018 0.073844078 -0.020697911
15.576883012 0.996966982 -0.013251615 0.073844161 -0.020694696
15.596972450 0.996966216 -0.013232891 0.073855506 -0.020703101
15.617114638 0.996966245 -0.013226592 0.073855875 -0.020704440
15.637362598 0.996966444 -0.013203179 0.073858134 -0.020701708
15.657594834 0.996966360 -0.013210760 0.073861048 -0.020690557
15.677748317 0.996966000 -0.013212323 0.073861595 -0.020704918
15.697968813 0.996966801 -0.013214082 0.073847918 -0.020714011
15.718053081 0.996967065 -0.013220984 0.073838736 -0.020729646
15.738318672 0.996968081 -0.013226581 0.073828571 -0.020713422
15.758734487 0.996969664 -0.013214648 0.073811327 -0.020706302
15.778743318 0.996970953 -0.013206353 0.073798871 -0.020693913
15.798931569 0.996970790 -0.013208559 0.073797857 -0.020703953
15.819135973 0.996969841 -0.013217623 0.073804674 -0.020719569
15.839174667 0.996970846 -0.013211382 0.073797380 -0.020701160
15.859284313 0.996970547 -0.013218577 0.073799265 -0.020704252
15.879447412 0.996970523 -0.013210864 0.073800870 -0.020704589
15.899633512 0.996970512 -0.013221370 0.073799593 -0.020702978
15.919837928 0.996970976 -0.013208160 0.073799916 -0.020687915
15.939975387 0.996971399 -0.013202151 0.073793098 -0.020695676
15.960273533 0.996972536 -0.013209954 0.073785847 -0.020661739
15.980483354 0.996971929 -0.013199506 0.073794100 -0.020668237
16.000529208 0.996971234 -0.013238393 0.073793537 -0.020678893
16.020705506 0.996971548 -0.013215631 0.073791605 -0.020685234
16.040919947 0.996971497 -0.013209420 0.073794769 -0.020680356
16.061037917 0.996971456 -0.013213406 0.073792761 -0.020686947
16.081178631 0.996972097 -0.013224052 0.073783573 -0.020682038
16.101395472 0.996972453 -0.013233255 0.073779875 -0.020672200
16.121753472 0.996973044 -0.013242470 0.073772451 -0.020664281
16.142203725 0.996973017 -0.013238995 0.073769328 -0.020678956
16.162118421 0.996971246 -0.013229230 0.073791952 -0.020689851
16.182195658 0.996970938 -0.013242621 0.073788970 -0.020706772
16.202322417 0.996970554 -0.013224702 0.073794709 -0.020716232
16.222421727 0.996970155 -0.013224181 0.073799396 -0.020719094
16.242734906 0.996970306 -0.013230661 0.073796061 -0.020719536
16.262821807 0.996970883 -0.013223595 0.073794647 -0.020701309
16.283026267 0.996970701 -0.013231227 0.073794151 -0.020706984
16.303249867 0.996969442 -0.013238606 0.073804047 -0.020727596
16.323413637 0.996968526 -0.013229750 0.073817679 -0.020728761
16.344032130 0.996969278 -0.013226524 0.073811060 -0.020718231
16.363725660 0.996970518 -0.013236126 0.073795122 -0.020709222
16.383849260 0.996970333 -0.013251864 0.073791430 -0.020721219
16.404099092 0.996969694 -0.013254241 0.073797092 -0.020730268
16.424263820 0.996970035 -0.013263783 0.073790872 -0.020729895
16.444448033 0.996969226 -0.013258531 0.073806914 -0.020715028
16.464586634 0.996970223 -0.013260259 0.073798711 -0.020695157
16.484779475 0.996971189 -0.013250826 0.073793346 -0.020673801
16.505041406 0.996971947 -0.013250606 0.073784811 -0.020667863
16.525638446 0.996970967 -0.013252617 0.073790058 -0.020695105
16.545823795 0.996970380 -0.013269655 0.073793917 -0.020698666
16.565763752 0.996969941 -0.013267995 0.073796651 -0.020711146
16.586035160 0.996969878 -0.013277230 0.073795933 -0.020710795
16.605912667 0.996969470 -0.013272177 0.073803567 -0.020706512
16.625999465 0.996970452 -0.013262362 0.073798021 -0.020685258
16.646164933 0.996969468 -0.013266763 0.073804953 -0.020705102
16.666316529 0.996970579 -0.013267199 0.073796242 -0.020682392
16.686550839 0.996970215 -0.013265273 0.073801792 -0.020681360
16.706726351 0.996970176 -0.013263245 0.073798431 -0.020696503
16.726944439 0.996969811 -0.013245282 0.073805645 -0.020699890
16.747130855 0.996968294 -0.013253314 0.073817302 -0.020726222
16.767374939 0.996968425 -0.013248685 0.073816349 -0.020726282
16.787723876 0.996968557 -0.013245141 0.073814727 -0.020727955
16.807776649 0.996968467 -0.013242661 0.073815347 -0.020731671
16.827795829 0.996968804 -0.013233702 0.073810376 -0.020738879
16.847999872 0.996968974 -0.013218120 0.073813465 -0.020729635
16.868121519 0.996969473 -0.013202986 0.073808957 -0.020731359
16.888311633 0.996969785 -0.013198232 0.073804838 -0.020734040
16.908654619 0.996970593 -0.013202539 0.073795430 -0.020725941
16.928719555 0.996972365 -0.013194129 0.073778231 -0.020707245
16.948913328 0.996971197 -0.013186452 0.073793193 -0.020715102
16.969012163 0.996970822 -0.013195103 0.073798613 -0.020708306
16.989276112 0.996972181 -0.013180753 0.073786207 -0.020696247
17.009410107 0.996971955 -0.013181879 0.073786083 -0.020706812
17.029597832 0.996971656 -0.013184598 0.073789567 -0.020707070
17.049707876 0.996972849 -0.013186265 0.073778967 -0.020686352
17.069896895 0.996973720 -0.013179852 0.073768643 -0.020685250
17.090230336 0.996973769 -0.013165494 0.073768470 -0.020692670
17.110338894 0.996973510 -0.013186464 0.073766494 -0.020698821
17.130649198 0.996973102 -0.013203911 0.073768820 -0.020699065
17.150688912 0.996972775 -0.013214698 0.073772785 -0.020693800
17.170990233 0.996974254 -0.013215356 0.073749548 -0.020704955
17.190942450 0.996973698 -0.013222005 0.073754388 -0.020710256
17.211125169 0.996974117 -0.013208628 0.073751138 -0.020710189
17.231292545 0.996973955 -0.013205563 0.073749883 -0.020724406
17.251503068 0.996975191 -0.013194500 0.073735800 -0.020722117
17.271682403 0.996974862 -0.013195394 0.073738854 -0.020726513
17.292027437 0.996975040 -0.013193912 0.073734994 -0.020732626
17.312443449 0.996974685 -0.013187306 0.073737435 -0.020745195
17.332246948 0.996974390 -0.013170234 0.073744083 -0.020746593
17.352440795 0.996974492 -0.013173034 0.073742550 -0.020745339
17.372724785 0.996973970 -0.013163770 0.073741839 -0.020778820
17.392744946 0.996973673 -0.013168286 0.073744038 -0.020782397
17.412897920 0.996973023 -0.013174068 0.073757166 -0.020763336
17.433059121 0.996973464 -0.013160815 0.073754458 -0.020760189
17.453329965 0.996973191 -0.013152523 0.073751588 -0.020788707
17.473463563 0.996972826 -0.013127829 0.073760346 -0.020790783
17.493813842 0.996972335 -0.013099145 0.073771295 -0.020793557
17.514012535 0.996971720 -0.013097628 0.073781636 -0.020787324
17.534106703 0.996970854 -0.013106693 0.073791710 -0.020787344
17.554305443 0.996970734 -0.013114006 0.073796117 -0.020772842
17.574340938 0.996971231 -0.013117906 0.073796155 -0.020746388
17.594532779 0.996971603 -0.013115418 0.073785907 -0.020766507
17.614731548 0.996971561 -0.013119693 0.073788539 -0.020756481
17.634874710 0.996971260 -0.013135405 0.073792378 -0.020747377
17.655013872 0.996972080 -0.013105323 0.073789715 -0.020736450
17.675201232 0.996972621 -0.013100398 0.073789346 -0.020714853
17.695848689 0.996971789 -0.013113543 0.073800482 -0.020706882
17.715896586 0.996972058 -0.013112727 0.073800404 -0.020694720
17.735895945 0.996973428 -0.013104574 0.073789089 -0.020674232
17.756053483 0.996973484 -0.013123926 0.073781934 -0.020684819
17.776148690 0.996972679 -0.013126934 0.073790104 -0.020692541
17.796324592 0.996971535 -0.013136817 0.073801461 -0.020700905
17.816512337 0.996972741 -0.013145499 0.073791037 -0.020674454
17.836691051 0.996972480 -0.013150675 0.073792744 -0.020677661
17.856818168 0.996973243 -0.013145783 0.073784774 -0.020672418
17.877001175 0.996972610 -0.013144061 0.073794963 -0.020667644
17.897558386 0.996972849 -0.013169334 0.073790016 -0.020657695
17.917432166 0.996972212 -0.013171512 0.073797496 -0.020660341
17.937675621 0.996972832 -0.013170035 0.073786836 -0.020669407
17.957800720 0.996972527 -0.013161248 0.073792969 -0.020667860
17.977896860 0.996973145 -0.013158775 0.073788952 -0.020653943
17.998067652 0.996972445 -0.013148656 0.073795579 -0.020670491
18.018207400 0.996971896 -0.013141554 0.073802849 -0.020675525
18.038450692 0.996972252 -0.013162710 0.073801388 -0.020650114
18.058864324 0.996972723 -0.013171125 0.073792729 -0.020652952
18.078765175 0.996972902 -0.013173344 0.073791730 -0.020646476
18.098959728 0.996972294 -0.013173373 0.073802049 -0.020638908
18.119167253 0.996970362 -0.013182993 0.073821757 -0.020655599
18.139356280 0.996970281 -0.013156418 0.073830779 -0.020644231
18.159652939 0.996971523 -0.013171453 0.073806123 -0.020662796
18.179845677 0.996971291 -0.013166850 0.073808538 -0.020668301
18.199914160 0.996970588 -0.013162091 0.073816539 -0.020676684
18.220040048 0.996971270 -0.013163590 0.073809292 -0.020668687
18.240168093 0.996971364 -0.013188491 0.073808429 -0.020651350
18.260434903 0.996969869 -0.013207201 0.073821913 -0.020663363
18.280665624 0.996968432 -0.013209732 0.073843493 -0.020654001
18.300790312 0.996969433 -0.013213154 0.073834326 -0.020636245
18.321048295 0.996971030 -0.013206886 0.073819761 -0.020615184
18.341115515 0.996971017 -0.013200858 0.073823735 -0.020605448
18.361252229 0.996971307 -0.013189416 0.073826822 -0.020587688
18.381495768 0.996971377 -0.013185685 0.073827642 -0.020583731
18.401590167 0.996972143 -0.013173895 0.073821480 -0.020576267
18.421882511 0.996973311 -0.013156015 0.073804902 -0.020590593
18.442022312 0.996973716 -0.013160997 0.073799789 -0.020586141
18.462175096 0.996974020 -0.013160252 0.073797687 -0.020579422
18.482386006 0.996973520 -0.013159441 0.073803157 -0.020584541
18.502593580 0.996972992 -0.013160963 0.073809100 -0.020587826
18.522720041 0.996972999 -0.013155229 0.073808646 -0.020592794
18.542905837 0.996972818 -0.013165388 0.073811648 -0.020584307
18.563061975 0.996973557 -0.013153827 0.073808137 -0.020568470
18.583206487 0.996973226 -0.013152019 0.073811721 -0.020572807
18.603369724 0.996972771 -0.013139255 0.073819572 -0.020574872
18.623578847 0.996971679 -0.013146306 0.073831774 -0.020579502
18.643809652 0.996971111 -0.013160047 0.073834578 -0.020588145
18.664011033 0.996971382 -0.013137656 0.073833580 -0.020592887
18.684405104 0.996971164 -0.013164831 0.073829990 -0.020598966
18.704677672 0.996971660 -0.013168683 0.073821099 -0.020604353
18.724498921 0.996972639 -0.013144047 0.073816746 -0.020588310
18.744612135 0.996971966 -0.013148648 0.073821427 -0.020601184
18.764794656 0.996972371 -0.013142249 0.073820400 -0.020589373
18.785009703 0.996971846 -0.013135724 0.073829921 -0.020584785
18.805218778 0.996971891 -0.013145253 0.073828874 -0.020580303
18.825419972 0.996972361 -0.013125108 0.073828211 -0.020572768
18.845505407 0.996972904 -0.013119192 0.073821235 -0.020575248
18.865639142 0.996973238 -0.013125320 0.073818624 -0.020564520
18.886029374 0.996973521 -0.013131724 0.073813492 -0.020565117
18.906151066 0.996974788 -0.013122897 0.073796704 -0.020569570
18.926351175 0.996974632 -0.013144731 0.073794622 -0.020570680
18.946415867 0.996974922 -0.013143275 0.073794249 -0.020558876
18.966590356 0.996975831 -0.013136154 0.073790743 -0.020531929
18.986743050 0.996975928 -0.013134754 0.073789398 -0.020532939
19.006907135 0.996976344 -0.013117407 0.073785217 -0.020538858
19.027130066 0.996977096 -0.013097032 0.073779688 -0.020535230
19.047245866 0.996977645 -0.013103836 0.073772020 -0.020531791
19.067453685 0.996978119 -0.013079032 0.073763551 -0.020554974
19.087645589 0.996978280 -0.013078310 0.073766441 -0.020537246
19.107916092 0.996977529 -0.013098048 0.073773081 -0.020537294
19.128073424 0.996977080 -0.013083413 0.073777872 -0.020551184
19.148160754 0.996976219 -0.013089259 0.073787385 -0.020555113
19.168336665 0.996976039 -0.013083870 0.073789947 -0.020558078
19.188614516 0.996976876 -0.013077591 0.073779755 -0.020558041
19.209125078 0.996976673 -0.013066604 0.073779077 -0.020577274
19.228865736 0.996977653 -0.013052257 0.073769041 -0.020574895
19.249093014 0.996977605 -0.013059301 0.073768996 -0.020572942
19.269243307 0.996977857 -0.013064338 0.073757646 -0.020598207
19.289596830 0.996978003 -0.013054722 0.073756529 -0.020601214
19.309730094 0.996979388 -0.013037986 0.073745544 -0.020584132
19.329782749 0.996979347 -0.013042159 0.073745459 -0.020583737
19.350091750 0.996978695 -0.013041043 0.073754231 -0.020584635
19.370113822 0.996978750 -0.013036454 0.073751066 -0.020596214
19.390448362 0.996978030 -0.013028227 0.073769177 -0.020571363
19.410474783 0.996977512 -0.013022908 0.073777707 -0.020569240
19.430616121 0.996977383 -0.013020427 0.073780783 -0.020566053
19.450831336 0.996976340 -0.013034405 0.073785446 -0.020590993
19.471249039 0.996975815 -0.013044595 0.073792495 -0.020584735
19.491458537 0.996976693 -0.013038036 0.073782763 -0.020581255
19.511408357 0.996976037 -0.013047489 0.073780665 -0.020614491
19.531771108 0.996975967 -0.013021791 0.073791872 -0.020594009
19.551776030 0.996976142 -0.013027111 0.073790169 -0.020588301
19.571888558 0.996975904 -0.013015442 0.073792013 -0.020600581
19.592417001 0.996975513 -0.013024824 0.073790973 -0.020617292
19.612226496 0.996975877 -0.013040817 0.073790837 -0.020590044
19.632415474 0.996976264 -0.013028324 0.073789816 -0.020582871
19.652636677 0.996976073 -0.013041242 0.073789731 -0.020584245
19.673065451 0.996975975 -0.013045522 0.073797952 -0.020556780
19.692976198 0.996976588 -0.013056356 0.073792798 -0.020538683
19.713664426 0.996975702 -0.013049997 0.073804292 -0.020544415
19.733369652 0.996975772 -0.013044428 0.073804725 -0.020543006
19.753480246 0.996975223 -0.013044078 0.073812016 -0.020543685
19.773710157 0.996975013 -0.013044125 0.073813637 -0.020548004
19.793879302 0.996975449 -0.013049005 0.073812855 -0.020526583
19.814049781 0.996975775 -0.013031690 0.073808960 -0.020535727
19.834211362 0.996976120 -0.013028710 0.073810926 -0.020513820
19.854394077 0.996975735 -0.013030391 0.073813888 -0.020520764
19.874818878 0.996975066 -0.013030229 0.073819805 -0.020532100
19.894977394 0.996975563 -0.013059910 0.073808229 -0.020530715
19.914891123 0.996976698 -0.013065995 0.073795503 -0.020517482
19.935075161 0.996976869 -0.013057890 0.073791525 -0.020528629
19.955276566 0.996976872 -0.013059468 0.073789851 -0.020533521
19.975537452 0.996976872 -0.013069479 0.073787619 -0.020535164
19.995663779 0.996977878 -0.013056577 0.073782729 -0.020512103
20.015839878 0.996977494 -0.013072715 0.073780020 -0.020530180
20.036032615 0.996977374 -0.013080802 0.073781669 -0.020524975
20.056160654 0.996975990 -0.013086033 0.073797837 -0.020530704
20.076718125 0.996976024 -0.013098124 0.073800090 -0.020513249
20.096635517 0.996977515 -0.013109097 0.073782158 -0.020498284
20.116672812 0.996976641 -0.013116054 0.073791843 -0.020501496
20.137013341 0.996976754 -0.013107362 0.073787543 -0.020517008
20.157045012 0.996976651 -0.013115352 0.073786631 -0.020520185
20.177210042 0.996976352 -0.013113703 0.073787684 -0.020531988
20.197427678 0.996977442 -0.013095074 0.073781508 -0.020513141
20.217671409 0.996977280 -0.013098271 0.073788423 -0.020494051
20.237752126 0.996979113 -0.013088545 0.073767288 -0.020487192
20.258060115 0.996978209 -0.013082725 0.073778412 -0.020494836
20.278229666 0.996978662 -0.013088935 0.073778550 -0.020468331
20.298242490 0.996977895 -0.013093213 0.073795829 -0.020440635
20.318542005 0.996977287 -0.013073861 0.073804116 -0.020452769
20.338724672 0.996977176 -0.013085164 0.073804783 -0.020448557
20.359047007 0.996978490 -0.013099525 0.073786729 -0.020440419
20.379142455 0.996977605 -0.013096717 0.073799221 -0.020440326
20.399148145 0.996977730 -0.013106415 0.073793435 -0.020448865
20.419349142 0.996978765 -0.013103444 0.073782830 -0.020438584
20.439495054 0.996978127 -0.013110871 0.073794851 -0.020421522
20.460076347 0.996977705 -0.013116914 0.073797973 -0.020426983
20.479984424 0.996977037 -0.013135723 0.073798954 -0.020443949
20.500399693 0.996976790 -0.013136011 0.073803338 -0.020439970
20.520457407 0.996976655 -0.013123004 0.073812688 -0.020421164
20.540403453 0.996977119 -0.013116561 0.073805958 -0.020426977
20.560676714 0.996977256 -0.013111215 0.073806599 -0.020421390
20.580790472 0.996978071 -0.013089305 0.073797491 -0.020428575
20.601083576 0.996979558 -0.013077959 0.073783579 -0.020413516
20.621293454 0.996978936 -0.013087144 0.073786246 -0.020428344
20.641373064 0.996978406 -0.013087731 0.073789853 -0.020440802
20.661508637 0.996978263 -0.013080310 0.073797470 -0.020425050
20.681795116 0.996977760 -0.013079223 0.073801139 -0.020437043
20.702071875 0.996977839 -0.013081707 0.073804362 -0.020419911
20.722011294 0.996976805 -0.013085182 0.073815697 -0.020427199
20.742320717 0.996975703 -0.013095458 0.073824147 -0.020443860
20.762393978 0.996975758 -0.013103010 0.073818954 -0.020455079
20.782547305 0.996976523 -0.013094389 0.073813450 -0.020443169
20.802743895 0.996976809 -0.013093981 0.073810296 -0.020440917
20.822893221 0.996975511 -0.013106193 0.073823915 -0.020447190
20.843642999 0.996975824 -0.013096031 0.073819126 -0.020455745
20.863249606 0.996976297 -0.013092533 0.073816053 -0.020446004
20.883451730 0.996976289 -0.013066792 0.073822197 -0.020440694
20.903825439 0.996977191 -0.013053443 0.073813608 -0.020436220
20.923805634 0.996977417 -0.013050455 0.073812514 -0.020431075
20.944009734 0.996975926 -0.013060778 0.073826503 -0.020446656
20.964114516 0.996975646 -0.013072637 0.073829450 -0.020442094
20.984305330 0.996975191 -0.013063643 0.073830595 -0.020465903
21.004589874 0.996975412 -0.013083317 0.073819855 -0.020481283
21.024698963 0.996976550 -0.013074004 0.073803537 -0.020490663
21.045029490 0.996976239 -0.013084461 0.073805801 -0.020490946
21.065164591 0.996975933 -0.013068778 0.073806564 -0.020513096
21.085523428 0.996976518 -0.013064772 0.073797729 -0.020518997
21.105537592 0.996976121 -0.013065796 0.073802731 -0.020519663
21.125726409 0.996976598 -0.013068038 0.073799247 -0.020507555
21.145798846 0.996976966 -0.013072097 0.073793244 -0.020508682
21.166055764 0.996975662 -0.013067899 0.073814840 -0.020497020
21.186168846 0.996975417 -0.013065410 0.073817561 -0.020500763
21.206227227 0.996975014 -0.013086735 0.073821047 -0.020494168
21.226766801 0.996976086 -0.013091305 0.073804006 -0.020500496
21.246846179 0.996977294 -0.013099808 0.073787445 -0.020495929
21.267013488 0.996977697 -0.013096599 0.073783356 -0.020493082
21.287050985 0.996977170 -0.013096355 0.073788079 -0.020501863
21.307166286 0.996978274 -0.013077834 0.073780176 -0.020488441
21.327320403 0.996979292 -0.013069033 0.073767133 -0.020491493
21.347510656 0.996980689 -0.013039926 0.073754553 -0.020487365
21.367673224 0.996981191 -0.013038047 0.073751208 -0.020476151
21.387919875 0.996981520 -0.013027609 0.073748304 -0.020477229
21.408109265 0.996980814 -0.013042494 0.073756565 -0.020472418
21.428177830 0.996980049 -0.013043581 0.073760785 -0.020493752
21.448371105 0.996980397 -0.013071701 0.073755637 -0.020477438
21.468577702 0.996979347 -0.013074186 0.073765189 -0.020492528
21.488828231 0.996979204 -0.013089005 0.073764467 -0.020492625
21.508926851 0.996979738 -0.013091894 0.073759910 -0.020481224
21.529057101 0.996979137 -0.013093646 0.073766287 -0.020486401
21.549238257 0.996978944 -0.013071388 0.073768677 -0.020501382
21.569428353 0.996979196 -0.013065599 0.073763916 -0.020509940
21.589685877 0.996977727 -0.013078755 0.073777952 -0.020522488
21.609959232 0.996976631 -0.013089189 0.073785955 -0.020540259
21.630245306 0.996975965 -0.013076798 0.073793214 -0.020554397
21.650184620 0.996973933 -0.013097644 0.073814996 -0.020561475
21.670447002 0.996973861 -0.013095173 0.073815803 -0.020563681
21.690697391 0.996972870 -0.013092914 0.073827071 -0.020572711
21.710702499 0.996972946 -0.013091412 0.073825470 -0.020575716
21.730870995 0.996973780 -0.013091942 0.073820310 -0.020553482
21.751085517 0.996973714 -0.013083322 0.073818430 -0.020568899
21.771199769 0.996973217 -0.013087037 0.073821788 -0.020578591
21.791466927 0.996973140 -0.013085965 0.073824321 -0.020573890
21.811919557 0.996972152 -0.013087327 0.073838049 -0.020571660
21.831902566 0.996971674 -0.013103518 0.073842893 -0.020567134
21.852015292 0.996971881 -0.013085647 0.073839037 -0.020582320
21.872219977 0.996972976 -0.013071023 0.073824773 -0.020589694
21.892249588 0.996972688 -0.013072656 0.073829288 -0.020586458
21.912497703 0.996973304 -0.013081161 0.073823280 -0.020572727
21.932689562 0.996972778 -0.013077057 0.073831226 -0.020572339
21.952790653 0.996972087 -0.013084888 0.073835538 -0.020585373
21.973006316 0.996971178 -0.013089119 0.073851323 -0.020570056
21.993176260 0.996970862 -0.013085795 0.073847405 -0.020601537
22.013439872 0.996970966 -0.013094012 0.073844040 -0.020603345
22.033647017 0.996970964 -0.013098676 0.073848623 -0.020584028
22.053812989 0.996970885 -0.013085459 0.073848385 -0.020597124
22.074022600 0.996970108 -0.013080665 0.073855996 -0.020610477
22.094042551 0.996970150 -0.013084560 0.073858391 -0.020597378
22.114256909 0.996969713 -0.013096032 0.073858352 -0.020611360
22.134528006 0.996969250 -0.013096568 0.073868158 -0.020598289
22.154638008 0.996968816 -0.013101311 0.073870371 -0.020608335
22.174825662 0.996968265 -0.013116303 0.073879005 -0.020594512
22.195320421 0.996969165 -0.013105489 0.073866053 -0.020604290
22.215450413 0.996969931 -0.013098450 0.073852580 -0.020619972
22.235512008 0.996970010 -0.013098780 0.073848376 -0.020631021
22.255498703 0.996969498 -0.013097883 0.073855618 -0.020630376
22.275630943 0.996969978 -0.013095313 0.073851102 -0.020624976
22.295849844 0.996970224 -0.013092580 0.073854828 -0.020601488
22.315991387 0.996969530 -0.013098025 0.073862938 -0.020602545
22.336172758 0.996970117 -0.013081852 0.073853528 -0.020618135
22.356364449 0.996970266 -0.013077697 0.073853968 -0.020611987
22.376526874 0.996969604 -0.013079573 0.073860051 -0.020621013
22.397341309 0.996969239 -0.013089857 0.073859860 -0.020632798
22.417032237 0.996969556 -0.013092928 0.073861867 -0.020608361
22.437168477 0.996968305 -0.013110035 0.073877531 -0.020601855
22.457252944 0.996966904 -0.013120049 0.073888134 -0.020625256
22.477433511 0.996966698 -0.013121801 0.073889894 -0.020627787
22.497638403 0.996966676 -0.013141500 0.073883558 -0.020638971
22.517832378 0.996965738 -0.013150930 0.073897468 -0.020628473
22.538012144 0.996964969 -0.013160036 0.073905610 -0.020630696
22.558272425 0.996964672 -0.013166819 0.073908189 -0.020631441
22.578264437 0.996964351 -0.013167462 0.073913519 -0.020627450
22.598504849 0.996963969 -0.013145771 0.073923274 -0.020624814
22.618765118 0.996965546 -0.013157127 0.073905457 -0.020605196
22.638989560 0.996965200 -0.013161895 0.073908846 -0.020606725
22.659074523 0.996966608 -0.013165117 0.073899376 -0.020570458
22.679174656 0.996966440 -0.013148378 0.073905712 -0.020566549
22.699383017 0.996967126 -0.013141581 0.073899533 -0.020559861
22.719612933 0.996966372 -0.013147725 0.073908963 -0.020558595
22.739780569 0.996965451 -0.013153695 0.073915813 -0.020574781
22.759967433 0.996966344 -0.013149181 0.073903680 -0.020577990
22.780191513 0.996965179 -0.013119909 0.073918135 -0.020601198
22.800363038 0.996965398 -0.013116712 0.073910140 -0.020621323
22.820520096 0.996965290 -0.013135273 0.073906439 -0.020627988
22.841034665 0.996966435 -0.013146707 0.073885003 -0.020642134
22.860832070 0.996966769 -0.013134918 0.073881759 -0.020645130
22.880992290 0.996966611 -0.013133164 0.073883831 -0.020646465
22.901159263 0.996968124 -0.013118370 0.073872085 -0.020624809
22.921437448 0.996967650 -0.013100457 0.073882344 -0.020622362
22.941545827 0.996967754 -0.013103249 0.073876370 -0.020636968
22.961726451 0.996967475 -0.013113939 0.073880390 -0.020629248
22.982451627 0.996968100 -0.013103005 0.073875211 -0.020624527
23.002125777 0.996969094 -0.013085259 0.073864888 -0.020624739
23.022397578 0.996969003 -0.013083420 0.073868931 -0.020615811
23.042588428 0.996969195 -0.013093556 0.073861290 -0.020627500
23.062697514 0.996969707 -0.013091955 0.073853744 -0.020630744
23.082747832 0.996970031 -0.013117264 0.073847894 -0.020619990
23.102881292 0.996969742 -0.013115238 0.073848747 -0.020632171
23.123088462 0.996970091 -0.013116117 0.073839577 -0.020647552
23.143252267 0.996969424 -0.013138339 0.073843591 -0.020651287
23.163430536 0.996969470 -0.013157005 0.073840787 -0.020647215
23.183785225 0.996969319 -0.013163233 0.073838759 -0.020657769
23.204202489 0.996968904 -0.013142048 0.073850211 -0.020650353
23.223993786 0.996969031 -0.013140121 0.073848361 -0.020652085
23.244128685 0.996969120 -0.013148016 0.073847319 -0.020646455
23.264314826 0.996969281 -0.013161392 0.073839209 -0.020659186
23.284554853 0.996968454 -0.013175872 0.073842281 -0.020678859
23.304798447 0.996969664 -0.013146073 0.073833285 -0.020671625
23.325024500 0.996969434 -0.013167740 0.073828931 -0.020684463
23.345087236 0.996970087 -0.013162043 0.073826736 -0.020664465
23.365442403 0.996971256 -0.013146293 0.073818675 -0.020646867
23.385416608 0.996971221 -0.013149737 0.073817960 -0.020648930
23.405806627 0.996972945 -0.013128125 0.073807705 -0.020616063
23.425817397 0.996974539 -0.013111338 0.073791613 -0.020607261
23.445994706 0.996974088 -0.013099224 0.073795539 -0.020622724
23.466158589 0.996974429 -0.013111196 0.073792645 -0.020608982
23.486378409 0.996974628 -0.013114212 0.073794680 -0.020590123
23.506789645 0.996973772 -0.013122776 0.073800016 -0.020606985
23.526764986 0.996973742 -0.013123464 0.073799271 -0.020610653
23.546918907 0.996973282 -0.013103880 0.073808966 -0.020610658
23.567014823 0.996973043 -0.013093818 0.073814289 -0.020609585
23.587184840 0.996973862 -0.013098713 0.073800629 -0.020615735
23.607422871 0.996973582 -0.013106150 0.073806943 -0.020601978
23.627582371 0.996973139 -0.013094760 0.073812224 -0.020611716
23.647770129 0.996973736 -0.013092210 0.073811136 -0.020588344
23.667916168 0.996974360 -0.013097189 0.073802679 -0.020585271
23.688324009 0.996974697 -0.013105515 0.073790517 -0.020607249
23.708520922 0.996974788 -0.013098117 0.073790281 -0.020608405
23.728443494 0.996975011 -0.013086763 0.073788849 -0.020609951
23.748689215 0.996974839 -0.013075286 0.073795410 -0.020602037
23.768790920 0.996975071 -0.013077748 0.073790491 -0.020606870
23.789055985 0.996974807 -0.013074425 0.073789747 -0.020624405
23.809285549 0.996975089 -0.013088844 0.073784896 -0.020619006
23.829305445 0.996974809 -0.013096752 0.073782177 -0.020637253
23.849516568 0.996973445 -0.013100276 0.073801573 -0.020631549
23.869694169 0.996972641 -0.013093340 0.073813384 -0.020632562
23.889858261 0.996971656 -0.013090599 0.073822872 -0.020647945
23.910159408 0.996971956 -0.013117071 0.073812019 -0.020655441
23.930245412 0.996972223 -0.013116226 0.073808849 -0.020654417
23.950373703 0.996971997 -0.013097180 0.073810287 -0.020672287
23.970647943 0.996972601 -0.013086272 0.073810037 -0.020650934
23.990895662 0.996973518 -0.013068313 0.073802554 -0.020644767
24.011004448 0.996972871 -0.013078867 0.073804226 -0.020663370
24.031473664 0.996972958 -0.013095980 0.073801001 -0.020659820
24.051423165 0.996973190 -0.013071950 0.073803311 -0.020655593
24.071575589 0.996971643 -0.013081532 0.073817214 -0.020674533
24.091754329 0.996971964 -0.013075711 0.073813931 -0.020674425
24.111811252 0.996971638 -0.013085581 0.073816735 -0.020673912
24.131983937 0.996972341 -0.013056481 0.073807310 -0.020692066
24.152108343 0.996973529 -0.013045142 0.073795589 -0.020683755
24.172296984 0.996973271 -0.013056792 0.073795855 -0.020687871
24.192806944 0.996973516 -0.013053374 0.073800410 -0.020661966
24.212809783 0.996974297 -0.013045106 0.073793562 -0.020653994
24.232981161 0.996974465 -0.013046358 0.073789334 -0.020660197
24.253049115 0.996974433 -0.013049602 0.073789442 -0.020659296
24.273243702 0.996974177 -0.013050148 0.073794743 -0.020652372
24.293355407 0.996975438 -0.013057710 0.073780066 -0.020639129
24.313561581 0.996975509 -0.013059547 0.073781994 -0.020627650
24.333754133 0.996974813 -0.013044778 0.073792266 -0.020633893
24.354041025 0.996974861 -0.013045967 0.073791723 -0.020632746
24.374169084 0.996973430 -0.013035729 0.073803386 -0.020666636
24.394242368 0.996974074 -0.013042298 0.073793279 -0.020667502
24.414475874 0.996973821 -0.013046260 0.073798586 -0.020658247
24.434630657 0.996973610 -0.013051252 0.073801608 -0.020654492
24.454849363 0.996972933 -0.013046423 0.073813653 -0.020647199
24.475407533 0.996972684 -0.013041986 0.073819508 -0.020641068
24.495219121 0.996972641 -0.013033648 0.073827638 -0.020619349
24.515485606 0.996973122 -0.013029089 0.073822715 -0.020616572
24.535965555 0.996972804 -0.013027742 0.073828244 -0.020613013
24.555684836 0.996972652 -0.013034467 0.073829477 -0.020611693
24.575911667 0.996972554 -0.013023648 0.073829321 -0.020623823
24.596047914 0.996974180 -0.013018030 0.073807980 -0.020625151
24.616241362 0.996973511 -0.013020528 0.073816677 -0.020624808
24.636473408 0.996973554 -0.013003981 0.073819948 -0.020621456
24.656628266 0.996972511 -0.013025814 0.073832203 -0.020614216
24.676894489 0.996972207 -0.013033362 0.073832101 -0.020624517
24.696953555 0.996972195 -0.013032990 0.073831598 -0.020627150
24.717215947 0.996971783 -0.013031727 0.073839301 -0.020620250
24.737243838 0.996971658 -0.013046339 0.073837461 -0.020623668
24.757492885 0.996971542 -0.013054288 0.073837604 -0.020623746
24.777648922 0.996972053 -0.013046038 0.073837820 -0.020603474
24.797852105 0.996971941 -0.013040220 0.073836467 -0.020617390
24.818025429 0.996972408 -0.013047319 0.073824919 -0.020631672
24.838195679 0.996973264 -0.013047818 0.073814572 -0.020627049
24.858395184 0.996972404 -0.013051570 0.073826341 -0.020624111
24.878537913 0.996972310 -0.013048956 0.073829599 -0.020618628
24.898728770 0.996971788 -0.013046811 0.073835098 -0.020625552
24.919025833 0.996971328 -0.013055364 0.073839755 -0.020625681
24.939107988 0.996970117 -0.013066513 0.073849400 -0.020642619
24.959396519 0.996970154 -0.013042409 0.073847492 -0.020662906
24.979792699 0.996970379 -0.013029496 0.073842801 -0.020676929
24.999662174 0.996970626 -0.013038813 0.073837916 -0.020676603
25.019915903 0.996971621 -0.013030263 0.073825084 -0.020679846
25.040134024 0.996971343 -0.013023682 0.073824556 -0.020699261
25.060171594 0.996971474 -0.013026276 0.073823786 -0.020694098
25.080332369 0.996971302 -0.013025165 0.073827090 -0.020691282
25.100516938 0.996971183 -0.012999515 0.073829733 -0.020703691
25.120703191 0.996969596 -0.013013066 0.073847842 -0.020707015
25.140864609 0.996969329 -0.013009444 0.073850232 -0.020713612
25.161093051 0.996969664 -0.013005991 0.073849111 -0.020703678
25.181248677 0.996970408 -0.012996496 0.073840570 -0.020704260
25.201340990 0.996970512 -0.013004333 0.073839401 -0.020698505
25.221666643 0.996970752 -0.013017857 0.073829994 -0.020711989
25.242031251 0.996970666 -0.013006738 0.073824553 -0.020742519
25.261972171 0.996971214 -0.013021241 0.073818937 -0.020727032
25.282174424 0.996971154 -0.013009764 0.073820523 -0.020731473
25.302234030 0.996972263 -0.013011032 0.073806895 -0.020725866
25.322480395 0.996971952 -0.013018102 0.073806957 -0.020736185
25.342682593 0.996970229 -0.013046929 0.073828052 -0.020725824
25.362806045 0.996969524 -0.013048617 0.073835785 -0.020731115
25.383009670 0.996970347 -0.013047367 0.073828448 -0.020718462
25.403115504 0.996970107 -0.013035238 0.073826746 -0.020743677
25.423347680 0.996971084 -0.013039595 0.073815394 -0.020734394
25.443516386 0.996969561 -0.013032546 0.073831229 -0.020755664
25.464061821 0.996969060 -0.013037237 0.073836068 -0.020759558
25.483945173 0.996970099 -0.013040331 0.073819982 -0.020764936
25.504188502 0.996970317 -0.013042471 0.073815498 -0.020769064
25.524289007 0.996970159 -0.013032648 0.073818221 -0.020773136
25.544468216 0.996969636 -0.013038849 0.073821252 -0.020783574
25.564668596 0.996969376 -0.013029465 0.073822730 -0.020796658
25.584779921 0.996967147 -0.013058811 0.073849437 -0.020790304
25.605072935 0.996966820 -0.013040298 0.073858109 -0.020786801
25.625245295 0.996967173 -0.013041964 0.073846659 -0.020809462
25.645316108 0.996968699 -0.013029160 0.073835158 -0.020785187
25.665617563 0.996968725 -0.013019612 0.073836426 -0.020785422
25.685820151 0.996969025 -0.013001393 0.073827521 -0.020814024
25.705958748 0.996969187 -0.013006995 0.073824832 -0.020812307
25.726061377 0.996969235 -0.013027491 0.073818222 -0.020820646
25.746124034 0.996970159 -0.013020508 0.073806777 -0.020821361
25.766326819 0.996969234 -0.013005562 0.073814033 -0.020849233
25.786651981 0.996968778 -0.012999628 0.073824687 -0.020837019
25.806903936 0.996968641 -0.013019685 0.073826719 -0.020823826
25.827089651 0.996967193 -0.013007834 0.073834554 -0.020872732
25.847274528 0.996967765 -0.013015235 0.073829445 -0.020858853
25.867199161 0.996968022 -0.013021368 0.073825863 -0.020855410
25.887491640 0.996968308 -0.013024674 0.073823783 -0.020847038
25.907786040 0.996968337 -0.013037479 0.073820416 -0.020849593
25.927819381 0.996968703 -0.013043966 0.073812805 -0.020854964
25.947959946 0.996968885 -0.013031655 0.073813731 -0.020850696
25.968417514 0.996970014 -0.013029353 0.073799321 -0.020849182
25.988458364 0.996969060 -0.013036450 0.073812562 -0.020843485
26.008540546 0.996969027 -0.013044365 0.073813583 -0.020836466
26.028615430 0.996969026 -0.013054697 0.073809282 -0.020845278
26.048815525 0.996969655 -0.013057632 0.073801267 -0.020841757
26.069050684 0.996971207 -0.013059248 0.073778128 -0.020848427
26.089205912 0.996970475 -0.013040082 0.073786407 -0.020866128
26.109703755 0.996970141 -0.013033987 0.073791946 -0.020866280
26.129854121 0.996970415 -0.013012564 0.073794065 -0.020859085
26.149789361 0.996971512 -0.013021879 0.073786881 -0.020826230
26.169983701 0.996971663 -0.013026743 0.073783354 -0.020828413
26.190127571 0.996971349 -0.013023398 0.073787089 -0.020832309
26.210198196 0.996971341 -0.013041539 0.073780123 -0.020846029
26.230378997 0.996971081 -0.013053049 0.073783326 -0.020839932
26.250720931 0.996970412 -0.013057727 0.073787794 -0.020853151
26.270899170 0.996970875 -0.013061439 0.073775437 -0.020872430
26.291350799 0.996971522 -0.013051698 0.073771562 -0.020861285
26.311222408 0.996970841 -0.013029867 0.073788719 -0.020846797
26.331305029 0.996971364 -0.013028523 0.073783554 -0.020840946
26.351506824 0.996971400 -0.013024442 0.073779504 -0.020856093
26.371673408 0.996970905 -0.013030023 0.073789363 -0.020841375
26.391888233 0.996970247 -0.013023794 0.073801466 -0.020833887
26.412246326 0.996971774 -0.013023544 0.073782641 -0.020827637
26.432209344 0.996971739 -0.013043926 0.073780656 -0.020823604
26.452363234 0.996971047 -0.013071722 0.073793021 -0.020795478
26.472535177 0.996969877 -0.013094298 0.073799028 -0.020816027
26.493259879 0.996970231 -0.013094569 0.073793910 -0.020817059
26.513068386 0.996970726 -0.013078351 0.073792635 -0.020808064
26.533088596 0.996970609 -0.013081591 0.073794614 -0.020804586
26.553261289 0.996971271 -0.013095994 0.073788426 -0.020785773
26.573474814 0.996972244 -0.013103048 0.073770822 -0.020797126
26.594034946 0.996973010 -0.013099510 0.073761080 -0.020797195
26.613822663 0.996973901 -0.013092518 0.073751487 -0.020792910
26.634132270 0.996973631 -0.013102802 0.073750375 -0.020803294
26.654200927 0.996973751 -0.013103878 0.073749002 -0.020801756
26.674334466 0.996974530 -0.013120869 0.073742220 -0.020777713
26.694611425 0.996974314 -0.013103623 0.073748522 -0.020776618
26.714667467 0.996973488 -0.013105889 0.073751039 -0.020805851
26.734869628 0.996972595 -0.013117130 0.073761902 -0.020803089
26.755078600 0.996971870 -0.013128183 0.073762553 -0.020828503
26.775414787 0.996971945 -0.013129697 0.073764949 -0.020815483
26.795538033 0.996973480 -0.013104825 0.073754952 -0.020793039
26.815633425 0.996972480 -0.013104638 0.073766790 -0.020799128
26.835753671 0.996972333 -0.013101661 0.073768573 -0.020801732
26.855949473 0.996972666 -0.013108001 0.073761587 -0.020806541
26.876104388 0.996972370 -0.013093096 0.073768913 -0.020804116
26.896405568 0.996972516 -0.013089645 0.073777904 -0.020767391
26.916466331 0.996973134 -0.013104077 0.073765748 -0.020771800
26.936707245 0.996973491 -0.013099763 0.073759900 -0.020778142
26.956810392 0.996973783 -0.013109282 0.073756455 -0.020770388
26.977002575 0.996973522 -0.013106733 0.073759394 -0.020774085
26.997190561 0.996973821 -0.013084938 0.073762691 -0.020761750
27.017301772 0.996973636 -0.013096065 0.073761871 -0.020766549
27.037617187 0.996973572 -0.013101764 0.073761695 -0.020766638
27.057662715 0.996973905 -0.013090705 0.073755763 -0.020778672
27.078094084 0.996974859 -0.013075972 0.073747401 -0.020771860
27.098046572 0.996975482 -0.013095561 0.073738985 -0.020759501
27.118256102 0.996974738 -0.013105647 0.073747657 -0.020758041
27.138443008 0.996974411 -0.013075562 0.073757845 -0.020756548
27.158586883 0.996974153 -0.013084882 0.073757402 -0.020764644
27.178797279 0.996974057 -0.013074974 0.073760488 -0.020764525
27.198960488 0.996973933 -0.013074182 0.073756436 -0.020785360
27.219134702 0.996974985 -0.013078117 0.073749080 -0.020758504
27.239479888 0.996975067 -0.013084834 0.073735054 -0.020800097
27.259814362 0.996975144 -0.013074564 0.073733439 -0.020808592
27.279665797 0.996975048 -0.013076475 0.073734438 -0.020808450
27.299761647 0.996975913 -0.013046730 0.073725324 -0.020817967
27.320052665 0.996975695 -0.013043179 0.073726646 -0.020825982
27.340156076 0.996975704 -0.013039261 0.073722678 -0.020842046
27.360334260 0.996975904 -0.013031778 0.073722655 -0.020837227
27.380573259 0.996976493 -0.013021742 0.073717469 -0.020833670
27.400816790 0.996975709 -0.013016037 0.073722592 -0.020856586
27.420920597 0.996976197 -0.013031704 0.073719181 -0.020835518
27.441151770 0.996976020 -0.013015565 0.073721889 -0.020844493
27.461309382 0.996974975 -0.013013441 0.073734245 -0.020852128
27.481408546 0.996975116 -0.013013944 0.073730027 -0.020859948
27.501607705 0.996975500 -0.013008789 0.073730184 -0.020844268
27.521886603 0.996975659 -0.013014529 0.073729571 -0.020835270
27.542602213 0.996976538 -0.012997754 0.073722726 -0.020827868
27.562144393 0.996975980 -0.013009003 0.073729691 -0.020822933
27.582352017 0.996976472 -0.013007654 0.073728152 -0.020805645
27.602601780 0.996976718 -0.013010523 0.073730014 -0.020785457
27.622873641 0.996975980 -0.013003694 0.073738633 -0.020794565
27.643100581 0.996975593 -0.013004099 0.073743875 -0.020794280
27.663180441 0.996976369 -0.013016934 0.073726442 -0.020810816
27.683354888 0.996977864 -0.013004337 0.073709030 -0.020808785
27.703387509 0.996977208 -0.013010623 0.073716702 -0.020809096
27.723602838 0.996976730 -0.013026094 0.073718224 -0.020816928
27.743774823 0.996975495 -0.013022526 0.073728210 -0.020842899
27.763922969 0.996975295 -0.013034670 0.073726246 -0.020851826
27.784219017 0.996974540 -0.013029673 0.073730809 -0.020874916
27.804424537 0.996975048 -0.013001654 0.073727442 -0.020880005
27.824540907 0.996975434 -0.012999398 0.073725239 -0.020870763
27.844749656 0.996975050 -0.013003732 0.073726225 -0.020882922
27.864821153 0.996974831 -0.012989084 0.073739979 -0.020853920
27.884995061 0.996974388 -0.012994390 0.073745808 -0.020851164
27.905308520 0.996974975 -0.012989368 0.073730020 -0.020882062
27.925594808 0.996976391 -0.012978424 0.073716758 -0.020868049
27.945524904 0.996977016 -0.012956014 0.073712558 -0.020866959
27.965660980 0.996976187 -0.012925537 0.073721071 -0.020895390
27.985828370 0.996976048 -0.012942951 0.073725130 -0.020876901
28.006304892 0.996976050 -0.012935606 0.073724198 -0.020884646
28.026273235 0.996975523 -0.012941650 0.073727115 -0.020895740
28.046474496 0.996975284 -0.012969457 0.073732115 -0.020872269
28.066575389 0.996975921 -0.012974706 0.073723342 -0.020869547
28.086740992 0.996976091 -0.012977862 0.073722133 -0.020863749
28.106980496 0.996976560 -0.012985913 0.073715590 -0.020859446
28.127117885 0.996977834 -0.012986830 0.073703519 -0.020840656
28.147350372 0.996978318 -0.012966567 0.073701126 -0.020838537
28.167544700 0.996978212 -0.012980611 0.073697162 -0.020848893
28.188021462 0.996978164 -0.012953121 0.073713316 -0.020811142
28.208032105 0.996978496 -0.012940195 0.073714430 -0.020799325
28.228030309 0.996978605 -0.012938401 0.073704117 -0.020831772
28.248281626 0.996978625 -0.012942538 0.073703802 -0.020829334
28.268320460 0.996978820 -0.012941558 0.073702703 -0.020824497
28.288661809 0.996979328 -0.012935885 0.073697909 -0.020820666
28.309071996 0.996979139 -0.012963441 0.073692143 -0.020832989
28.328927611 0.996979376 -0.012956703 0.073690625 -0.020831196
28.349076093 0.996980395 -0.012963313 0.073679378 -0.020818092
28.369212059 0.996981306 -0.012969449 0.073670057 -0.020803640
28.389495346 0.996981046 -0.012983810 0.073670156 -0.020806788
28.409813715 0.996981253 -0.012999233 0.073665847 -0.020802512
28.430127562 0.996980376 -0.012975249 0.073679819 -0.020810010
28.449914337 0.996980158 -0.012970823 0.073683373 -0.020810661
28.470088900 0.996980979 -0.012955790 0.073680515 -0.020790797
28.490301022 0.996980797 -0.012963473 0.073681598 -0.020790897
28.510454978 0.996981800 -0.012952502 0.073670401 -0.020789290
28.530734457 0.996982002 -0.012952005 0.073665493 -0.020797316
28.550806114 0.996981544 -0.012956797 0.073670995 -0.020796778
28.571004938 0.996980936 -0.012941986 0.073680613 -0.020801088
28.591281046 0.996981366 -0.012920923 0.073680471 -0.020794089
28.611439614 0.996980853 -0.012929971 0.073683864 -0.020801021
28.631660037 0.996981578 -0.012908268 0.073680516 -0.020791620
28.651696105 0.996981234 -0.012908427 0.073684743 -0.020793055
28.672064282 0.996981880 -0.012894867 0.073677481 -0.020796184
28.692232844 0.996981705 -0.012896431 0.073679180 -0.020797596
28.712222699 0.996981823 -0.012899306 0.073670750 -0.020820012
28.732436253 0.996981564 -0.012903365 0.073672625 -0.020823271
28.752697104 0.996980908 -0.012893780 0.073682588 -0.020825348
28.772855538 0.996981064 -0.012875588 0.073682222 -0.020830426
28.793468198 0.996981222 -0.012870941 0.073690278 -0.020797227
28.813100436 0.996980525 -0.012862157 0.073700923 -0.020798371
28.833261763 0.996980971 -0.012840671 0.073694133 -0.020814304
28.853484313 0.996981222 -0.012859176 0.073694922 -0.020788028
28.873704757 0.996980676 -0.012853067 0.073700736 -0.020797385
28.893878339 0.996982079 -0.012844703 0.073687408 -0.020782539
28.913981897 0.996982844 -0.012860965 0.073674383 -0.020781968
28.934221164 0.996982426 -0.012872578 0.073684428 -0.020759212
28.954411572 0.996982727 -0.012864168 0.073684096 -0.020751140
28.975028571 0.996982314 -0.012866469 0.073684363 -0.020768609
28.994905120 0.996982914 -0.012862043 0.073677734 -0.020766044
29.014914847 0.996984887 -0.012879106 0.073655560 -0.020739391
29.035056603 0.996984405 -0.012885458 0.073660575 -0.020740818
29.055227414 0.996984062 -0.012888506 0.073666030 -0.020736026
29.075587990 0.996984208 -0.012906559 0.073664584 -0.020722903
29.095643662 0.996983725 -0.012880025 0.073670864 -0.020740295
29.115819360 0.996983312 -0.012888694 0.073670075 -0.020757562
29.135969031 0.996982768 -0.012895798 0.073670051 -0.020779391
29.156122494 0.996983342 -0.012906769 0.073662879 -0.020770463
29.176409666 0.996983158 -0.012885023 0.073663581 -0.020790275
29.196642564 0.996983527 -0.012872731 0.073658089 -0.020799646
29.216692646 0.996983355 -0.012868602 0.073664901 -0.020786341
29.236860325 0.996984749 -0.012856232 0.073654042 -0.020765594
29.257014960 0.996984313 -0.012858650 0.073655485 -0.020779915
29.277196954 0.996984108 -0.012855658 0.073655170 -0.020792703
29.297388100 0.996982509 -0.012858171 0.073668320 -0.020821223
29.317590081 0.996981885 -0.012870259 0.073679052 -0.020805627
29.337723175 0.996981591 -0.012861094 0.073678621 -0.020826933
29.358026324 0.996981395 -0.012852212 0.073680031 -0.020836791
29.378341149 0.996981163 -0.012840305 0.073691038 -0.020816278
29.398423153 0.996980806 -0.012844952 0.073695817 -0.020813623
29.418412223 0.996979699 -0.012850668 0.073710562 -0.020810913
29.438568503 0.996978891 -0.012847669 0.073718998 -0.020821554
29.459078590 0.996979606 -0.012840821 0.073711528 -0.020817983
29.478959365 0.996979507 -0.012822905 0.073717481 -0.020812691
29.499149888 0.996978742 -0.012810593 0.073729685 -0.020813685
29.519340519 0.996978584 -0.012812193 0.073725599 -0.020834744
29.539489745 0.996977465 -0.012802367 0.073742046 -0.020836141
29.559852470 0.996977340 -0.012798242 0.073748931 -0.020820250
29.580078604 0.996978355 -0.012802169 0.073732261 -0.020828291
29.600128012 0.996979025 -0.012779237 0.073733276 -0.020806711
29.620265024 0.996979523 -0.012767396 0.073732116 -0.020794220
29.640435572 0.996980112 -0.012750504 0.073724098 -0.020804774
29.660661576 0.996979249 -0.012736308 0.073737705 -0.020806617
29.680853783 0.996978738 -0.012725419 0.073742826 -0.020819587
29.700981750 0.996976936 -0.012742574 0.073762292 -0.020826422
29.721120362 0.996977695 -0.012738217 0.073749953 -0.020836451
29.741338691 0.996977002 -0.012729132 0.073763448 -0.020827387
29.761462217 0.996975992 -0.012732850 0.073775036 -0.020832438
29.781730478 0.996975025 -0.012730864 0.073789765 -0.020827757
29.801954627 0.996976070 -0.012698837 0.073780255 -0.020830947
29.821975947 0.996976129 -0.012706139 0.073780076 -0.020824337
29.842358675 0.996977270 -0.012710976 0.073766934 -0.020813300
29.862321437 0.996976482 -0.012705781 0.073773154 -0.020832173
29.882511949 0.996976064 -0.012695948 0.073778768 -0.020838265
29.902683960 0.996975714 -0.012704035 0.073786017 -0.020824443
29.922888231 0.996976562 -0.012703000 0.073778329 -0.020811688
29.943048520 0.996976529 -0.012710296 0.073772767 -0.020828550
29.963556955 0.996975670 -0.012718703 0.073778791 -0.020843188
29.983477105 0.996976111 -0.012704827 0.073776314 -0.020839321
30.003549449 0.996975578 -0.012697448 0.073788280 -0.020826934
30.023885080 0.996975201 -0.012695811 0.073798626 -0.020809312
30.043990921 0.996975783 -0.012695870 0.073789217 -0.020814787
30.064112051 0.996975857 -0.012705255 0.073788505 -0.020808012
30.084360523 0.996975877 -0.012718492 0.073792113 -0.020786156
30.104429655 0.996976993 -0.012732000 0.073772135 -0.020795300
30.124678101 0.996977188 -0.012709685 0.073774270 -0.020791997
30.145019556 0.996976347 -0.012721732 0.073780079 -0.020804364
30.164984953 0.996975734 -0.012719272 0.073786126 -0.020813799
30.185481442 0.996976654 -0.012695588 0.073782182 -0.020798146
30.205506156 0.996976065 -0.012715239 0.073785880 -0.020801259
30.225646320 0.996976206 -0.012714823 0.073785117 -0.020797455
30.245734431 0.996976260 -0.012705419 0.073790630 -0.020781055
30.266039722 0.996975422 -0.012689868 0.073802638 -0.020788140
30.286062744 0.996974976 -0.012679288 0.073811093 -0.020785956
30.306211516 0.996974336 -0.012685004 0.073819248 -0.020784179
30.326391707 0.996973563 -0.012678959 0.073826983 -0.020797505
30.346595410 0.996973734 -0.012689813 0.073826156 -0.020785606
30.366883031 0.996973746 -0.012678617 0.073829395 -0.020780365
30.386994891 0.996974061 -0.012680683 0.073823065 -0.020786457
30.407180470 0.996974319 -0.012672213 0.073820121 -0.020789725
30.427270834 0.996974225 -0.012680364 0.073822809 -0.020779720
30.447468408 0.996974487 -0.012688314 0.073823634 -0.020759335
30.467768996 0.996975392 -0.012681425 0.073819675 -0.020734169
30.488028894 0.996975117 -0.012693510 0.073815475 -0.020754909
30.508229299 0.996974967 -0.012700541 0.073815069 -0.020759258
30.528685844 0.996976603 -0.012689255 0.073795481 -0.020757229
30.548544645 0.996976818 -0.012696993 0.073793856 -0.020747939
30.568609936 0.996976920 -0.012711361 0.073785045 -0.020765575
30.588688533 0.996977511 -0.012720950 0.073776149 -0.020762923
30.608892259 0.996977406 -0.012714095 0.073777878 -0.020766041
30.629076336 0.996977583 -0.012701546 0.073776322 -0.020770756
30.649257697 0.996978323 -0.012702930 0.073770463 -0.020755205
30.669408780 0.996978087 -0.012687001 0.073771624 -0.020772142
30.689716659 0.996977460 -0.012668534 0.073789004 -0.020751771
30.710125835 0.996977154 -0.012656456 0.073795376 -0.020751159
30.730234695 0.996976845 -0.012654402 0.073796607 -0.020762899
30.750333947 0.996975676 -0.012672207 0.073803861 -0.020782359
30.770504939 0.996975398 -0.012673009 0.073812613 -0.020764100
30.790640417 0.996975685 -0.012670191 0.073807819 -0.020769127
30.810685021 0.996974454 -0.012691779 0.073821826 -0.020765227
30.830962809 0.996975449 -0.012666556 0.073809581 -0.020776390
30.851141882 0.996976218 -0.012668305 0.073798974 -0.020776099
30.871164152 0.996976730 -0.012669597 0.073795410 -0.020763408
30.891676229 0.996976418 -0.012665958 0.073799261 -0.020766888
30.911842792 0.996977594 -0.012655202 0.073785537 -0.020765764
30.931772372 0.996975793 -0.012662329 0.073800197 -0.020795761
30.951915703 0.996975900 -0.012666674 0.073795589 -0.020804353
30.972161773 0.996974751 -0.012660844 0.073813395 -0.020799777
30.992239918 0.996975040 -0.012649047 0.073810330 -0.020804015
31.012432603 0.996974945 -0.012658287 0.073811934 -0.020797250
31.032636892 0.996975482 -0.012651717 0.073809705 -0.020783402
31.052786009 0.996976436 -0.012657063 0.073796817 -0.020780135
31.072973275 0.996975819 -0.012641716 0.073804590 -0.020791466
31.093413047 0.996974451 -0.012675945 0.073816507 -0.020793927
31.113310559 0.996974646 -0.012657318 0.073822228 -0.020775595
31.133528662 0.996975224 -0.012678727 0.073815749 -0.020757845
31.153789631 0.996975307 -0.012686850 0.073813513 -0.020756861
31.174084849 0.996974550 -0.012673567 0.073819347 -0.020780569
31.194363123 0.996973421 -0.012700978 0.073825615 -0.020795696
31.214179542 0.996973576 -0.012701408 0.073821328 -0.020803233
31.234382042 0.996973267 -0.012722478 0.073826447 -0.020786996
31.254557193 0.996972710 -0.012729586 0.073827641 -0.020805113
31.274778839 0.996972949 -0.012738814 0.073824215 -0.020800179
31.294961995 0.996973826 -0.012727324 0.073817920 -0.020787504
31.315460319 0.996974926 -0.012707048 0.073803879 -0.020796981
31.335342515 0.996975595 -0.012685245 0.073803007 -0.020781310
31.355597438 0.996975254 -0.012674552 0.073809339 -0.020781745
31.375964161 0.996974673 -0.012681254 0.073808619 -0.020808062
31.395864164 0.996974506 -0.012697374 0.073808877 -0.020805285
31.416075890 0.996973844 -0.012704024 0.073812950 -0.020818511
31.436137140 0.996973821 -0.012709549 0.073811555 -0.020821206
31.456357381 0.996974084 -0.012736499 0.073803247 -0.020821570
31.476528120 0.996973184 -0.012724177 0.073812940 -0.020837854
31.496726272 0.996971971 -0.012742790 0.073822346 -0.020851177
31.517026318 0.996971541 -0.012733770 0.073830206 -0.020849427
31.537186366 0.996972267 -0.012710778 0.073820501 -0.020863104
31.557262355 0.996973061 -0.012697969 0.073814621 -0.020853764
31.577595247 0.996972214 -0.012696460 0.073827383 -0.020849997
31.597648835 0.996972286 -0.012692339 0.073826523 -0.020852105
31.617820484 0.996970911 -0.012713073 0.073841606 -0.020851808
31.637988133 0.996970591 -0.012718472 0.073850678 -0.020831695
31.658501532 0.996970163 -0.012719482 0.073855614 -0.020834057
31.678420225 0.996970186 -0.012705742 0.073856750 -0.020837313
31.698927739 0.996969703 -0.012720389 0.073859426 -0.020841999
31.718708272 0.996968985 -0.012709995 0.073871519 -0.020839789
31.738930121 0.996968603 -0.012705999 0.073878814 -0.020834644
31.759140339 0.996967847 -0.012687114 0.073887537 -0.020851400
31.779165552 0.996967283 -0.012687482 0.073892607 -0.020860199
31.799384136 0.996968031 -0.012686234 0.073875928 -0.020884264
31.819596671 0.996968104 -0.012682193 0.073876025 -0.020882896
31.839757346 0.996967206 -0.012686310 0.073880568 -0.020907138
31.859966554 0.996966852 -0.012685141 0.073884532 -0.020910736
31.880195761 0.996967699 -0.012682429 0.073879598 -0.020889432
31.900218014 0.996967197 -0.012687069 0.073880297 -0.020908069
31.920546399 0.996967648 -0.012707823 0.073876317 -0.020888024
31.940664275 0.996966664 -0.012708285 0.073890911 -0.020883078
31.960823263 0.996965639 -0.012709068 0.073900248 -0.020898495
31.981050136 0.996965821 -0.012713909 0.073897570 -0.020896356
32.001097763 0.996966732 -0.012714880 0.073889987 -0.020879099
32.021306647 0.996967237 -0.012700408 0.073885541 -0.020879517
32.041500248 0.996966884 -0.012690894 0.073886995 -0.020897027
32.061762537 0.996966037 -0.012713829 0.073893872 -0.020899154
32.081940139 0.996967183 -0.012718207 0.073880717 -0.020888331
32.102158398 0.996967093 -0.012729052 0.073878017 -0.020895576
32.122485519 0.996967074 -0.012709091 0.073875692 -0.020916868
32.142437197 0.996966762 -0.012722497 0.073876017 -0.020922442
32.162808949 0.996967603 -0.012731618 0.073864863 -0.020916176
32.182825558 0.996967144 -0.012737473 0.073872718 -0.020906750
32.202844109 0.996966879 -0.012760259 0.073866712 -0.020926717
32.223122908 0.996967942 -0.012766558 0.073855995 -0.020910048
32.243250109 0.996967587 -0.012764224 0.073858319 -0.020920187
32.263481135 0.996967290 -0.012775023 0.073859041 -0.020925179
32.283627728 0.996967361 -0.012765457 0.073858864 -0.020928278
32.303805491 0.996968124 -0.012768737 0.073849663 -0.020922371
32.324070739 0.996969173 -0.012777456 0.073837771 -0.020909070
32.344120210 0.996969219 -0.012791058 0.073833211 -0.020914644
32.364367074 0.996969143 -0.012791800 0.073842475 -0.020885092
32.384494562 0.996969587 -0.012801749 0.073836902 -0.020877491
32.404725608 0.996970019 -0.012796305 0.073830726 -0.020882060
32.425076420 0.996970091 -0.012800283 0.073824066 -0.020899726
32.445011052 0.996970244 -0.012805418 0.073825907 -0.020882771
32.465224870 0.996968038 -0.012834269 0.073843753 -0.020907232
32.485396158 0.996967585 -0.012853723 0.073845153 -0.020911954
32.505677100 0.996968324 -0.012843353 0.073842212 -0.020893466
32.525829831 0.996969498 -0.012843865 0.073826384 -0.020893084
32.546032204 0.996968500 -0.012848150 0.073830613 -0.020923105
32.566076333 0.996968516 -0.012853610 0.073832653 -0.020911769
32.586281329 0.996968748 -0.012846972 0.073838326 -0.020884732
32.606494717 0.996967134 -0.012851431 0.073854003 -0.020903620
32.626694898 0.996967545 -0.012857863 0.073844727 -0.020912831
32.646864484 0.996967365 -0.012858004 0.073852998 -0.020892092
32.667030080 0.996967013 -0.012842604 0.073854055 -0.020914630
32.687352351 0.996967000 -0.012837511 0.073855215 -0.020914244
32.707439954 0.996965696 -0.012845330 0.073871325 -0.020914711
32.727566331 0.996965532 -0.012837938 0.073876371 -0.020909272
32.747863756 0.996964887 -0.012846373 0.073877512 -0.020930805
32.767939198 0.996965324 -0.012848924 0.073870870 -0.020931840
32.788100042 0.996965999 -0.012820115 0.073868508 -0.020925696
32.808254121 0.996967697 -0.012825422 0.073852420 -0.020898310
32.828407013 0.996967821 -0.012818925 0.073844706 -0.020923630
32.848588988 0.996968235 -0.012824091 0.073832630 -0.020943327
32.868822209 0.996967490 -0.012839788 0.073837522 -0.020951970
32.889171252 0.996965957 -0.012855318 0.073854332 -0.020956144
32.909237174 0.996965191 -0.012856170 0.073863074 -0.020961228
32.929530964 0.996965574 -0.012859237 0.073863154 -0.020940831
32.949469823 0.996965167 -0.012866731 0.073866629 -0.020943377
32.969602603 0.996965529 -0.012866273 0.073866154 -0.020928097
32.989812516 0.996964634 -0.012895206 0.073861489 -0.020969346
33.010158836 0.996964995 -0.012870053 0.073855098 -0.020990107
33.030154970 0.996965239 -0.012879285 0.073863614 -0.020942847
33.050330523 0.996965070 -0.012866457 0.073866132 -0.020949916
33.070492707 0.996964209 -0.012875363 0.073870314 -0.020970618
33.090769568 0.996964209 -0.012886789 0.073863591 -0.020987296
33.110994898 0.996962992 -0.012878408 0.073880705 -0.020990027
33.131073779 0.996963405 -0.012887077 0.073873287 -0.020991177
33.151194361 0.996962880 -0.012882474 0.073881414 -0.020990364
33.171431459 0.996963810 -0.012887373 0.073864699 -0.021002003
33.191850876 0.996963308 -0.012865746 0.073879926 -0.020985532
33.211859707 0.996963979 -0.012843937 0.073880255 -0.020965812
33.231991196 0.996963045 -0.012850536 0.073889861 -0.020972362
33.252231948 0.996962735 -0.012867921 0.073893894 -0.020962188
33.272451859 0.996962529 -0.012869554 0.073894671 -0.020968250
33.292622443 0.996961504 -0.012881681 0.073905254 -0.020972268
33.313142145 0.996959884 -0.012887509 0.073923382 -0.020981802
33.332817308 0.996960082 -0.012882911 0.073922913 -0.020976879
33.353085859 0.996961523 -0.012854854 0.073912776 -0.020961309
33.373222811 0.996961308 -0.012865814 0.073914329 -0.020959307
33.393357257 0.996961430 -0.012871652 0.073905140 -0.020982345
33.413578049 0.996961759 -0.012867192 0.073905970 -0.020966509
33.433767580 0.996961147 -0.012862823 0.073910104 -0.020983684
33.454236846 0.996960428 -0.012861101 0.073918417 -0.020989653
33.474121163 0.996961563 -0.012871323 0.073901143 -0.020990286
33.494361723 0.996963216 -0.012852295 0.073879222 -0.021000577
33.514467481 0.996963033 -0.012862454 0.073879016 -0.021003792
33.534662347 0.996964318 -0.012864604 0.073864634 -0.020992066
33.554775209 0.996964653 -0.012842512 0.073864191 -0.020991229
33.575011898 0.996964604 -0.012850759 0.073859892 -0.021003653
33.595144885 0.996964680 -0.012866347 0.073856824 -0.021001277
33.615339128 0.996964319 -0.012858962 0.073866365 -0.020989385
33.635510405 0.996965021 -0.012872329 0.073850341 -0.021004220
33.655690202 0.996966547 -0.012871268 0.073833727 -0.020990860
33.675998752 0.996966483 -0.012892655 0.073829403 -0.020995955
33.696177243 0.996966231 -0.012874108 0.073838560 -0.020987104
33.716173538 0.996966271 -0.012889573 0.073834445 -0.020990197
33.736376805 0.996965813 -0.012891107 0.073836108 -0.021005133
33.756535749 0.996965178 -0.012878583 0.073845483 -0.021009996
33.776774725 0.996964149 -0.012890523 0.073856769 -0.021011866
33.796909147 0.996962800 -0.012890433 0.073867988 -0.021036459
33.817116318 0.996963147 -0.012878074 0.073860343 -0.021054400
33.837231488 0.996965053 -0.012893722 0.073842019 -0.021018828
33.857455121 0.996965310 -0.012872016 0.073843144 -0.021015968
33.877619783 0.996965734 -0.012879016 0.073843798 -0.020989265
33.897835141 0.996966044 -0.012877113 0.073842932 -0.020978745
33.918175797 0.996966143 -0.012871717 0.073838462 -0.020993088
33.938148096 0.996965907 -0.012875844 0.073839286 -0.020998867
33.958742596 0.996966687 -0.012851854 0.073835008 -0.020991601
33.978507966 0.996965680 -0.012862482 0.073846399 -0.020992814
33.998697623 0.996964769 -0.012852907 0.073852259 -0.021021319
34.018896777 0.996965452 -0.012820739 0.073849432 -0.021018482
34.039097677 0.996965405 -0.012800796 0.073849947 -0.021031097
34.059265535 0.996965026 -0.012811444 0.073853419 -0.021030368
34.079471601 0.996965867 -0.012800345 0.073844215 -0.021029575
34.099605022 0.996966235 -0.012794062 0.073845037 -0.021013041
34.119759599 0.996966315 -0.012788602 0.073838978 -0.021033852
34.140067479 0.996965955 -0.012787513 0.073839275 -0.021050549
34.160209104 0.996965410 -0.012780093 0.073843277 -0.021066809
34.180297271 0.996965594 -0.012782516 0.073840489 -0.021066416
34.200465657 0.996966891 -0.012769277 0.073824682 -0.021068443
34.220672136 0.996966017 -0.012748885 0.073835013 -0.021085970
34.241109404 0.996965343 -0.012724320 0.073845382 -0.021096353
34.261018268 0.996965118 -0.012724266 0.073847068 -0.021101100
34.281201594 0.996965546 -0.012729454 0.073842344 -0.021094308
34.301541350 0.996965462 -0.012720889 0.073845006 -0.021094134
34.321577662 0.996965177 -0.012727964 0.073847705 -0.021093884
34.341702262 0.996966146 -0.012744967 0.073832623 -0.021090596
34.361868515 0.996966097 -0.012735710 0.073836902 -0.021083526
34.382073385 0.996966808 -0.012724620 0.073827987 -0.021087805
34.402355512 0.996966873 -0.012729193 0.073829205 -0.021077706
34.422928920 0.996966588 -0.012728842 0.073835085 -0.021070811
34.442864058 0.996967452 -0.012728599 0.073818638 -0.021087718
34.463013612 0.996967202 -0.012724628 0.073822921 -0.021086916
34.483019175 0.996967378 -0.012730446 0.073828927 -0.021054055
34.503089648 0.996967034 -0.012746736 0.073830110 -0.021056327
34.523368066 0.996967150 -0.012741682 0.073832781 -0.021044507
34.543487738 0.996966663 -0.012728445 0.073838748 -0.021054665
34.563700979 0.996967044 -0.012736570 0.073833884 -0.021048781
34.583860581 0.996966747 -0.012728737 0.073844063 -0.021031857
34.604003110 0.996966825 -0.012716321 0.073839213 -0.021052690
34.624169165 0.996967384 -0.012729495 0.073825126 -0.021067634
34.644649764 0.996968265 -0.012705997 0.073823172 -0.021046980
34.664650772 0.996970316 -0.012698406 0.073799389 -0.021037798
34.684696615 0.996970066 -0.012696971 0.073801988 -0.021041413
34.705164155 0.996970543 -0.012699247 0.073791335 -0.021054810
34.725289317 0.996969459 -0.012718346 0.073798106 -0.021070845
34.745221715 0.996969204 -0.012732593 0.073801158 -0.021063609
34.765443974 0.996969092 -0.012736095 0.073803664 -0.021058048
34.785651941 0.996968219 -0.012735869 0.073811738 -0.021071185
34.805982716 0.996968442 -0.012730588 0.073807360 -0.021079165
34.826009299 0.996967535 -0.012731537 0.073817710 -0.021085262
34.846134276 0.996967348 -0.012720658 0.073816700 -0.021104198
34.866397519 0.996967557 -0.012720523 0.073818948 -0.021086537
34.886444089 0.996967779 -0.012700845 0.073821879 -0.021077611
34.906687123 0.996967683 -0.012703910 0.073823139 -0.021075917
34.927072157 0.996966685 -0.012697960 0.073833457 -0.021090550
34.947055853 0.996967615 -0.012680887 0.073819707 -0.021104974
34.967202779 0.996967736 -0.012664082 0.073819587 -0.021109793
34.987364328 0.996966613 -0.012680831 0.073828013 -0.021123273
35.007569917 0.996966041 -0.012671947 0.073837056 -0.021124038
35.028031269 0.996964867 -0.012678998 0.073845808 -0.021144571
35.047924267 0.996965028 -0.012662656 0.073851737 -0.021126084
35.068091859 0.996964746 -0.012666976 0.073856268 -0.021120946
35.088394036 0.996963562 -0.012662316 0.073865636 -0.021146877
35.108497980 0.996963898 -0.012660717 0.073862165 -0.021144092
35.128687636 0.996963802 -0.012649201 0.073866321 -0.021140983
35.148783757 0.996962165 -0.012672702 0.073884088 -0.021142044
35.168993956 0.996962505 -0.012673586 0.073876373 -0.021152414
35.189358182 0.996962337 -0.012662427 0.073873408 -0.021177380
35.209559700 0.996962270 -0.012668196 0.073876990 -0.021164579
35.229577721 0.996961429 -0.012679498 0.073881492 -0.021181689
35.249745487 0.996960547 -0.012667971 0.073889833 -0.021201005
35.270129700 0.996961155 -0.012659370 0.073881422 -0.021206859
35.290065678 0.996960230 -0.012660510 0.073893251 -0.021208441
35.310172697 0.996960906 -0.012698186 0.073880346 -0.021199093
35.330457868 0.996961042 -0.012700572 0.073873267 -0.021215971
35.350584644 0.996960922 -0.012696779 0.073872833 -0.021225390
35.370935295 0.996960471 -0.012681969 0.073886345 -0.021208374
35.391220031 0.996959569 -0.012687990 0.073895986 -0.021213584
35.411200020 0.996959682 -0.012696289 0.073896512 -0.021201479
35.431430112 0.996958757 -0.012688294 0.073908438 -0.021208203
35.451433916 0.996959243 -0.012693078 0.073897464 -0.021220706
35.471829235 0.996959416 -0.012677825 0.073892749 -0.021238103
35.491803180 0.996959148 -0.012668847 0.073899738 -0.021231715
35.512065102 0.996959935 -0.012665601 0.073891251 -0.021226259
35.532178949 0.996960599 -0.012669437 0.073883603 -0.021219413
35.552332387 0.996961518 -0.012651572 0.073870327 -0.021233108
35.572553492 0.996961616 -0.012637784 0.073873263 -0.021226476
35.593066700 0.996960573 -0.012636159 0.073886737 -0.021229544
35.613092137 0.996962037 -0.012621950 0.073873403 -0.021215656
35.633330740 0.996961855 -0.012622920 0.073878239 -0.021206771
35.653334336 0.996961703 -0.012631648 0.073880198 -0.021201896
35.673429899 0.996960909 -0.012642699 0.073886832 -0.021209512
35.693885376 0.996962292 -0.012635587 0.073871959 -0.021200564
35.713807375 0.996961923 -0.012638770 0.073877310 -0.021197393
35.733901315 0.996962161 -0.012642167 0.073873690 -0.021196758
35.754218095 0.996961951 -0.012650873 0.073868897 -0.021218140
35.774284424 0.996961644 -0.012670730 0.073866151 -0.021230296
35.794701030 0.996961228 -0.012685542 0.073865709 -0.021242501
35.814714146 0.996960917 -0.012691324 0.073863222 -0.021262261
35.834916938 0.996960086 -0.012692744 0.073871406 -0.021271947
35.855015646 0.996960448 -0.012689297 0.073864034 -0.021282642
35.875186447 0.996959198 -0.012694457 0.073880062 -0.021282476
35.895347448 0.996958968 -0.012677323 0.073885352 -0.021285102
35.915588966 0.996958852 -0.012668856 0.073884064 -0.021300063
35.935705699 0.996959282 -0.012684021 0.073877995 -0.021291943
35.955890121 0.996959676 -0.012696387 0.073871622 -0.021288255
35.976061014 0.996959585 -0.012720965 0.073862683 -0.021308829
35.996273618 0.996959399 -0.012735568 0.073864372 -0.021302979
36.016470352 0.996958603 -0.012734370 0.073867929 -0.021328571
36.036592627 0.996958864 -0.012749827 0.073862186 -0.021327070
36.056759445 0.996958861 -0.012740694 0.073868747 -0.021309929
36.076934755 0.996958661 -0.012741490 0.073872496 -0.021305804
36.097148742 0.996958170 -0.012752986 0.073880119 -0.021295455
36.117315372 0.996958057 -0.012760029 0.073881375 -0.021292184
36.137639074 0.996957621 -0.012749214 0.073890267 -0.021288204
36.157733001 0.996957673 -0.012732302 0.073889940 -0.021297010
36.178017612 0.996957295 -0.012749445 0.073889788 -0.021304989
36.198262443 0.996958145 -0.012739508 0.073882382 -0.021296836
36.218362245 0.996957275 -0.012730411 0.073898482 -0.021287167
36.238651318 0.996957960 -0.012717685 0.073896296 -0.021270258
36.258635550 0.996957677 -0.012736520 0.073895373 -0.021275445
36.278696239 0.996957073 -0.012743156 0.073903160 -0.021272754
36.298950273 0.996957578 -0.012748404 0.073889376 -0.021293793
36.319127959 0.996957631 -0.012773598 0.073887095 -0.021284155
36.339286596 0.996957165 -0.012760605 0.073891777 -0.021297518
36.359699352 0.996956581 -0.012766191 0.073896739 -0.021304291
36.379891337 0.996956558 -0.012765563 0.073896744 -0.021305724
36.399976765 0.996956803 -0.012766458 0.073895370 -0.021298483
36.419994382 0.996957859 -0.012769048 0.073879871 -0.021301246
36.440131257 0.996958601 -0.012782476 0.073865640 -0.021307819
36.460303650 0.996959172 -0.012775282 0.073860456 -0.021303397
36.480495435 0.996959387 -0.012784794 0.073858555 -0.021294197
36.500697093 0.996959566 -0.012798736 0.073854596 -0.021291205
36.520995927 0.996959677 -0.012791534 0.073854830 -0.021289517
36.541053348 0.996959656 -0.012789091 0.073859125 -0.021277038
36.561173828 0.996959233 -0.012776732 0.073860610 -0.021299137
36.581745994 0.996959678 -0.012767872 0.073854453 -0.021304990
36.601572507 0.996958866 -0.012773036 0.073862423 -0.021312226
36.621921288 0.996959950 -0.012785135 0.073846328 -0.021310061
36.642092198 0.996960940 -0.012796126 0.073833258 -0.021302437
36.662096842 0.996961358 -0.012810498 0.073827393 -0.021294556
36.682278700 0.996960518 -0.012815163 0.073836417 -0.021299762
36.702443663 0.996960361 -0.012825311 0.073837007 -0.021298958
36.722763825 0.996960689 -0.012849662 0.073824401 -0.021312624
36.742768080 0.996961255 -0.012846216 0.073820648 -0.021301227
36.762972868 0.996961116 -0.012861247 0.073822019 -0.021293920
36.783308099 0.996961925 -0.012844209 0.073813877 -0.021294574
36.803425985 0.996961611 -0.012835575 0.073822754 -0.021283700
36.823886405 0.996961910 -0.012841806 0.073817886 -0.021282786
36.843811150 0.996961626 -0.012840443 0.073821665 -0.021283807
36.864004248 0.996961477 -0.012821348 0.073827552 -0.021281878
36.884112684 0.996961549 -0.012817458 0.073829815 -0.021273017
36.904285756 0.996960792 -0.012797693 0.073838303 -0.021290911
36.924437312 0.996961136 -0.012796494 0.073835119 -0.021286569
36.944590112 0.996961254 -0.012791968 0.073831141 -0.021297547
36.964963969 0.996960247 -0.012822223 0.073835058 -0.021312903
36.985005296 0.996958843 -0.012824917 0.073847722 -0.021333105
37.005445654 0.996960413 -0.012827339 0.073830066 -0.021319367
37.025395775 0.996960451 -0.012836380 0.073829925 -0.021312626
37.045485350 0.996960599 -0.012835232 0.073829554 -0.021307707
37.065709467 0.996960896 -0.012837449 0.073819758 -0.021326385
37.085919015 0.996959671 -0.012839995 0.073831025 -0.021343130
37.106053232 0.996960159 -0.012851951 0.073828611 -0.021321468
37.126150285 0.996960614 -0.012859212 0.073823937 -0.021311974
37.146337396 0.996960666 -0.012853911 0.073819713 -0.021327381
37.166532120 0.996961258 -0.012875102 0.073814243 -0.021305839
37.186925911 0.996962490 -0.012873134 0.073803380 -0.021287017
37.206991869 0.996963209 -0.012867390 0.073789458 -0.021305087
37.227234762 0.996963952 -0.012869189 0.073784614 -0.021285982
37.247283168 0.996964522 -0.012844861 0.073777658 -0.021298105
37.267410984 0.996964085 -0.012856819 0.073779036 -0.021306534
37.287684436 0.996964093 -0.012863657 0.073776461 -0.021310949
37.307794351 0.996963861 -0.012890793 0.073776223 -0.021306238
37.327986934 0.996963452 -0.012890077 0.073783195 -0.021301673
37.348130895 0.996963808 -0.012894649 0.073778337 -0.021299066
37.368391266 0.996963390 -0.012917928 0.073775380 -0.021314761
37.388573453 0.996963681 -0.012914050 0.073773984 -0.021308324
37.408858973 0.996963730 -0.012929111 0.073764860 -0.021328506
37.428837759 0.996964425 -0.012930318 0.073760693 -0.021309661
37.449024586 0.996963912 -0.012923096 0.073770761 -0.021303201
37.469199375 0.996964603 -0.012910146 0.073757629 -0.021324175
37.489464074 0.996964377 -0.012918265 0.073758683 -0.021326170
37.509568369 0.996963645 -0.012903811 0.073768074 -0.021336656
37.529710661 0.996962769 -0.012908460 0.073779480 -0.021335349
37.549908265 0.996962884 -0.012927323 0.073779622 -0.021318043
37.570185952 0.996962554 -0.012953131 0.073771771 -0.021344967
37.590299694 0.996961354 -0.012964213 0.073779512 -0.021367534
37.610537822 0.996961228 -0.012962491 0.073779452 -0.021374649
37.630586057 0.996961330 -0.012962654 0.073779841 -0.021368462
37.650797152 0.996960876 -0.012953665 0.073785053 -0.021377078
37.671172480 0.996962093 -0.012955791 0.073772858 -0.021361117
37.691257508 0.996962595 -0.012966388 0.073765602 -0.021356341
37.711305341 0.996962292 -0.012966178 0.073766672 -0.021366910
37.731488442 0.996962903 -0.012955293 0.073759977 -0.021368101
37.751773864 0.996962624 -0.012943121 0.073765690 -0.021368782
37.771999921 0.996963478 -0.012960856 0.073752668 -0.021363142
37.792066028 0.996962539 -0.012968061 0.073762608 -0.021368251
37.812194739 0.996961294 -0.012952356 0.073778529 -0.021380897
37.832426083 0.996961151 -0.012950272 0.073777689 -0.021391756
37.852567363 0.996961983 -0.012949583 0.073767449 -0.021388685
37.872721377 0.996961483 -0.012956149 0.073769620 -0.021400545
37.893057540 0.996961024 -0.012945748 0.073786912 -0.021368566
37.913125210 0.996959915 -0.012948020 0.073799653 -0.021374933
37.933405457 0.996960101 -0.012947371 0.073797141 -0.021375338
37.953544218 0.996960225 -0.012943410 0.073797806 -0.021369631
37.973856619 0.996961213 -0.012942935 0.073791861 -0.021344346
37.994200423 0.996961669 -0.012935013 0.073789288 -0.021336751
38.014019659 0.996961631 -0.012936154 0.073786879 -0.021346160
38.034097454 0.996960136 -0.012953644 0.073800921 -0.021356819
38.054342698 0.996959949 -0.012953790 0.073807973 -0.021341082
38.074472386 0.996959973 -0.012958773 0.073811971 -0.021323119
38.094644671 0.996960957 -0.012985855 0.073800603 -0.021299987
38.114846496 0.996960463 -0.012985431 0.073799550 -0.021327000
38.135065772 0.996960795 -0.012974654 0.073794108 -0.021336832
38.155258407 0.996960790 -0.012984460 0.073793147 -0.021334436
38.175455992 0.996960750 -0.012992980 0.073794317 -0.021327081
38.195790165 0.996960777 -0.012994490 0.073788181 -0.021346104
38.215784810 0.996961124 -0.012998356 0.073785533 -0.021336706
38.235949410 0.996959763 -0.013012059 0.073799091 -0.021345041
38.256136512 0.996959261 -0.012990722 0.073811327 -0.021339209
38.276272474 0.996959733 -0.012985226 0.073805698 -0.021339960
38.296572143 0.996959477 -0.012979059 0.073814182 -0.021326329
38.316653707 0.996959606 -0.012984282 0.073815818 -0.021311435
38.336820696 0.996960040 -0.012970630 0.073810048 -0.021319456
38.357150146 0.996961276 -0.012962756 0.073802862 -0.021291258
38.377395622 0.996961579 -0.012980281 0.073799138 -0.021279316
38.397481261 0.996961580 -0.012983244 0.073800818 -0.021271625
38.417552505 0.996962114 -0.012991547 0.073795931 -0.021258479
38.437700955 0.996962242 -0.012989025 0.073795491 -0.021255564
38.457943995 0.996961259 -0.013000206 0.073806086 -0.021258054
38.478086771 0.996960798 -0.012996043 0.073808956 -0.021272242
38.498219745 0.996961727 -0.013001030 0.073799365 -0.021258917
38.518413681 0.996961419 -0.013006272 0.073807549 -0.021241741
38.538706852 0.996961898 -0.013007649 0.073801619 -0.021239015
38.558882437 0.996961771 -0.013001902 0.073806570 -0.021231303
38.578956026 0.996962007 -0.012986949 0.073804534 -0.021236446
38.599093786 0.996963587 -0.012977309 0.073789728 -0.021219623
38.619298279 0.996962990 -0.012974135 0.073795436 -0.021229758
38.639442013 0.996963226 -0.012972080 0.073793216 -0.021227645
38.659685018 0.996963554 -0.012964789 0.073793662 -0.021215145
38.679850223 0.996962933 -0.012971459 0.073797967 -0.021225236
38.700022176 0.996962985 -0.012977901 0.073794798 -0.021229901
38.720201664 0.996962744 -0.013000189 0.073802096 -0.021202207
38.740513628 0.996961725 -0.013029616 0.073805859 -0.021218927
38.760564011 0.996961362 -0.013027157 0.073806560 -0.021235075
38.780752150 0.996961037 -0.013042784 0.073808588 -0.021233688
38.800928254 0.996962193 -0.013043828 0.073795594 -0.021223910
38.821093176 0.996962352 -0.013041676 0.073792910 -0.021227093
38.841283104 0.996962844 -0.013037357 0.073788675 -0.021221349
38.861475344 0.996963835 -0.013034266 0.073779543 -0.021208480
38.881639727 0.996962642 -0.013036193 0.073790780 -0.021224241
38.901803969 0.996963140 -0.013014466 0.073782717 -0.021242240
38.922174893 0.996963244 -0.012992242 0.073785114 -0.021242623
38.942583720 0.996962189 -0.013015634 0.073797353 -0.021235280
38.962398288 0.996961499 -0.013004468 0.073802346 -0.021257153
38.982694998 0.996962007 -0.012999592 0.073791637 -0.021273504
39.002650440 0.996962563 -0.012991117 0.073786823 -0.021269291
39.022967785 0.996961942 -0.013003594 0.073791156 -0.021275771
39.043032866 0.996962159 -0.013017524 0.073784884 -0.021278849
39.063229486 0.996961640 -0.012994643 0.073790819 -0.021296544
39.083384136 0.996960862 -0.012984708 0.073804397 -0.021291980
39.103539221 0.996960889 -0.012973383 0.073808248 -0.021284255
39.123836893 0.996961255 -0.012963875 0.073801805 -0.021295243
39.144205744 0.996961408 -0.012971187 0.073797925 -0.021297069
39.164162549 0.996962595 -0.012967267 0.073785425 -0.021287188
39.184269262 0.996962351 -0.012967221 0.073785866 -0.021297119
39.204444594 0.996961765 -0.012976761 0.073788454 -0.021309770
39.224640737 0.996961922 -0.012967173 0.073785235 -0.021319412
39.244768349 0.996962973 -0.012939215 0.073773453 -0.021328034
39.264992048 0.996963462 -0.012930263 0.073774786 -0.021305991
39.285409969 0.996963574 -0.012916827 0.073780149 -0.021290288
39.305495009 0.996963461 -0.012897955 0.073776049 -0.021321223
39.325578865 0.996963756 -0.012922193 0.073767954 -0.021320750
39.345750006 0.996962939 -0.012942930 0.073771695 -0.021333435
39.365955173 0.996962143 -0.012966420 0.073774514 -0.021346611
39.386043286 0.996962137 -0.012976949 0.073775048 -0.021338686
39.406366158 0.996961113 -0.012981008 0.073790057 -0.021332155
39.426431653 0.996961031 -0.012989647 0.073789746 -0.021331787
39.446587611 0.996961832 -0.012980509 0.073781480 -0.021328518
39.466737489 0.996962362 -0.012968558 0.073778288 -0.021322055
39.486943447 0.996962959 -0.012965510 0.073768030 -0.021331488
39.507102835 0.996963073 -0.012973542 0.073766717 -0.021325798
39.527477175 0.996962288 -0.012973934 0.073774268 -0.021336139
39.547730738 0.996962686 -0.012972721 0.073774112 -0.021318807
39.567789308 0.996963396 -0.012985561 0.073761898 -0.021320047
39.588020944 0.996963802 -0.013013064 0.073751510 -0.021320218
39.608151777 0.996963971 -0.013008741 0.073749013 -0.021323589
39.628155790 0.996963819 -0.013021159 0.073751788 -0.021313541
39.648393981 0.996963741 -0.013016586 0.073759944 -0.021291725
39.668578490 0.996963519 -0.013012342 0.073762186 -0.021296985
39.688908823 0.996963077 -0.013021018 0.073764561 -0.021304113
39.709163480 0.996962716 -0.013011971 0.073770985 -0.021304289
39.729038693 0.996962540 -0.013014404 0.073769843 -0.021315022
39.749405410 0.996961960 -0.013020782 0.073778135 -0.021309514
39.769429038 0.996961885 -0.013021657 0.073784564 -0.021290222
39.789701209 0.996961760 -0.013023441 0.073784023 -0.021296889
39.809902233 0.996961855 -0.013037317 0.073782979 -0.021287559
39.829970273 0.996961726 -0.013050597 0.073783509 -0.021283605
39.850247963 0.996961415 -0.013068465 0.073790025 -0.021264633
39.870315466 0.996961719 -0.013078150 0.073785887 -0.021258782
39.890524934 0.996961174 -0.013070347 0.073793899 -0.021261341
39.910668693 0.996960483 -0.013074762 0.073804934 -0.021252707
39.930916107 0.996960698 -0.013069287 0.073802972 -0.021252802
39.951009577 0.996960818 -0.013067514 0.073808336 -0.021229645
39.971173904 0.996961106 -0.013071588 0.073802295 -0.021234601
39.991488797 0.996960453 -0.013060664 0.073808341 -0.021250976
40.011592745 0.996960729 -0.013065679 0.073809661 -0.021230332
40.031739416 0.996962511 -0.013048190 0.073786431 -0.021238130
40.051918306 0.996963390 -0.013031504 0.073782030 -0.021222435
40.072073827 0.996963871 -0.013022798 0.073780592 -0.021210157
40.092484866 0.996962683 -0.013023517 0.073792224 -0.021225089
40.112412375 0.996963040 -0.013025497 0.073790608 -0.021212731
40.132876898 0.996963744 -0.013009819 0.073787055 -0.021201601
40.152774121 0.996964525 -0.013006645 0.073782322 -0.021183294
40.172964941 0.996964581 -0.012999042 0.073782546 -0.021184561
40.193377952 0.996964027 -0.012990998 0.073786716 -0.021201014
40.213274023 0.996963646 -0.013002329 0.073785519 -0.021216139
40.233517418 0.996964476 -0.012997490 0.073778851 -0.021203316
40.253777959 0.996964743 -0.013005467 0.073774310 -0.021201650
40.273896559 0.996964918 -0.013024935 0.073770135 -0.021196018
40.294338161 0.996965538 -0.013018393 0.073768260 -0.021177361
40.314421003 0.996965802 -0.013006279 0.073766806 -0.021177476
40.334483645 0.996965695 -0.012991906 0.073767031 -0.021190531
40.354539289 0.996966106 -0.012990223 0.073761706 -0.021190756
40.374923894 0.996965715 -0.012991309 0.073765285 -0.021196027
40.394927280 0.996967150 -0.012991271 0.073750158 -0.021181189
40.415137432 0.996966521 -0.013004906 0.073759379 -0.021170299
40.435233300 0.996965950 -0.013022605 0.073769933 -0.021149544
40.455517990 0.996965713 -0.013025071 0.073768709 -0.021163462
40.475776039 0.996966136 -0.013017169 0.073767999 -0.021150852
40.495831343 0.996965143 -0.013003718 0.073780336 -0.021162925
40.516129797 0.996965249 -0.013011595 0.073780204 -0.021153560
40.536229020 0.996965971 -0.013006812 0.073774850 -0.021141111
40.556279797 0.996966850 -0.013016560 0.073763769 -0.021132330
40.576495990 0.996967263 -0.012996820 0.073760375 -0.021136824
40.596687339 0.996967224 -0.013007442 0.073758011 -0.021140379
40.616828433 0.996967495 -0.013006794 0.073754973 -0.021138603
40.637060863 0.996967486 -0.013004629 0.073754361 -0.021142528
40.657249332 0.996966149 -0.013020673 0.073769015 -0.021144578
40.677570541 0.996965064 -0.013003073 0.073788971 -0.021136906
40.697796023 0.996965248 -0.013000343 0.073789338 -0.021128631
40.717730366 0.996965717 -0.012989370 0.073788039 -0.021117759
40.737968345 0.996965956 -0.013003515 0.073785193 -0.021107730
40.758250599 0.996966198 -0.013001036 0.073784324 -0.021100878
40.778224090 0.996966197 -0.013005264 0.073784483 -0.021097755
40.798497553 0.996967012 -0.012987314 0.073783268 -0.021074538
40.818620279 0.996967688 -0.012983846 0.073776854 -0.021067147
40.838851774 0.996968237 -0.012960757 0.073768904 -0.021083228
40.858998478 0.996968201 -0.012972594 0.073768155 -0.021080270
40.879314458 0.996968674 -0.012976171 0.073764672 -0.021067874
40.899491485 0.996968690 -0.012991610 0.073761662 -0.021068132
40.919558244 0.996969732 -0.012997734 0.073744189 -0.021076238
40.940169663 0.996969311 -0.012992269 0.073751920 -0.021072457
40.959940275 0.996969245 -0.012998821 0.073749485 -0.021080077
40.980053204 0.996970398 -0.012979840 0.073738436 -0.021075883
41.000178942 0.996969320 -0.012990745 0.073746056 -0.021093498
41.020376106 0.996968981 -0.013016593 0.073746406 -0.021092360
41.040611974 0.996968436 -0.013024889 0.073746559 -0.021112419
41.060793483 0.996968022 -0.013038166 0.073748897 -0.021115631
41.081261694 0.996967207 -0.013060621 0.073758074 -0.021108151
41.101369441 0.996966662 -0.013063498 0.073763106 -0.021114552
41.121404420 0.996966577 -0.013050410 0.073770396 -0.021101158
41.141625161 0.996966286 -0.013026980 0.073781184 -0.021091704
41.161673318 0.996965761 -0.013026938 0.073790344 -0.021084492
41.181854507 0.996966524 -0.013024522 0.073778103 -0.021092749
41.202027377 0.996966525 -0.013043082 0.073773759 -0.021096417
41.222364902 0.996966088 -0.013070036 0.073777275 -0.021088077
41.242480593 0.996966292 -0.013066888 0.073773856 -0.021092346
41.262635059 0.996965590 -0.013076201 0.073782214 -0.021090503
41.283183006 0.996965386 -0.013081703 0.073787691 -0.021077591
41.303033881 0.996966241 -0.013068556 0.073784285 -0.021057222
41.323327227 0.996965251 -0.013083765 0.073792960 -0.021064255
41.343261879 0.996965217 -0.013084625 0.073796573 -0.021052648
41.363528986 0.996965084 -0.013086623 0.073799905 -0.021046039
41.383630334 0.996964162 -0.013086975 0.073808082 -0.021060817
41.403809097 0.996962042 -0.013103430 0.073831540 -0.021068701
41.424033199 0.996962358 -0.013086513 0.073834627 -0.021053442
41.444143946 0.996962735 -0.013084522 0.073835053 -0.021035342
41.464281275 0.996962504 -0.013092880 0.073836182 -0.021037136
41.484517821 0.996963796 -0.013102557 0.073815214 -0.021043429
41.504819117 0.996963772 -0.013104665 0.073814058 -0.021047344
41.524834818 0.996963676 -0.013099652 0.073814985 -0.021051761
41.545004860 0.996963359 -0.013104494 0.073816752 -0.021057565
41.565158988 0.996963280 -0.013092005 0.073822198 -0.021049939
41.585402408 0.996963743 -0.013107438 0.073815109 -0.021043268
41.605626740 0.996963856 -0.013111591 0.073813234 -0.021041902
41.625904657 0.996964326 -0.013110862 0.073807003 -0.021041964
41.645870969 0.996964413 -0.013119011 0.073807025 -0.021032704
41.666104222 0.996964349 -0.013122914 0.073805529 -0.021038545
41.686343170 0.996963534 -0.013145826 0.073811097 -0.021043305
41.706611889 0.996963020 -0.013159122 0.073816305 -0.021041070
41.726739164 0.996962882 -0.013148830 0.073825887 -0.021020445
41.746817520 0.996963864 -0.013134029 0.073814406 -0.021023446
41.766921796 0.996963918 -0.013124847 0.073815933 -0.021021253
41.787166165 0.996964922 -0.013112827 0.073816470 -0.020979208
41.807323479 0.996964614 -0.013086422 0.073830560 -0.020960726
41.827539585 0.996964774 -0.013082428 0.073834875 -0.020940394
41.847647283 0.996963527 -0.013088590 0.073847144 -0.020952644
41.867885184 0.996962819 -0.013084355 0.073850295 -0.020977889
41.888316709 0.996961848 -0.013106715 0.073855987 -0.020990028
41.908617920 0.996961692 -0.013108234 0.073862307 -0.020974217
41.928665733 0.996961682 -0.013111998 0.073860128 -0.020980017
41.948691362 0.996961932 -0.013114823 0.073858731 -0.020971311
41.968744542 0.996962310 -0.013106030 0.073853031 -0.020978884
41.988999438 0.996962982 -0.013094837 0.073844462 -0.020984138
42.009150921 0.996964769 -0.013087018 0.073822841 -0.020980166
42.029305043 0.996964478 -0.013095251 0.073827447 -0.020972632
42.049432034 0.996965115 -0.013079114 0.073824034 -0.020964432
42.069643198 0.996964762 -0.013091769 0.073829926 -0.020952603
42.089864425 0.996964785 -0.013104366 0.073826658 -0.020955133
42.110246365 0.996965557 -0.013101663 0.073815252 -0.020960251
42.130155482 0.996965304 -0.013105823 0.073818275 -0.020959086
42.150306407 0.996967418 -0.013082831 0.073790952 -0.020969098
42.170521264 0.996967389 -0.013115923 0.073783201 -0.020977075
42.190887255 0.996966200 -0.013122692 0.073796546 -0.020982413
42.210884640 0.996966618 -0.013106280 0.073793088 -0.020984945
42.231046520 0.996966481 -0.013112951 0.073789804 -0.020998840
42.251380829 0.996966213 -0.013112427 0.073789079 -0.021014442
42.271544623 0.996967298 -0.013125639 0.073774385 -0.021006303
42.291684038 0.996965817 -0.013107726 0.073797630 -0.021006104
42.311890363 0.996966313 -0.013112148 0.073784277 -0.021026717
42.331964194 0.996966010 -0.013107462 0.073788206 -0.021030222
42.352123315 0.996966387 -0.013095815 0.073784322 -0.021033225
42.372238257 0.996966027 -0.013110695 0.073783127 -0.021045191
42.392701679 0.996966127 -0.013113151 0.073785275 -0.021031401
42.412651429 0.996966805 -0.013099727 0.073778000 -0.021033161
42.432872051 0.996967341 -0.013101734 0.073771013 -0.021031000
42.453086671 0.996966753 -0.013114744 0.073775345 -0.021035590
42.473383188 0.996967037 -0.013081009 0.073779607 -0.021028163
42.493427184 0.996967368 -0.013076674 0.073775056 -0.021031133
42.513516201 0.996967400 -0.013073194 0.073774589 -0.021033427
42.533721639 0.996967144 -0.013092159 0.073780185 -0.021014114
42.553855071 0.996967457 -0.013082745 0.073782740 -0.020996182
42.574091915 0.996966432 -0.013094795 0.073792361 -0.021003491
42.594227783 0.996967184 -0.013095755 0.073783691 -0.020997657
42.614722718 0.996965620 -0.013099338 0.073803461 -0.021000210
42.634708544 0.996965597 -0.013078482 0.073805884 -0.021005772
42.654873621 0.996966492 -0.013075363 0.073789997 -0.021021082
42.675796643 0.996966358 -0.013083896 0.073795054 -0.021004368
42.695062058 0.996966433 -0.013072870 0.073793200 -0.021014180
42.715303327 0.996966537 -0.013071480 0.073788497 -0.021026612
42.735465342 0.996966054 -0.013077905 0.073791968 -0.021033336
42.755750813 0.996965978 -0.013086339 0.073792229 -0.021030783
42.776020261 0.996967237 -0.013055080 0.073782111 -0.021026009
42.796137344 0.996967436 -0.013056468 0.073776406 -0.021035748
42.816168449 0.996967972 -0.013069151 0.073768975 -0.021028536
42.836413085 0.996967443 -0.013072290 0.073780417 -0.021011487
42.856692835 0.996968426 -0.013059859 0.073766164 -0.021022640
42.876717575 0.996968582 -0.013052980 0.073768133 -0.021012586
42.897089168 0.996968305 -0.013061186 0.073764400 -0.021033737
42.917052886 0.996967602 -0.013064755 0.073771077 -0.021041399
42.937198531 0.996968185 -0.013063557 0.073763926 -0.021039608
42.957426803 0.996967608 -0.013070026 0.073771673 -0.021035762
42.977614212 0.996967106 -0.013065947 0.073778009 -0.021039862
42.997876709 0.996967055 -0.013047618 0.073782384 -0.021038318
43.017938745 0.996967845 -0.013048286 0.073775687 -0.021023963
43.038354168 0.996968055 -0.013047125 0.073774244 -0.021019788
43.058329255 0.996967758 -0.013051465 0.073777984 -0.021018054
43.078445749 0.996968711 -0.013046412 0.073773958 -0.020990100
43.098689536 0.996968029 -0.013064882 0.073772174 -0.021017255
43.118888358 0.996967756 -0.013063493 0.073775689 -0.021018694
43.139093114 0.996967841 -0.013049543 0.073778037 -0.021015096
43.159190683 0.996967662 -0.013059966 0.073779567 -0.021011774
43.179338626 0.996968203 -0.013045172 0.073773605 -0.021016220
43.199546965 0.996968840 -0.013045495 0.073759546 -0.021035140
43.219724508 0.996969375 -0.013051285 0.073757394 -0.021013690
43.240013624 0.996969469 -0.013043074 0.073754818 -0.021023392
43.260287092 0.996968151 -0.013049737 0.073770393 -0.021027121
43.280300835 0.996966677 -0.013063526 0.073783285 -0.021043200
43.300493384 0.996966183 -0.013066975 0.073784530 -0.021060109
43.320589900 0.996966235 -0.013078571 0.073780617 -0.021064127
43.340903238 0.996966421 -0.013099175 0.073774886 -0.021062587
43.360969392 0.996966296 -0.013113251 0.073777803 -0.021049558
43.381117832 0.996965781 -0.013111106 0.073783543 -0.021055169
43.401323197 0.996965031 -0.013120475 0.073791948 -0.021055388
43.421727906 0.996965765 -0.013135084 0.073786143 -0.021031833
43.441717116 0.996966152 -0.013145563 0.073774421 -0.021048080
43.461944345 0.996966135 -0.013152498 0.073772346 -0.021051796
43.482162159 0.996966224 -0.013133419 0.073771806 -0.021061393
43.502201746 0.996966013 -0.013121522 0.073777609 -0.021058454
43.522492028 0.996965714 -0.013101614 0.073781346 -0.021071909
43.542539218 0.996966169 -0.013088013 0.073781514 -0.021058265
43.562847378 0.996964583 -0.013090421 0.073794165 -0.021087512
43.582965743 0.996963971 -0.013085960 0.073796780 -0.021110022
43.603112608 0.996963750 -0.013077872 0.073800280 -0.021113241
43.623335246 0.996964482 -0.013063454 0.073794358 -0.021108322
43.643492506 0.996964036 -0.013059923 0.073802512 -0.021103046
43.664046221 0.996963316 -0.013048777 0.073813922 -0.021104047
43.683792756 0.996962943 -0.013049275 0.073817282 -0.021109592
43.703999488 0.996962488 -0.013043299 0.073829121 -0.021093379
43.724170566 0.996961827 -0.013047481 0.073839135 -0.021086983
43.744340521 0.996960716 -0.013055617 0.073855306 -0.021077849
43.764570956 0.996961548 -0.013060187 0.073845832 -0.021068856
43.784814944 0.996961213 -0.013049804 0.073850872 -0.021073475
43.805036310 0.996961355 -0.013061757 0.073852199 -0.021054671
43.825215471 0.996961139 -0.013046425 0.073852383 -0.021073775
43.845269646 0.996961014 -0.013052817 0.073849124 -0.021087151
43.865594353 0.996961510 -0.013035139 0.073852683 -0.021062168
43.885599734 0.996961368 -0.013034688 0.073853769 -0.021065334
43.906037415 0.996961340 -0.013036372 0.073851456 -0.021073711
43.925954984 0.996960751 -0.013034131 0.073852642 -0.021098818
43.946248601 0.996959845 -0.013036402 0.073863661 -0.021101622
43.966324557 0.996960736 -0.013039137 0.073848327 -0.021111543
43.986549755 0.996961447 -0.013031620 0.073839492 -0.021113489
44.006774776 0.996961453 -0.013036800 0.073837399 -0.021117322
44.026878032 0.996961301 -0.013021467 0.073839849 -0.021125408
44.047019468 0.996961180 -0.013020292 0.073848094 -0.021103004
44.067164267 0.996961543 -0.013020633 0.073839021 -0.021117375
44.087387590 0.996961848 -0.013025372 0.073834825 -0.021114732
44.107597121 0.996961688 -0.013025992 0.073829221 -0.021141499
44.127698554 0.996962914 -0.013017038 0.073821351 -0.021116646
44.147909977 0.996962892 -0.013034344 0.073808518 -0.021151851
44.168087732 0.996962106 -0.013028274 0.073821737 -0.021146501
44.188205830 0.996960972 -0.013031941 0.073839823 -0.021134553
44.208622238 0.996961250 -0.013027715 0.073836330 -0.021136264
44.228569044 0.996961128 -0.013024348 0.073838910 -0.021135069
44.248740738 0.996960746 -0.013029330 0.073843679 -0.021133350
44.269002057 0.996960194 -0.013004418 0.073855370 -0.021133885
44.289300080 0.996961106 -0.012991523 0.073841937 -0.021145726
44.309568623 0.996961653 -0.012988607 0.073836010 -0.021142425
44.329552540 0.996960469 -0.012999409 0.073849315 -0.021145152
44.349761666 0.996960445 -0.013007006 0.073849188 -0.021142033
44.369847893 0.996961259 -0.013006603 0.073841795 -0.021129747
44.390139514 0.996962705 -0.012991934 0.073831497 -0.021106494
44.410152242 0.996962015 -0.012992507 0.073836569 -0.021120979
44.430373248 0.996962039 -0.013006518 0.073830535 -0.021132311
44.450622517 0.996961153 -0.013023128 0.073835824 -0.021145434
44.470787026 0.996961744 -0.013010460 0.073837313 -0.021120130
44.491021297 0.996963418 -0.012978816 0.073815257 -0.021137675
44.511135375 0.996964471 -0.012956273 0.073809571 -0.021121670
44.531217043 0.996965099 -0.012948945 0.073806326 -0.021107901
44.551415746 0.996965530 -0.012954113 0.073801406 -0.021101573
44.571640252 0.996965404 -0.012938092 0.073805064 -0.021104537
44.591956634 0.996965226 -0.012943927 0.073799032 -0.021130430
44.612014864 0.996965626 -0.012931514 0.073796702 -0.021127299
44.632156855 0.996964694 -0.012942356 0.073800783 -0.021150387
44.652452322 0.996963278 -0.012973451 0.073811988 -0.021158986
44.672591581 0.996963601 -0.012945943 0.073813955 -0.021153758
44.692699996 0.996963782 -0.012940461 0.073811765 -0.021156226
44.712884105 0.996963277 -0.012943271 0.073812682 -0.021175092
44.733032269 0.996962654 -0.012948525 0.073814776 -0.021193909
44.753191111 0.996962376 -0.012947267 0.073817233 -0.021199199
44.773403390 0.996962426 -0.012950096 0.073821171 -0.021181394
44.793980208 0.996963548 -0.012958684 0.073801091 -0.021193287
44.814050491 0.996963501 -0.012922270 0.073808836 -0.021190763
44.834007156 0.996963033 -0.012935729 0.073809901 -0.021200856
44.854163851 0.996962960 -0.012935122 0.073810664 -0.021202001
44.874268622 0.996962514 -0.012945051 0.073809991 -0.021219271
44.894497564 0.996962660 -0.012932741 0.073811090 -0.021216084
44.914590804 0.996962193 -0.012926008 0.073814516 -0.021230183
44.934809295 0.996962387 -0.012924040 0.073815865 -0.021217568
44.954991397 0.996961310 -0.012928576 0.073823270 -0.021239667
44.975544599 0.996961399 -0.012929736 0.073821983 -0.021239258
44.995360804 0.996961676 -0.012927769 0.073826630 -0.021211271
45.015583695 0.996961686 -0.012932196 0.073823477 -0.021219097
45.035873000 0.996960267 -0.012932020 0.073837256 -0.021237926
45.055874711 0.996960760 -0.012917031 0.073832108 -0.021241794
45.076100550 0.996961209 -0.012883676 0.073834546 -0.021232482
45.096242484 0.996960792 -0.012893907 0.073833494 -0.021249522
45.116426354 0.996960919 -0.012888011 0.073832687 -0.021249944
45.136568556 0.996960660 -0.012881496 0.073835817 -0.021255163
45.156797915 0.996961093 -0.012885955 0.073828131 -0.021258848
45.176882223 0.996960957 -0.012885358 0.073831301 -0.021254581
45.197094437 0.996960799 -0.012903055 0.073834790 -0.021239135
45.217264879 0.996960110 -0.012887978 0.073847269 -0.021237251
45.237460246 0.996961447 -0.012883820 0.073834206 -0.021222413
45.257720214 0.996962529 -0.012867298 0.073818178 -0.021237338
45.277850378 0.996962991 -0.012862323 0.073810118 -0.021246676
45.298350384 0.996963138 -0.012856648 0.073807965 -0.021250722
45.318159486 0.996962275 -0.012856226 0.073822915 -0.021239529
45.338373742 0.996963056 -0.012842712 0.073814526 -0.021240162
45.358881477 0.996962062 -0.012843446 0.073826099 -0.021246197
45.378791888 0.996961883 -0.012834607 0.073835900 -0.021225847
45.398952659 0.996961848 -0.012835438 0.073835129 -0.021229683
45.419134116 0.996960975 -0.012820561 0.073850597 -0.021225834
45.439211490 0.996961125 -0.012831754 0.073848388 -0.021219733
45.459432345 0.996961569 -0.012830517 0.073840725 -0.021226278
45.479601789 0.996961307 -0.012825114 0.073842902 -0.021234265
45.499814846 0.996962047 -0.012825166 0.073833644 -0.021231688
45.520009707 0.996960713 -0.012840420 0.073849649 -0.021229444
45.540260290 0.996959871 -0.012833669 0.073861554 -0.021231656
45.560284962 0.996960452 -0.012832601 0.073847766 -0.021252994
45.580482405 0.996959787 -0.012836350 0.073856308 -0.021252234
45.600643709 0.996960463 -0.012824286 0.073852786 -0.021240016
45.620973238 0.996959291 -0.012853391 0.073860098 -0.021251999
45.641064234 0.996958843 -0.012848237 0.073865891 -0.021256031
45.661143087 0.996957588 -0.012859125 0.073877945 -0.021266422
45.681329367 0.996958069 -0.012860556 0.073874692 -0.021254304
45.701764807 0.996957799 -0.012852301 0.073879891 -0.021253868
45.721788339 0.996957457 -0.012825356 0.073881447 -0.021280748
45.742089041 0.996956184 -0.012850210 0.073886304 -0.021308537
45.762322714 0.996955666 -0.012863735 0.073893053 -0.021301192
45.782305636 0.996955857 -0.012865676 0.073888566 -0.021306641
45.802671534 0.996956224 -0.012869206 0.073886301 -0.021295182
45.822617335 0.996956381 -0.012851590 0.073890631 -0.021283448
45.842764439 0.996955667 -0.012864192 0.073895837 -0.021291236
45.862973762 0.996954803 -0.012877348 0.073899447 -0.021311165
45.883157736 0.996954148 -0.012869710 0.073907337 -0.021319084
45.903333786 0.996954626 -0.012863323 0.073898764 -0.021330298
45.923517248 0.996955003 -0.012870887 0.073891500 -0.021333251
45.943664617 0.996956166 -0.012860794 0.073879981 -0.021324919
45.963905060 0.996956025 -0.012872355 0.073874868 -0.021342228
45.984171034 0.996955158 -0.012862914 0.073877457 -0.021379421
46.004288464 0.996955822 -0.012858593 0.073871798 -0.021370624
46.024389636 0.996955605 -0.012855220 0.073871435 -0.021384002
46.044574105 0.996955894 -0.012836616 0.073872471 -0.021378156
46.064720371 0.996955895 -0.012832372 0.073877982 -0.021361591
46.085276522 0.996954927 -0.012810475 0.073888959 -0.021381907
46.105715005 0.996954012 -0.012826000 0.073890836 -0.021408784
46.125433765 0.996954584 -0.012848461 0.073880516 -0.021404296
46.145549174 0.996954945 -0.012845438 0.073879822 -0.021391681
46.165755489 0.996954087 -0.012849387 0.073893480 -0.021382124
46.185774833 0.996953248 -0.012870695 0.073897743 -0.021393687
46.206047658 0.996953248 -0.012854164 0.073900916 -0.021392682
46.226098440 0.996953042 -0.012876551 0.073903539 -0.021379733
46.246331611 0.996953193 -0.012886937 0.073894250 -0.021398554
46.266539042 0.996952915 -0.012890898 0.073894918 -0.021406791
46.286822763 0.996952583 -0.012909990 0.073899311 -0.021395604
46.307063814 0.996953105 -0.012911593 0.073891195 -0.021398316
46.327096693 0.996952750 -0.012910435 0.073894648 -0.021403661
46.347324201 0.996952114 -0.012931654 0.073895864 -0.021416244
46.367391306 0.996952559 -0.012925847 0.073889642 -0.021420531
46.387606066 0.996951801 -0.012946041 0.073891569 -0.021436962
46.408025012 0.996951375 -0.012953454 0.073893041 -0.021447188
46.428166949 0.996952300 -0.012962565 0.073878099 -0.021450183
46.448187573 0.996952822 -0.012957256 0.073870338 -0.021455828
46.468354934 0.996952081 -0.012969777 0.073878571 -0.021454380
46.488764580 0.996952689 -0.012992376 0.073868459 -0.021447273
46.508829875 0.996952688 -0.012992858 0.073870384 -0.021440393
46.528890756 0.996952693 -0.013008431 0.073870985 -0.021428653
46.548971229 0.996951850 -0.013012246 0.073880233 -0.021433637
46.569145508 0.996951993 -0.013002241 0.073883045 -0.021423383
46.589567652 0.996951227 -0.012987966 0.073894867 -0.021426922
46.609524598 0.996951176 -0.012971079 0.073893246 -0.021445114
46.629691299 0.996951008 -0.012975990 0.073893003 -0.021450746
46.649868458 0.996951343 -0.012976810 0.073891669 -0.021439315
46.670168280 0.996951819 -0.012969092 0.073887722 -0.021435439
46.690256033 0.996952375 -0.012962167 0.073881194 -0.021436270
46.710480331 0.996952577 -0.012940011 0.073885961 -0.021423825
46.730615398 0.996952562 -0.012935400 0.073883406 -0.021436123
46.751026134 0.996951362 -0.012938171 0.073897549 -0.021441520
46.771343772 0.996952189 -0.012948381 0.073891132 -0.021418989
46.791328209 0.996952087 -0.012926160 0.073891732 -0.021435069
46.811376213 0.996951686 -0.012917062 0.073899115 -0.021433747
46.831460349 0.996952515 -0.012917959 0.073889188 -0.021428898
46.851682871 0.996952657 -0.012914029 0.073890728 -0.021419315
46.871812976 0.996952339 -0.012927870 0.073886493 -0.021440390
46.892293922 0.996952590 -0.012905238 0.073882962 -0.021454499
46.912186545 0.996952454 -0.012904585 0.073885547 -0.021452313
46.932325709 0.996953881 -0.012924246 0.073866793 -0.021438764
46.952531839 0.996953914 -0.012916291 0.073867305 -0.021440244
46.972777719 0.996954832 -0.012915124 0.073848781 -0.021462070
46.993019910 0.996956783 -0.012909936 0.073824958 -0.021456495
47.013111806 0.996957196 -0.012909546 0.073822940 -0.021444481
47.033440124 0.996957319 -0.012899479 0.073821232 -0.021450695
47.053559655 0.996957959 -0.012867309 0.073818163 -0.021450871
47.073634657 0.996958009 -0.012867955 0.073819805 -0.021442507
47.093848262 0.996957352 -0.012882766 0.073821126 -0.021459592
47.114106295 0.996957323 -0.012911743 0.073818439 -0.021452754
47.134191377 0.996958024 -0.012916690 0.073808511 -0.021451353
47.154370830 0.996958092 -0.012928014 0.073806547 -0.021448166
47.174493480 0.996958364 -0.012936264 0.073805363 -0.021434608
47.195116949 0.996958031 -0.012939957 0.073806281 -0.021444680
47.215149467 0.996958378 -0.012919272 0.073812841 -0.021418428
47.235066866 0.996957387 -0.012918808 0.073828783 -0.021409900
47.255248239 0.996957798 -0.012907982 0.073826381 -0.021405586
47.275390467 0.996958248 -0.012897486 0.073821728 -0.021407000
47.295637917 0.996957010 -0.012906161 0.073830930 -0.021427677
47.315770161 0.996955363 -0.012902735 0.073847859 -0.021448023
47.335911917 0.996955301 -0.012913584 0.073843446 -0.021459553
47.356122088 0.996955521 -0.012882825 0.073844762 -0.021463314
47.376581245 0.996954176 -0.012896600 0.073858594 -0.021469891
47.396513729 0.996952982 -0.012898293 0.073874751 -0.021468749
47.416790247 0.996952690 -0.012901848 0.073881301 -0.021457643
47.437011634 0.996951528 -0.012894736 0.073893511 -0.021473838
47.456966829 0.996952218 -0.012897928 0.073885428 -0.021467683
47.477137054 0.996952324 -0.012888042 0.073889499 -0.021454697
47.497281828 0.996953138 -0.012874631 0.073881474 -0.021452579
47.517534161 0.996953550 -0.012876577 0.073878805 -0.021441445
47.537946272 0.996953226 -0.012855847 0.073883832 -0.021451638
47.557973428 0.996953860 -0.012827408 0.073880079 -0.021452085
47.578062734 0.996953579 -0.012820613 0.073881899 -0.021462961
47.598178386 0.996954273 -0.012835162 0.073872862 -0.021453143
47.618381889 0.996956477 -0.012821568 0.073848250 -0.021443563
47.638560261 0.996955857 -0.012812276 0.073854519 -0.021456345
47.658948227 0.996955937 -0.012800506 0.073852416 -0.021466876
47.678963757 0.996957167 -0.012796937 0.073838303 -0.021460460
47.699124205 0.996957415 -0.012796611 0.073840605 -0.021441198
47.719274147 0.996958238 -0.012775254 0.073840983 -0.021414332
47.739506352 0.996958183 -0.012783180 0.073840214 -0.021414841
47.759743531 0.996958506 -0.012793088 0.073840613 -0.021392468
47.779826181 0.996958364 -0.012798809 0.073841285 -0.021393368
47.800018017 0.996958311 -0.012778004 0.073841313 -0.021408159
47.820114266 0.996957736 -0.012766766 0.073847727 -0.021419503
47.840335725 0.996959529 -0.012786687 0.073827758 -0.021392978
47.860492615 0.996959057 -0.012791819 0.073830747 -0.021401622
47.880882162 0.996960132 -0.012765163 0.073828540 -0.021375043
47.900878047 0.996960059 -0.012756150 0.073825003 -0.021396046
47.921225474 0.996959702 -0.012753722 0.073822146 -0.021423978
47.941516308 0.996959664 -0.012774391 0.073823033 -0.021410368
47.961358118 0.996959111 -0.012765424 0.073836634 -0.021394546
47.981747612 0.996958737 -0.012761834 0.073839589 -0.021403916
48.001724846 0.996958585 -0.012757340 0.073841871 -0.021405799
48.021992351 0.996958765 -0.012785151 0.073837903 -0.021394527
48.042412214 0.996958253 -0.012797953 0.073838203 -0.021409682
48.062326349 0.996958452 -0.012791372 0.073836482 -0.021410259
48.082482483 0.996959073 -0.012787402 0.073831183 -0.021401975
48.102687046 0.996959388 -0.012761842 0.073831629 -0.021401061
48.122920207 0.996959357 -0.012750754 0.073832415 -0.021406380
48.143393410 0.996959578 -0.012750848 0.073830202 -0.021403665
48.163156187 0.996959745 -0.012757683 0.073820515 -0.021425240
48.183366771 0.996959051 -0.012758935 0.073830122 -0.021423671
48.203553823 0.996958770 -0.012757736 0.073835888 -0.021417564
48.223744410 0.996958018 -0.012727045 0.073854631 -0.021406216
48.243959734 0.996956953 -0.012720578 0.073871484 -0.021401490
48.264124865 0.996956956 -0.012697152 0.073873987 -0.021406638
48.284222187 0.996957377 -0.012684117 0.073872252 -0.021400729
48.304565532 0.996956343 -0.012684415 0.073882868 -0.021412098
48.324692902 0.996955560 -0.012688366 0.073895267 -0.021403397
48.344954061 0.996954664 -0.012693531 0.073909158 -0.021394104
48.364977355 0.996955004 -0.012692479 0.073904025 -0.021396635
48.385102828 0.996953610 -0.012696458 0.073913886 -0.021425133
48.405538060 0.996954316 -0.012680636 0.073911607 -0.021409516
48.425839294 0.996954993 -0.012688531 0.073904274 -0.021398644
48.445684388 0.996954988 -0.012685709 0.073903825 -0.021402086
48.465823316 0.996955020 -0.012684792 0.073900211 -0.021413628
48.486150869 0.996955116 -0.012688320 0.073903298 -0.021396392
48.506572874 0.996955392 -0.012694185 0.073904453 -0.021376044
48.526402620 0.996956652 -0.012682988 0.073899382 -0.021341437
48.546548329 0.996956815 -0.012662929 0.073902591 -0.021334642
48.566769067 0.996956604 -0.012662449 0.073904180 -0.021339251
48.586983400 0.996956683 -0.012653945 0.073901449 -0.021350095
48.607205925 0.996956024 -0.012655529 0.073901060 -0.021381229
48.627213751 0.996955694 -0.012658183 0.073908475 -0.021369415
48.647470260 0.996956412 -0.012670040 0.073902429 -0.021349781
48.667638219 0.996956266 -0.012684607 0.073898934 -0.021360080
48.688123660 0.996957124 -0.012670568 0.073883908 -0.021380295
48.708244755 0.996957323 -0.012670979 0.073880565 -0.021382327
48.728193949 0.996957083 -0.012672514 0.073881873 -0.021388087
48.748271804 0.996957217 -0.012676211 0.073878134 -0.021392563
48.768479689 0.996955786 -0.012705852 0.073889795 -0.021401407
48.788770882 0.996955864 -0.012706243 0.073889073 -0.021400024
48.808882340 0.996956279 -0.012706077 0.073881801 -0.021405890
48.829054740 0.996956351 -0.012704073 0.073880499 -0.021408241
48.849178098 0.996956397 -0.012707989 0.073876672 -0.021416980
48.869413122 0.996956252 -0.012693458 0.073880156 -0.021420316
48.889613293 0.996956642 -0.012706397 0.073877066 -0.021405166
48.909853740 0.996955532 -0.012705137 0.073886684 -0.021424414
48.930030795 0.996956027 -0.012696298 0.073887009 -0.021405447
48.950118480 0.996957010 -0.012706606 0.073875833 -0.021392153
48.970218831 0.996956617 -0.012703779 0.073877115 -0.021407720
48.990504482 0.996955710 -0.012736053 0.073879304 -0.021423201
49.010651567 0.996955865 -0.012739234 0.073877277 -0.021421083
49.030823995 0.996957042 -0.012716972 0.073871115 -0.021400790
49.050987395 0.996956925 -0.012702612 0.073869336 -0.021420903
49.071168979 0.996958513 -0.012694562 0.073856361 -0.021396493
49.091614080 0.996957718 -0.012711954 0.073863814 -0.021397472
49.111509370 0.996957823 -0.012701853 0.073864366 -0.021396674
49.131951898 0.996958526 -0.012716200 0.073852621 -0.021395928
49.152168150 0.996956997 -0.012736732 0.073867878 -0.021402310
49.172042295 0.996956770 -0.012742921 0.073866712 -0.021413232
49.192340091 0.996956477 -0.012762450 0.073873452 -0.021391940
49.212475896 0.996955858 -0.012777797 0.073874418 -0.021408319
49.232613329 0.996956480 -0.012790318 0.073862502 -0.021412959
49.252759820 0.996957399 -0.012776113 0.073852032 -0.021414762
49.272926609 0.996956700 -0.012790112 0.073854714 -0.021429726
49.293204164 0.996956203 -0.012801442 0.073863301 -0.021416479
49.313581368 0.996954881 -0.012812776 0.073879345 -0.021415904
49.333426285 0.996954652 -0.012795663 0.073885647 -0.021415019
49.353612347 0.996954176 -0.012790468 0.073892072 -0.021418153
49.373828621 0.996953967 -0.012799583 0.073890692 -0.021427155
49.394042028 0.996955404 -0.012796164 0.073875795 -0.021413744
49.414147149 0.996955502 -0.012790205 0.073873932 -0.021419128
49.434387533 0.996955282 -0.012785632 0.073869879 -0.021446086
49.454566211 0.996955439 -0.012781111 0.073871526 -0.021435777
49.475051660 0.996953575 -0.012779670 0.073890456 -0.021458111
49.494904181 0.996954103 -0.012770950 0.073880686 -0.021472410
49.515167425 0.996954815 -0.012744972 0.073877837 -0.021464568
49.535425287 0.996954179 -0.012727264 0.073891584 -0.021457307
49.555498106 0.996953890 -0.012724633 0.073893899 -0.021464326
49.576005510 0.996953748 -0.012706958 0.073897560 -0.021468777
49.595756248 0.996953526 -0.012696296 0.073897714 -0.021484839
49.615929324 0.996952989 -0.012718313 0.073902525 -0.021480200
49.636108460 0.996953665 -0.012714939 0.073899077 -0.021462697
49.656536485 0.996953291 -0.012710048 0.073905922 -0.021459396
49.676691299 0.996954122 -0.012689414 0.073903366 -0.021441788
49.696706606 0.996953871 -0.012683815 0.073909736 -0.021434798
49.716827230 0.996953934 -0.012674721 0.073909620 -0.021437647
49.737060315 0.996954207 -0.012672905 0.073903721 -0.021446370
49.757166326 0.996953646 -0.012677175 0.073906068 -0.021461819
49.777363368 0.996953702 -0.012656009 0.073912213 -0.021450534
49.797555845 0.996954066 -0.012659209 0.073909700 -0.021440399
49.817753975 0.996953938 -0.012677697 0.073908476 -0.021439663
49.837903429 0.996953740 -0.012698743 0.073907327 -0.021440373
49.858096956 0.996953850 -0.012706716 0.073905585 -0.021436544
49.878547913 0.996952772 -0.012692239 0.073920711 -0.021443106
49.898525588 0.996953487 -0.012671090 0.073913657 -0.021446648
49.918594416 0.996953671 -0.012673964 0.073911533 -0.021443723
49.938803290 0.996954937 -0.012655308 0.073898622 -0.021440408
49.959023271 0.996954603 -0.012664909 0.073894408 -0.021464774
49.979127066 0.996954795 -0.012666675 0.073888984 -0.021473469
49.999339152 0.996953166 -0.012656777 0.073907195 -0.021492276
50.019485394 0.996952388 -0.012652413 0.073918363 -0.021492528
50.039676699 0.996952076 -0.012646891 0.073919426 -0.021506555
50.060079275 0.996951833 -0.012665934 0.073916475 -0.021516787
50.080109349 0.996951370 -0.012669000 0.073923944 -0.021510764
50.100317518 0.996950939 -0.012648759 0.073930527 -0.021520027
50.120513698 0.996951886 -0.012648305 0.073920702 -0.021510157
50.140564422 0.996951816 -0.012651175 0.073921238 -0.021509893
50.160718995 0.996952147 -0.012647746 0.073922486 -0.021492262
50.181169460 0.996952074 -0.012626277 0.073920634 -0.021514637
50.201117441 0.996953216 -0.012607408 0.073906033 -0.021522917
50.221253990 0.996953660 -0.012590140 0.073905811 -0.021513223
50.241450254 0.996953682 -0.012598172 0.073905471 -0.021508698
50.262065539 0.996952943 -0.012613535 0.073907718 -0.021526204
50.281922749 0.996954056 -0.012614440 0.073899311 -0.021502981
50.302301330 0.996954344 -0.012628049 0.073892667 -0.021504451
50.322343457 0.996954447 -0.012647577 0.073886358 -0.021509889
50.342402617 0.996954726 -0.012642365 0.073884256 -0.021507235
50.362529964 0.996955154 -0.012641210 0.073883693 -0.021489997
50.382768370 0.996953678 -0.012627320 0.073911633 -0.021470583
50.402877053 0.996953868 -0.012633102 0.073909913 -0.021464282
50.423003716 0.996953607 -0.012635497 0.073909662 -0.021475847
50.443496197 0.996952541 -0.012635582 0.073917708 -0.021497562
50.463561413 0.996952104 -0.012647921 0.073922810 -0.021493051
50.483646773 0.996950852 -0.012649670 0.073936385 -0.021503379
50.503884542 0.996950821 -0.012662463 0.073934251 -0.021504647
50.524035781 0.996951569 -0.012664693 0.073924153 -0.021503343
50.544115243 0.996950024 -0.012645810 0.073945479 -0.021512752
50.564237579 0.996949578 -0.012636583 0.073951828 -0.021517032
50.584467587 0.996951289 -0.012619322 0.073939160 -0.021491410
50.604706480 0.996951276 -0.012623310 0.073938848 -0.021490766
50.624884779 0.996951936 -0.012608920 0.073929580 -0.021500438
50.645022109 0.996950770 -0.012602098 0.073943628 -0.021510220
50.665217392 0.996951447 -0.012595953 0.073938903 -0.021498670
50.685348764 0.996952275 -0.012602119 0.073923658 -0.021509077
50.705744839 0.996952104 -0.012622861 0.073921607 -0.021511902
50.725682775 0.996951850 -0.012615162 0.073924735 -0.021517416
50.745881030 0.996952298 -0.012628182 0.073920335 -0.021504175
50.766155324 0.996951745 -0.012624524 0.073924777 -0.021516673
50.786257820 0.996950706 -0.012620071 0.073936592 -0.021526824
50.806400361 0.996950850 -0.012602406 0.073946434 -0.021496671
50.826980235 0.996950112 -0.012610924 0.073955555 -0.021494518
50.847076753 0.996950493 -0.012609202 0.073952726 -0.021487595
50.867054561 0.996950659 -0.012602338 0.073950348 -0.021492106
50.887150275 0.996949601 -0.012588410 0.073966407 -0.021494078
50.907278605 0.996949881 -0.012589422 0.073961406 -0.021497700
50.927489487 0.996950080 -0.012585392 0.073961595 -0.021490187
50.947642182 0.996949614 -0.012580988 0.073969645 -0.021486694
50.967820375 0.996949802 -0.012592129 0.073963735 -0.021491775
50.988210140 0.996948681 -0.012632070 0.073973657 -0.021486186
51.008519250 0.996948467 -0.012629135 0.073979063 -0.021479209
51.028344607 0.996948551 -0.012643198 0.073979050 -0.021467108
51.048855175 0.996949323 -0.012643180 0.073969413 -0.021464487
51.068808757 0.996947662 -0.012664131 0.073989490 -0.021460058
51.089016997 0.996947553 -0.012642148 0.073988853 -0.021480266
51.109089453 0.996947537 -0.012648807 0.073986240 -0.021486085
51.129248527 0.996947887 -0.012648378 0.073984676 -0.021475514
51.149442688 0.996948319 -0.012644838 0.073980938 -0.021470402
51.169625479 0.996948843 -0.012654545 0.073975312 -0.021459709
51.189873771 0.996950476 -0.012644154 0.073954554 -0.021461563
51.210299327 0.996951067 -0.012635311 0.073948027 -0.021461792
51.230119446 0.996951259 -0.012631864 0.073947561 -0.021456483
51.250275332 0.996951554 -0.012631907 0.073941189 -0.021464738
51.270559847 0.996951570 -0.012630251 0.073944028 -0.021455169
51.291145668 0.996951870 -0.012606251 0.073941619 -0.021463674
51.310878381 0.996951074 -0.012614672 0.073946388 -0.021479262
51.330995727 0.996950470 -0.012617714 0.073953842 -0.021479830
51.351378694 0.996949504 -0.012639272 0.073964567 -0.021475048
51.371391047 0.996948214 -0.012660562 0.073978301 -0.021475079
51.391539651 0.996947081 -0.012682655 0.073992731 -0.021464927
51.411785398 0.996947282 -0.012691433 0.073985511 -0.021475299
51.432048106 0.996947130 -0.012686355 0.073989489 -0.021471638
51.452049304 0.996948955 -0.012680462 0.073963946 -0.021478400
51.472230866 0.996949003 -0.012686792 0.073960144 -0.021485535
51.492691114 0.996949853 -0.012692614 0.073943972 -0.021498306
51.512752503 0.996950820 -0.012695775 0.073933275 -0.021488405
51.532848697 0.996950942 -0.012703182 0.073928199 -0.021495805
51.552980033 0.996949865 -0.012700832 0.073941756 -0.021500494
51.573218493 0.996949924 -0.012689006 0.073934004 -0.021531391
51.593288799 0.996950781 -0.012680680 0.073929837 -0.021510910
51.613553353 0.996951239 -0.012679294 0.073926005 -0.021503666
51.633779135 0.996951103 -0.012703845 0.073922761 -0.021506655
51.653922035 0.996949593 -0.012702070 0.073942846 -0.021508657
51.674161408 0.996949861 -0.012718978 0.073941119 -0.021492185
51.694201740 0.996949574 -0.012724282 0.073943719 -0.021493389
51.714372563 0.996949070 -0.012719679 0.073942947 -0.021522117
51.734563206 0.996950032 -0.012719343 0.073932162 -0.021514830
51.754798091 0.996951386 -0.012710634 0.073912821 -0.021523688
51.775132891 0.996950926 -0.012706410 0.073915892 -0.021536905
51.795340390 0.996951402 -0.012688037 0.073910270 -0.021545016
51.815364642 0.996951879 -0.012677343 0.073908507 -0.021535287
51.835621219 0.996951174 -0.012688974 0.073911967 -0.021549209
51.855790059 0.996951009 -0.012688274 0.073912812 -0.021554340
51.875969221 0.996950926 -0.012667437 0.073925991 -0.021525208
51.895979134 0.996950682 -0.012671741 0.073927656 -0.021528258
51.916136983 0.996950580 -0.012664934 0.073930610 -0.021526848
51.936310608 0.996951073 -0.012659403 0.073928592 -0.021514200
51.956528478 0.996950613 -0.012655519 0.073935332 -0.021514656
51.976675742 0.996951688 -0.012658770 0.073924224 -0.021501072
51.997295207 0.996952204 -0.012674011 0.073916575 -0.021494491
52.017165203 0.996951409 -0.012667866 0.073925806 -0.021503218
52.037325584 0.996951405 -0.012682352 0.073924643 -0.021498867
52.057424692 0.996951200 -0.012680844 0.073926003 -0.021504599
52.077692192 0.996951631 -0.012691426 0.073919123 -0.021502025
52.097780777 0.996950337 -0.012706385 0.073934891 -0.021498955
52.117900891 0.996951457 -0.012713001 0.073915394 -0.021510128
52.138057945 0.996951222 -0.012725033 0.073916728 -0.021509351
52.158297386 0.996951373 -0.012721858 0.073915426 -0.021508714
52.178590700 0.996951495 -0.012736633 0.073909927 -0.021513189
52.198950033 0.996949928 -0.012755699 0.073927039 -0.021515711
52.218896966 0.996950570 -0.012728464 0.073921795 -0.021520118
52.239074304 0.996951504 -0.012716460 0.073916370 -0.021502557
52.259330762 0.996950824 -0.012701505 0.073922830 -0.021520735
52.279329547 0.996950779 -0.012694249 0.073927412 -0.021511327
52.299513259 0.996951164 -0.012701489 0.073923576 -0.021502434
52.319662626 0.996949999 -0.012718988 0.073927995 -0.021530849
52.339917237 0.996950375 -0.012735123 0.073915678 -0.021546208
52.360070030 0.996950489 -0.012733040 0.073914686 -0.021545582
52.380225285 0.996950109 -0.012735285 0.073910640 -0.021575687
52.400425550 0.996950998 -0.012727384 0.073891443 -0.021604976
52.420734663 0.996951168 -0.012738830 0.073892456 -0.021586953
52.440784097 0.996951935 -0.012736483 0.073881067 -0.021591896
52.460947869 0.996951089 -0.012730532 0.073889161 -0.021606772
52.481122082 0.996950977 -0.012727936 0.073896059 -0.021589858
52.501259785 0.996950900 -0.012732993 0.073895815 -0.021591238
52.521686056 0.996951649 -0.012720605 0.073888138 -0.021590259
52.541762309 0.996952162 -0.012709800 0.073887765 -0.021574174
52.561821585 0.996951826 -0.012711406 0.073889391 -0.021583183
52.582178261 0.996952141 -0.012694000 0.073890789 -0.021574087
52.602382569 0.996952141 -0.012679006 0.073891671 -0.021579903
52.622859694 0.996952569 -0.012689744 0.073888231 -0.021565573
52.642688056 0.996953171 -0.012701685 0.073874833 -0.021576619
52.662919766 0.996952438 -0.012721102 0.073881979 -0.021574617
52.682873117 0.996952131 -0.012724464 0.073887485 -0.021567934
52.703169565 0.996951153 -0.012747605 0.073898872 -0.021560447
52.723243008 0.996951182 -0.012751813 0.073896398 -0.021565120
52.743528367 0.996950881 -0.012764123 0.073892757 -0.021584228
52.763616518 0.996951046 -0.012793101 0.073882031 -0.021596163
52.784044863 0.996951724 -0.012789252 0.073877759 -0.021581742
52.804090893 0.996951224 -0.012792666 0.073884506 -0.021579712
52.824223124 0.996950640 -0.012804170 0.073889622 -0.021582349
52.844385596 0.996951470 -0.012777845 0.073887507 -0.021566860
52.864505728 0.996950425 -0.012788965 0.073896495 -0.021577780
52.884637393 0.996949361 -0.012770421 0.073908999 -0.021595069
52.904898028 0.996949063 -0.012779670 0.073911319 -0.021595437
52.925222287 0.996949064 -0.012785154 0.073909666 -0.021597792
52.945156091 0.996949001 -0.012766742 0.073915874 -0.021590333
52.965374164 0.996948612 -0.012774317 0.073915259 -0.021605937
52.985896352 0.996948633 -0.012788379 0.073905986 -0.021628345
53.006005063 0.996950578 -0.012768964 0.073886307 -0.021617429
53.025985839 0.996950358 -0.012759476 0.073892111 -0.021613308
53.046078148 0.996949871 -0.012758525 0.073893288 -0.021632330
53.066250025 0.996949718 -0.012762441 0.073892573 -0.021639486
53.086596325 0.996950371 -0.012777852 0.073885359 -0.021624924
53.106693377 0.996950364 -0.012762383 0.073886279 -0.021631268
53.126814210 0.996951592 -0.012760759 0.073865659 -0.021646021
53.146959704 0.996950558 -0.012766935 0.073877390 -0.021649989
53.167112673 0.996951130 -0.012758170 0.073870626 -0.021651865
53.187485459 0.996950957 -0.012763299 0.073877291 -0.021634101
53.207816209 0.996950788 -0.012781759 0.073879704 -0.021622747
53.228046546 0.996950836 -0.012776089 0.073883552 -0.021610700
53.247866373 0.996950868 -0.012781471 0.073883487 -0.021606287
53.268024398 0.996951305 -0.012783496 0.073870908 -0.021627896
53.288291459 0.996952556 -0.012783635 0.073854270 -0.021626978
53.308445678 0.996952433 -0.012780653 0.073857897 -0.021622031
53.328607981 0.996952807 -0.012768181 0.073855981 -0.021618683
53.348743936 0.996952774 -0.012756935 0.073859267 -0.021615655
53.368930339 0.996952644 -0.012756072 0.073859615 -0.021620968
53.389268351 0.996953040 -0.012759403 0.073856829 -0.021610219
53.409326849 0.996953380 -0.012771907 0.073847266 -0.021619842
53.429582142 0.996953497 -0.012763692 0.073849302 -0.021612332
53.449622499 0.996953585 -0.012766718 0.073850874 -0.021601111
53.469816158 0.996952691 -0.012772665 0.073857032 -0.021617817
53.490008528 0.996951751 -0.012783306 0.073866392 -0.021622868
53.510201622 0.996952454 -0.012792898 0.073856161 -0.021619758
53.530434403 0.996953295 -0.012787284 0.073842309 -0.021631591
53.550584273 0.996953032 -0.012810657 0.073840290 -0.021636781
53.570747136 0.996953722 -0.012810731 0.073831001 -0.021636651
53.591029146 0.996953637 -0.012798779 0.073833706 -0.021638392
53.611109039 0.996954266 -0.012796438 0.073824024 -0.021643851
53.631413809 0.996954308 -0.012788903 0.073828188 -0.021632184
53.651484708 0.996954160 -0.012816415 0.073824534 -0.021635181
53.671658799 0.996954334 -0.012803307 0.073829477 -0.021618026
53.691931719 0.996954737 -0.012793498 0.073824011 -0.021623926
53.712111682 0.996953835 -0.012798244 0.073836473 -0.021620137
53.732134336 0.996953731 -0.012790962 0.073837773 -0.021624825
53.752312358 0.996955235 -0.012786080 0.073815251 -0.021635256
53.772845549 0.996955520 -0.012795855 0.073810718 -0.021631796
53.792784360 0.996955283 -0.012820214 0.073810433 -0.021629296
53.812866319 0.996955390 -0.012800030 0.073811155 -0.021633851
53.833343456 0.996954941 -0.012800224 0.073814763 -0.021642101
53.853133417 0.996954821 -0.012799126 0.073814182 -0.021650262
53.873340541 0.996953795 -0.012823951 0.073822272 -0.021655254
53.893582413 0.996953783 -0.012843985 0.073824173 -0.021637438
53.913730293 0.996953463 -0.012859157 0.073829185 -0.021626058
53.933883366 0.996953853 -0.012860936 0.073825993 -0.021617924
53.954076889 0.996952774 -0.012870399 0.073836824 -0.021625042
53.974224500 0.996953838 -0.012887216 0.073825417 -0.021604896
53.994502525 0.996952187 -0.012891069 0.073836822 -0.021639802
54.014792735 0.996951828 -0.012872369 0.073839326 -0.021658918
54.034799115 0.996951788 -0.012866073 0.073843636 -0.021649781
54.055007733 0.996951194 -0.012880634 0.073849308 -0.021649130
54.075306751 0.996951196 -0.012872839 0.073846943 -0.021661779
54.095332425 0.996952164 -0.012856406 0.073846364 -0.021628911
54.115506499 0.996952626 -0.012860659 0.073842244 -0.021619169
54.135665035 0.996952213 -0.012859645 0.073847863 -0.021619622
54.155981905 0.996952887 -0.012861177 0.073845563 -0.021595485
54.176143705 0.996953743 -0.012862901 0.073833686 -0.021595516
54.196243949 0.996954173 -0.012852385 0.073830146 -0.021594020
54.216464676 0.996954669 -0.012854987 0.073821267 -0.021599929
54.236579917 0.996955097 -0.012849687 0.073819412 -0.021589689
54.256756510 0.996954928 -0.012827784 0.073819835 -0.021609060
54.276855590 0.996954110 -0.012828622 0.073825216 -0.021627911
54.297191881 0.996953824 -0.012809953 0.073828525 -0.021640848
54.317268246 0.996953922 -0.012814607 0.073828530 -0.021633592
54.337509122 0.996954104 -0.012796754 0.073827769 -0.021638333
54.357728851 0.996953267 -0.012823380 0.073830488 -0.021651864
54.377860762 0.996952982 -0.012816083 0.073832500 -0.021662427
54.397922922 0.996954041 -0.012827674 0.073822247 -0.021641774
54.418153912 0.996954120 -0.012817130 0.073819812 -0.021652677
54.438302109 0.996955995 -0.012821672 0.073797134 -0.021640975
54.458683325 0.996955595 -0.012821592 0.073800298 -0.021648651
54.478733659 0.996954950 -0.012831452 0.073803415 -0.021661885
54.498900807 0.996954786 -0.012844631 0.073803357 -0.021661804
54.519045832 0.996955554 -0.012837089 0.073795453 -0.021657866
54.539334030 0.996955794 -0.012844296 0.073785789 -0.021675456
54.559543116 0.996955967 -0.012835086 0.073787558 -0.021666944
54.579750194 0.996956102 -0.012843958 0.073792281 -0.021639378
54.599898328 0.996956719 -0.012847418 0.073788544 -0.021621647
54.619970014 0.996956719 -0.012837704 0.073789929 -0.021622662
54.640189994 0.996957268 -0.012840828 0.073783421 -0.021617696
54.660253048 0.996956093 -0.012833344 0.073790260 -0.021652966
54.680521342 0.996955909 -0.012832068 0.073796617 -0.021640523
54.700660844 0.996955314 -0.012826580 0.073813528 -0.021613508
54.720819452 0.996955793 -0.012827903 0.073816487 -0.021580492
54.741153423 0.996956665 -0.012819284 0.073810463 -0.021565940
54.761422294 0.996957203 -0.012821364 0.073805617 -0.021556407
54.781376622 0.996958187 -0.012820679 0.073798028 -0.021537267
54.801547476 0.996957314 -0.012821297 0.073808418 -0.021541728
54.821798461 0.996957680 -0.012811739 0.073804631 -0.021543433
54.842157917 0.996957192 -0.012825374 0.073807126 -0.021549383
54.862038003 0.996957740 -0.012822268 0.073801931 -0.021543637
54.882186171 0.996958599 -0.012812077 0.073790445 -0.021549333
54.902416199 0.996959571 -0.012825126 0.073773979 -0.021552961
54.922604213 0.996959732 -0.012824536 0.073772196 -0.021551967
54.943095957 0.996960610 -0.012812171 0.073762643 -0.021551421
54.963058384 0.996961578 -0.012807267 0.073750848 -0.021549886
54.983209310 0.996961141 -0.012798610 0.073760646 -0.021541729
55.003303817 0.996960917 -0.012805503 0.073760184 -0.021549567
55.023537435 0.996959590 -0.012817328 0.073771957 -0.021563647
55.043779989 0.996959699 -0.012815246 0.073773390 -0.021554944
55.063859039 0.996960053 -0.012835241 0.073762392 -0.021564303
55.084106244 0.996960086 -0.012865309 0.073754855 -0.021570646
55.104252603 0.996960217 -0.012859307 0.073754380 -0.021569760
55.124379217 0.996959900 -0.012860751 0.073760531 -0.021562523
55.144585485 0.996961430 -0.012850101 0.073742683 -0.021559203
55.164744001 0.996960451 -0.012825201 0.073758654 -0.021564637
55.184872455 0.996961131 -0.012859568 0.073740075 -0.021576286
55.205155231 0.996961037 -0.012844789 0.073737686 -0.021597575
55.225204548 0.996960762 -0.012844272 0.073742967 -0.021592547
55.245493487 0.996960722 -0.012834580 0.073746544 -0.021587969
55.265620161 0.996959249 -0.012844456 0.073769079 -0.021573124
55.285783376 0.996958793 -0.012853401 0.073771636 -0.021580115
55.306095017 0.996959101 -0.012848294 0.073765921 -0.021588455
55.326386667 0.996959632 -0.012846839 0.073759389 -0.021587117
55.346358314 0.996959951 -0.012853737 0.073756199 -0.021579187
55.366570780 0.996959831 -0.012849463 0.073761608 -0.021568778
55.386914467 0.996960321 -0.012876757 0.073755686 -0.021550108
55.406851258 0.996960248 -0.012886639 0.073753194 -0.021556088
55.427004569 0.996959616 -0.012890461 0.073762093 -0.021552593
55.447157185 0.996960222 -0.012863116 0.073766322 -0.021526416
55.467382482 0.996960899 -0.012872687 0.073755058 -0.021527910
55.487653969 0.996960437 -0.012875291 0.073756741 -0.021541976
55.507794326 0.996959836 -0.012880153 0.073761249 -0.021551467
55.528034019 0.996959121 -0.012864449 0.073770727 -0.021561451
55.548192224 0.996959078 -0.012848949 0.073770635 -0.021573031
55.568436977 0.996959051 -0.012841238 0.073765745 -0.021595551
55.588493676 0.996958834 -0.012835631 0.073769872 -0.021594827
55.609104065 0.996959158 -0.012821116 0.073769282 -0.021590488
55.628873000 0.996960061 -0.012835472 0.073750172 -0.021605554
55.649023029 0.996959120 -0.012857742 0.073759429 -0.021604133
55.669099976 0.996958849 -0.012845380 0.073765718 -0.021602511
55.689484320 0.996958854 -0.012835028 0.073768923 -0.021597489
55.709832529 0.996959540 -0.012834109 0.073757953 -0.021603845
55.729776024 0.996959594 -0.012840628 0.073757343 -0.021599556
55.749875139 0.996959306 -0.012815548 0.073767365 -0.021593526
55.770170814 0.996959299 -0.012797095 0.073772723 -0.021586488
55.790253505 0.996959765 -0.012793018 0.073766385 -0.021589024
55.810417840 0.996958210 -0.012796213 0.073781073 -0.021608732
55.830554884 0.996958449 -0.012795157 0.073783767 -0.021589127
55.850784465 0.996957996 -0.012798893 0.073787019 -0.021596707
55.871014278 0.996957476 -0.012779100 0.073793600 -0.021609940
55.891224304 0.996957302 -0.012776291 0.073799219 -0.021600452
55.911271848 0.996955879 -0.012787911 0.073819408 -0.021590247
55.931458125 0.996956127 -0.012786580 0.073809094 -0.021614841
55.951638589 0.996957537 -0.012757993 0.073799288 -0.021600196
55.971772074 0.996957382 -0.012758632 0.073801732 -0.021598633
55.992353046 0.996955508 -0.012787744 0.073824860 -0.021588850
56.012202042 0.996956957 -0.012776655 0.073811322 -0.021574772
56.032334802 0.996956545 -0.012796296 0.073815196 -0.021568927
56.052626881 0.996956359 -0.012816904 0.073815106 -0.021565608
56.072793221 0.996956962 -0.012812147 0.073809986 -0.021558080
56.093058970 0.996957337 -0.012811705 0.073807074 -0.021550961
56.113261784 0.996958009 -0.012825032 0.073791829 -0.021564174
56.133266513 0.996959495 -0.012838753 0.073774398 -0.021546913
56.153450270 0.996959997 -0.012843780 0.073773213 -0.021524724
56.173584278 0.996959716 -0.012848397 0.073775402 -0.021527514
56.193788492 0.996960158 -0.012827393 0.073772080 -0.021530957
56.213937012 0.996959526 -0.012841228 0.073772137 -0.021551753
56.234132981 0.996959405 -0.012857754 0.073772898 -0.021544877
56.254354924 0.996959345 -0.012864790 0.073768840 -0.021557380
56.274480497 0.996960152 -0.012845002 0.073763049 -0.021551657
56.294704359 0.996959914 -0.012842717 0.073766467 -0.021552338
56.314916820 0.996958986 -0.012838829 0.073776409 -0.021563533
56.335141893 0.996959189 -0.012832421 0.073776453 -0.021557835
56.355250854 0.996959555 -0.012830060 0.073771850 -0.021558071
56.375334885 0.996959366 -0.012836252 0.073773528 -0.021557373
56.395548571 0.996959600 -0.012831026 0.073771308 -0.021557230
56.415772027 0.996959108 -0.012833275 0.073766918 -0.021593672
56.435844499 0.996959825 -0.012835855 0.073756354 -0.021595098
56.456128396 0.996959019 -0.012828471 0.073766571 -0.021601791
56.476597937 0.996957929 -0.012836954 0.073777857 -0.021608504
56.496709737 0.996957431 -0.012850959 0.073774373 -0.021635058
56.516735264 0.996958099 -0.012827292 0.073771478 -0.021628165
56.537050555 0.996958711 -0.012820032 0.073765997 -0.021622964
56.557411316 0.996958968 -0.012809450 0.073763598 -0.021625577
56.577211339 0.996958216 -0.012808713 0.073774402 -0.021623822
56.597366982 0.996957991 -0.012811793 0.073775554 -0.021628455
56.617518863 0.996958055 -0.012813312 0.073771352 -0.021638915
56.637650878 0.996958803 -0.012810763 0.073764289 -0.021630061
56.657893545 0.996958109 -0.012804205 0.073772946 -0.021636377
56.678121233 0.996958536 -0.012817546 0.073761328 -0.021648407
56.698334681 0.996959068 -0.012824177 0.073754169 -0.021644401
56.718459497 0.996959153 -0.012836709 0.073754412 -0.021632205
56.738688287 0.996957460 -0.012862668 0.073768321 -0.021647383
56.758693933 0.996957453 -0.012866597 0.073769244 -0.021642240
56.778902646 0.996957777 -0.012867761 0.073761384 -0.021653409
56.799131353 0.996957405 -0.012870321 0.073769764 -0.021640452
56.819339613 0.996957129 -0.012872709 0.073773675 -0.021638403
56.839462074 0.996957638 -0.012853080 0.073775540 -0.021620283
56.859625855 0.996956624 -0.012861821 0.073781487 -0.021641514
56.880058045 0.996956339 -0.012883868 0.073780437 -0.021645095
56.900002102 0.996955865 -0.012913758 0.073780734 -0.021648130
56.920227063 0.996956358 -0.012907248 0.073771976 -0.021659168
56.940279711 0.996955386 -0.012914682 0.073781941 -0.021665509
56.960516060 0.996955038 -0.012931974 0.073785230 -0.021660000
56.980652903 0.996954398 -0.012925362 0.073798223 -0.021649164
57.000869391 0.996954650 -0.012916173 0.073795402 -0.021652654
57.021072347 0.996954139 -0.012903791 0.073794900 -0.021685250
57.041193715 0.996953847 -0.012877496 0.073801253 -0.021692695
57.061444272 0.996955216 -0.012866762 0.073786215 -0.021687277
57.081925363 0.996955539 -0.012873925 0.073778342 -0.021694961
57.101925716 0.996955344 -0.012870350 0.073784139 -0.021686314
57.122144365 0.996955403 -0.012847618 0.073789113 -0.021680182
57.142126640 0.996955676 -0.012847424 0.073784918 -0.021681991
57.162226484 0.996954346 -0.012845411 0.073799055 -0.021696260
57.182536675 0.996953665 -0.012850966 0.073807594 -0.021695214
57.202634196 0.996953426 -0.012868542 0.073806869 -0.021698223
57.222875354 0.996954395 -0.012886479 0.073792077 -0.021693385
57.243064763 0.996955704 -0.012878094 0.073778125 -0.021685654
57.263160508 0.996955493 -0.012868628 0.073778427 -0.021699944
57.283351192 0.996956972 -0.012876509 0.073752162 -0.021716585
57.303601856 0.996957222 -0.012906000 0.073751080 -0.021691245
57.323823402 0.996956529 -0.012929843 0.073754741 -0.021696466
57.343901153 0.996956224 -0.012924885 0.073760277 -0.021694616
57.364045030 0.996956134 -0.012956171 0.073750813 -0.021712244
57.384176429 0.996955482 -0.012970767 0.073756498 -0.021714192
57.404403780 0.996955498 -0.012980040 0.073752336 -0.021722034
57.424962828 0.996954513 -0.012987722 0.073754488 -0.021755330
57.444752421 0.996953840 -0.012978347 0.073766424 -0.021751288
57.464955961 0.996953818 -0.012963623 0.073766138 -0.021762034
57.485291894 0.996954758 -0.012945776 0.073756606 -0.021761924
57.505739812 0.996955161 -0.012946281 0.073753679 -0.021753038
57.525481016 0.996955060 -0.012971411 0.073754001 -0.021741636
57.545724959 0.996954976 -0.012985340 0.073748060 -0.021757294
57.565775826 0.996955254 -0.012987145 0.073742626 -0.021761919
57.586002039 0.996954741 -0.012999953 0.073746799 -0.021763604
57.606145900 0.996953635 -0.012996346 0.073756174 -0.021784648
57.626532427 0.996954488 -0.012990184 0.073755694 -0.021750916
57.646525620 0.996954872 -0.013019345 0.073745379 -0.021750840
57.666718923 0.996954245 -0.013017030 0.073746481 -0.021777189
57.687048191 0.996953114 -0.013033817 0.073763105 -0.021762618
57.707115657 0.996953957 -0.013024934 0.073757353 -0.021748834
57.727555421 0.996953099 -0.013024265 0.073759708 -0.021780566
57.747445427 0.996952601 -0.013027094 0.073767402 -0.021775594
57.767626788 0.996952746 -0.013021009 0.073772312 -0.021755933
57.787769080 0.996952672 -0.013033269 0.073772104 -0.021752704
57.808039103 0.996953188 -0.013038418 0.073767461 -0.021741707
57.828128822 0.996953923 -0.013030258 0.073766832 -0.021715038
57.848391115 0.996953190 -0.013051147 0.073770336 -0.021724234
57.868570244 0.996953946 -0.013066071 0.073761622 -0.021710159
57.888653186 0.996953139 -0.013060594 0.073773000 -0.021711862
57.909374060 0.996951561 -0.013045695 0.073790930 -0.021732330
57.929045267 0.996951348 -0.013046386 0.073792775 -0.021735412
57.949164833 0.996951093 -0.013058347 0.073794985 -0.021732409
57.969358927 0.996951489 -0.013061939 0.073796712 -0.021706230
57.989581639 0.996951550 -0.013070333 0.073793642 -0.021708775
58.009739343 0.996951391 -0.013067667 0.073797237 -0.021705476
58.029921533 0.996952129 -0.013050192 0.073791998 -0.021699899
58.050178940 0.996952922 -0.013049623 0.073779016 -0.021707957
58.070395986 0.996952927 -0.013053427 0.073771370 -0.021731432
58.090440948 0.996953056 -0.013049797 0.073775772 -0.021712717
58.110601394 0.996952513 -0.013050377 0.073780202 -0.021722265
58.130852365 0.996952266 -0.013048285 0.073783019 -0.021725292
58.151043742 0.996952557 -0.013037437 0.073784909 -0.021712005
58.171140799 0.996951981 -0.013034610 0.073793989 -0.021709296
58.191422065 0.996952418 -0.013048218 0.073780763 -0.021726022
58.211485073 0.996952783 -0.013054109 0.073781642 -0.021702701
58.231684075 0.996953333 -0.013079866 0.073770917 -0.021698413
58.251955570 0.996953106 -0.013067958 0.073769127 -0.021722104
58.272291244 0.996953304 -0.013057778 0.073773642 -0.021703793
58.292235925 0.996953624 -0.013083601 0.073766146 -0.021698999
58.312382654 0.996953714 -0.013083042 0.073764192 -0.021701829
58.332523233 0.996953492 -0.013100683 0.073764803 -0.021699305
58.352721026 0.996954778 -0.013080507 0.073752159 -0.021695386
58.372904903 0.996954457 -0.013072305 0.073761286 -0.021684062
58.393379016 0.996954590 -0.013050173 0.073763914 -0.021682311
58.413242658 0.996954441 -0.013051182 0.073766971 -0.021678190
58.433442212 0.996954018 -0.013062672 0.073769531 -0.021682005
58.453662104 0.996952654 -0.013081541 0.073782635 -0.021688760
58.473968777 0.996953408 -0.013084550 0.073774690 -0.021679318
58.493931507 0.996952239 -0.013093387 0.073783141 -0.021698945
58.514108043 0.996952874 -0.013076660 0.073774658 -0.021708693
58.534306985 0.996953505 -0.013067812 0.073767876 -0.021708092
58.554517127 0.996952906 -0.013079156 0.073775841 -0.021701689
58.574679151 0.996953216 -0.013065380 0.073773990 -0.021702078
58.594813051 0.996952874 -0.013068450 0.073782995 -0.021685296
58.615039175 0.996952515 -0.013090498 0.073779407 -0.021700695
58.635229487 0.996952423 -0.013084114 0.073781114 -0.021702986
58.655702679 0.996952573 -0.013089015 0.073776033 -0.021710390
58.675909575 0.996952019 -0.013075020 0.073783780 -0.021717972
58.695799964 0.996951125 -0.013070571 0.073789563 -0.021741996
58.716250151 0.996951784 -0.013049018 0.073794097 -0.021709322
58.736208338 0.996952513 -0.013055606 0.073785118 -0.021702399
58.756385285 0.996952316 -0.013049389 0.073791755 -0.021692629
58.776478278 0.996952006 -0.013061666 0.073787110 -0.021715285
58.796626885 0.996951225 -0.013072960 0.073795867 -0.021714557
58.816818446 0.996948945 -0.013071072 0.073821071 -0.021734730
58.837017100 0.996948729 -0.013064622 0.073825485 -0.021733522
58.857161281 0.996947512 -0.013070632 0.073847358 -0.021711415
58.877417804 0.996947176 -0.013081559 0.073850184 -0.021710607
58.897492397 0.996946259 -0.013064536 0.073859606 -0.021730929
58.917741940 0.996946166 -0.013065385 0.073859419 -0.021735322
58.937870102 0.996946031 -0.013055388 0.073861432 -0.021740659
58.958115641 0.996946061 -0.013065428 0.073860480 -0.021736507
58.978193103 0.996945994 -0.013076407 0.073865806 -0.021714855
58.998425230 0.996945290 -0.013081073 0.073871735 -0.021724223
59.018588293 0.996946381 -0.013073087 0.073855373 -0.021734587
59.039015196 0.996947054 -0.013065532 0.073842126 -0.021753248
59.059063423 0.996947973 -0.013066039 0.073829553 -0.021753485
59.079242448 0.996948748 -0.013063264 0.073820638 -0.021749889
59.099477008 0.996948487 -0.013045894 0.073827816 -0.021747949
59.119478195 0.996948475 -0.013044727 0.073827301 -0.021750927
59.139665223 0.996947985 -0.013063422 0.073831088 -0.021749302
59.159861047 0.996947306 -0.013040160 0.073840124 -0.021763728
59.180040205 0.996947156 -0.013053508 0.073841303 -0.021758574
59.200160173 0.996948352 -0.013067617 0.073828035 -0.021740353
59.220413758 0.996948304 -0.013075608 0.073826227 -0.021743852
59.240628139 0.996947271 -0.013075607 0.073840392 -0.021743133
59.260756765 0.996947729 -0.013061090 0.073831922 -0.021759616
59.281015852 0.996947357 -0.013055162 0.073839541 -0.021754362
59.301110382 0.996947135 -0.013052697 0.073841852 -0.021758163
59.321227776 0.996947467 -0.013032014 0.073839634 -0.021762883
59.341425672 0.996947500 -0.013040542 0.073835682 -0.021769657
59.361551455 0.996947812 -0.013020293 0.073835817 -0.021767047
59.381736188 0.996947673 -0.013016861 0.073842401 -0.021753117
59.401983746 0.996947200 -0.013010236 0.073845684 -0.021767598
59.422185909 0.996947027 -0.013019504 0.073844165 -0.021775171
59.442584016 0.996946022 -0.013043570 0.073853403 -0.021775427
59.462580569 0.996945767 -0.013030696 0.073853251 -0.021795323
59.482687394 0.996945451 -0.013036305 0.073857431 -0.021792253
59.502823646 0.996945601 -0.013031207 0.073855034 -0.021796557
59.523007742 0.996945388 -0.013012794 0.073859222 -0.021803137
59.543174008 0.996944336 -0.013023232 0.073873099 -0.021797982
59.563342099 0.996944502 -0.013014620 0.073874817 -0.021789708
59.583673591 0.996944687 -0.013030770 0.073875660 -0.021768701
59.603758168 0.996944485 -0.013041341 0.073870465 -0.021789257
59.623905623 0.996943579 -0.013041080 0.073878371 -0.021804057
59.644123385 0.996941997 -0.013042666 0.073900813 -0.021799404
59.664496044 0.996942357 -0.013049706 0.073893997 -0.021801799
59.684409001 0.996943062 -0.013065257 0.073883157 -0.021797012
59.704597518 0.996943076 -0.013060091 0.073884872 -0.021793630
59.725247977 0.996942965 -0.013057855 0.073885395 -0.021798269
59.745006077 0.996943705 -0.013050986 0.073877243 -0.021796198
59.765193366 0.996943401 -0.013049245 0.073884632 -0.021786083
59.785497213 0.996943932 -0.013061119 0.073875191 -0.021786710
59.805659639 0.996944173 -0.013059252 0.073876502 -0.021772312
59.825897636 0.996943782 -0.013056877 0.073882015 -0.021772947
59.846189930 0.996943858 -0.013026051 0.073891409 -0.021756039
59.866139096 0.996944457 -0.013036220 0.073879914 -0.021761527
59.886173705 0.996943832 -0.013044378 0.073886700 -0.021762234
59.906375841 0.996943719 -0.013039253 0.073887573 -0.021767523
59.926641901 0.996943650 -0.013021880 0.073887983 -0.021779712
59.946745107 0.996943896 -0.013038050 0.073891113 -0.021748107
59.966960281 0.996943570 -0.013011343 0.073898118 -0.021755257
59.987099971 0.996943292 -0.013003910 0.073898000 -0.021772860
60.007371508 0.996941935 -0.013006205 0.073916614 -0.021770432
60.027452008 0.996941727 -0.012989354 0.073924399 -0.021763567
60.047639713 0.996940856 -0.012996890 0.073924569 -0.021798385
60.068144197 0.996940270 -0.012995440 0.073936726 -0.021784802
60.088032509 0.996940325 -0.012994417 0.073935406 -0.021787370
60.108237960 0.996939513 -0.013004664 0.073944837 -0.021786415
60.128296496 0.996939165 -0.013012040 0.073947069 -0.021790362
60.148538543 0.996938942 -0.013019554 0.073949371 -0.021788249
60.168669767 0.996940704 -0.013000824 0.073932881 -0.021774750
60.189117772 0.996940682 -0.012994167 0.073934140 -0.021775457
60.209514209 0.996940602 -0.012984399 0.073932395 -0.021790904
60.229206790 0.996940399 -0.012983224 0.073935340 -0.021790860
60.249399800 0.996939984 -0.012982820 0.073942351 -0.021786301
60.269699220 0.996940635 -0.012971307 0.073945481 -0.021752733
60.289796608 0.996940062 -0.012976159 0.073950932 -0.021757552
60.309988803 0.996940138 -0.012989179 0.073948606 -0.021754221
60.330119722 0.996940776 -0.012980786 0.073944042 -0.021745484
60.350245560 0.996940417 -0.012991151 0.073946375 -0.021747833
60.370462215 0.996938968 -0.013019322 0.073958234 -0.021757096
60.390800232 0.996937568 -0.013029265 0.073970371 -0.021774000
60.410945848 0.996937151 -0.013016753 0.073975997 -0.021781479
60.431155153 0.996936851 -0.013023553 0.073980925 -0.021774433
60.451408706 0.996937475 -0.012981191 0.073979616 -0.021775589
60.471316727 0.996936971 -0.012987207 0.073984582 -0.021778222
60.491749144 0.996937168 -0.012992979 0.073974370 -0.021800425
60.511697291 0.996938128 -0.012977842 0.073965970 -0.021794054
60.531909077 0.996938508 -0.012986768 0.073961471 -0.021786615
60.552081689 0.996937832 -0.013006025 0.073963566 -0.021798929
60.572239005 0.996937984 -0.012999959 0.073972039 -0.021766812
60.592480159 0.996936908 -0.013011571 0.073981508 -0.021776984
60.612977808 0.996937810 -0.013011536 0.073967797 -0.021782293
60.632851217 0.996938683 -0.013017499 0.073951482 -0.021794147
60.652910255 0.996938803 -0.013015819 0.073952411 -0.021786526
60.673071645 0.996940330 -0.013020895 0.073936209 -0.021768605
60.693264240 0.996941140 -0.013015262 0.073929872 -0.021756386
60.713455691 0.996940417 -0.013030434 0.073933907 -0.021766732
60.733615260 0.996941337 -0.013048526 0.073912956 -0.021784876
60.753793057 0.996941983 -0.013042953 0.073906342 -0.021781119
