0.000000000 0.997107459 -0.013420674 0.073621622 -0.013283706
0.020149381 0.997107588 -0.013408893 0.073621493 -0.013286621
0.040364773 0.997107605 -0.013402526 0.073621186 -0.013293507
0.060710135 0.997108657 -0.013390153 0.073610514 -0.013286196
0.080681162 0.997108288 -0.013390642 0.073616334 -0.013281094
0.100847797 0.997108312 -0.013400381 0.073614236 -0.013281142
0.120999113 0.997108607 -0.013390761 0.073609527 -0.013294752
0.141160124 0.997108147 -0.013386086 0.073612517 -0.013317408
0.161419171 0.997108656 -0.013357675 0.073606129 -0.013343089
0.181421385 0.997109719 -0.013332986 0.073593712 -0.013356830
0.201718312 0.997110632 -0.013317031 0.073586171 -0.013346139
0.221771625 0.997110752 -0.013308821 0.073586350 -0.013344365
0.241926153 0.997111722 -0.013312774 0.073569896 -0.013358711
0.262235800 0.997112141 -0.013309980 0.073565386 -0.013355022
0.282323339 0.997112080 -0.013312086 0.073566301 -0.013352457
0.302505272 0.997111990 -0.013309131 0.073568333 -0.013350925
0.322687048 0.997112569 -0.013323122 0.073556729 -0.013357628
0.342942273 0.997111916 -0.013351329 0.073560230 -0.013358924
0.363012126 0.997111349 -0.013379726 0.073563060 -0.013357260
0.383184270 0.997112346 -0.013374519 0.073549358 -0.013363539
0.403371999 0.997111333 -0.013381802 0.073561761 -0.013363549
0.423635155 0.997111643 -0.013361408 0.073561089 -0.013364492
0.443833097 0.997111849 -0.013366176 0.073557761 -0.013362733
0.464022183 0.997112550 -0.013387727 0.073544939 -0.013359387
0.484151470 0.997112595 -0.013381490 0.073548418 -0.013343125
0.504386539 0.997113263 -0.013395645 0.073539662 -0.013327246
0.524472873 0.997113357 -0.013386511 0.073540811 -0.013323036
0.544619001 0.997113538 -0.013360501 0.073538724 -0.013347091
0.564773420 0.997114477 -0.013373411 0.073524453 -0.013342653
0.584985815 0.997115652 -0.013362343 0.073513319 -0.013327278
0.605160675 0.997114759 -0.013358427 0.073525792 -0.013329191
0.625425140 0.997114497 -0.013342359 0.073534270 -0.013318130
0.645647238 0.997114921 -0.013329399 0.073534104 -0.013300235
0.665711604 0.997114861 -0.013330964 0.073534550 -0.013300732
0.685856969 0.997115511 -0.013314462 0.073532132 -0.013281911
0.706085144 0.997116106 -0.013295994 0.073532845 -0.013251763
0.726225584 0.997115946 -0.013287256 0.073534528 -0.013263191
0.746412121 0.997115313 -0.013302805 0.073539185 -0.013269405
0.766605164 0.997114961 -0.013302167 0.073543893 -0.013270364
0.786787762 0.997115156 -0.013315042 0.073535388 -0.013289903
0.807036985 0.997115847 -0.013327576 0.073521953 -0.013299834
0.827218671 0.997115242 -0.013311572 0.073530962 -0.013311387
0.847282064 0.997114926 -0.013321146 0.073533757 -0.013310078
0.867409695 0.997115952 -0.013314676 0.073521458 -0.013307658
0.887695846 0.997116635 -0.013299327 0.073515636 -0.013303970
0.907874251 0.997117085 -0.013292437 0.073515290 -0.013279000
0.928117510 0.997117260 -0.013285508 0.073513142 -0.013284701
0.948115496 0.997116622 -0.013276541 0.073527567 -0.013261727
0.968334207 0.997116641 -0.013287706 0.073524103 -0.013268259
0.988509988 0.997117198 -0.013293130 0.073515631 -0.013267949
1.009066935 0.997118603 -0.013298514 0.073495289 -0.013269659
1.029027454 0.997119083 -0.013298026 0.073490995 -0.013257835
1.049103631 0.997119088 -0.013305426 0.073488388 -0.013264464
1.069197734 0.997118325 -0.013307962 0.073494320 -0.013286397
1.089368060 0.997118561 -0.013302189 0.073493476 -0.013279187
1.109625563 0.997118714 -0.013300415 0.073490295 -0.013287026
1.129855386 0.997117763 -0.013302892 0.073504301 -0.013278426
1.150162875 0.997118088 -0.013310178 0.073500329 -0.013268772
1.170128610 0.997117334 -0.013330085 0.073504898 -0.013280082
1.190527391 0.997117421 -0.013335649 0.073504744 -0.013268836
1.210625939 0.997116956 -0.013328633 0.073508509 -0.013289968
1.230712073 0.997116754 -0.013330901 0.073512974 -0.013278099
1.250883446 0.997116359 -0.013326564 0.073520589 -0.013270013
1.271039004 0.997115764 -0.013320952 0.073532588 -0.013253802
1.291398237 0.997115653 -0.013307055 0.073535656 -0.013259096
1.311629323 0.997114268 -0.013335726 0.073550973 -0.013249487
1.331614625 0.997115219 -0.013335808 0.073540036 -0.013238568
1.351708956 0.997114665 -0.013329216 0.073549059 -0.013236803
1.371916444 0.997114083 -0.013331769 0.073555633 -0.013241548
1.392069977 0.997114525 -0.013360563 0.073545807 -0.013233803
1.412506061 0.997114412 -0.013364871 0.073546323 -0.013235074
1.432442197 0.997115479 -0.013347184 0.073534052 -0.013240768
1.452628020 0.997115064 -0.013357827 0.073538493 -0.013236599
1.472821611 0.997113835 -0.013387581 0.073548525 -0.013243370
1.493004166 0.997114469 -0.013354157 0.073544468 -0.013251917
1.513132097 0.997114381 -0.013349311 0.073545456 -0.013257921
1.533278309 0.997113472 -0.013336219 0.073559034 -0.013264191
1.553496094 0.997114105 -0.013340046 0.073553951 -0.013240907
1.573812252 0.997113994 -0.013350282 0.073557095 -0.013221429
1.594054212 0.997114577 -0.013322404 0.073551727 -0.013235453
1.614079438 0.997114635 -0.013332793 0.073549542 -0.013232776
1.634188615 0.997114715 -0.013345283 0.073544976 -0.013239490
1.654375937 0.997114033 -0.013355280 0.073550286 -0.013251319
1.674754140 0.997112873 -0.013357930 0.073562699 -0.013267025
1.695005914 0.997112007 -0.013367051 0.073570712 -0.013278462
1.714915755 0.997112175 -0.013362895 0.073569475 -0.013276871
1.735079468 0.997112957 -0.013349997 0.073560968 -0.013278272
1.755220167 0.997112550 -0.013364159 0.073564803 -0.013273355
1.775440686 0.997112952 -0.013369919 0.073556211 -0.013284948
1.796038566 0.997113591 -0.013345971 0.073557978 -0.013251281
1.815840553 0.997114010 -0.013379103 0.073546252 -0.013251386
1.835963406 0.997113640 -0.013376869 0.073550262 -0.013259241
1.856169187 0.997114181 -0.013376422 0.073540815 -0.013271364
1.876397426 0.997114218 -0.013365410 0.073545720 -0.013252483
1.896555940 0.997114074 -0.013369127 0.073544805 -0.013264666
1.916675054 0.997114610 -0.013351636 0.073546400 -0.013233090
1.936821592 0.997115250 -0.013345479 0.073539749 -0.013228058
1.957134770 0.997115877 -0.013308897 0.073539320 -0.013220005
1.977561538 0.997114809 -0.013318485 0.073550243 -0.013230184
1.997372213 0.997114869 -0.013315040 0.073551766 -0.013220643
2.017549766 0.997115109 -0.013294192 0.073552137 -0.013221488
2.037714116 0.997114637 -0.013302467 0.073555347 -0.013230908
2.058136465 0.997114267 -0.013309432 0.073557243 -0.013241212
2.078208237 0.997113890 -0.013291943 0.073564778 -0.013245314
2.098452531 0.997113620 -0.013288296 0.073568799 -0.013246974
2.118493257 0.997112711 -0.013293197 0.073577270 -0.013263413
2.138751445 0.997112112 -0.013285886 0.073584744 -0.013274288
2.158925972 0.997111811 -0.013284474 0.073588092 -0.013279778
2.179125830 0.997112799 -0.013283482 0.073572720 -0.013291713
2.199140006 0.997113591 -0.013270821 0.073566665 -0.013278447
2.219340029 0.997112266 -0.013315074 0.073571132 -0.013308903
2.239531042 0.997110602 -0.013332095 0.073588352 -0.013321304
2.259741988 0.997110673 -0.013308773 0.073593269 -0.013312154
2.280325234 0.997111775 -0.013287486 0.073581308 -0.013316981
2.300142233 0.997112958 -0.013265241 0.073571393 -0.013305323
2.320445097 0.997112555 -0.013256607 0.073576473 -0.013316103
2.340560642 0.997111795 -0.013266758 0.073585361 -0.013313735
2.360733270 0.997113330 -0.013225897 0.073573074 -0.013307356
2.380814964 0.997114059 -0.013226580 0.073561389 -0.013316656
2.400959788 0.997114745 -0.013199592 0.073559462 -0.013302663
2.421109157 0.997113884 -0.013202267 0.073568259 -0.013315899
2.441262087 0.997113581 -0.013207750 0.073571740 -0.013313943
2.461716009 0.997113652 -0.013205250 0.073570597 -0.013317408
2.481845952 0.997113081 -0.013241012 0.073572842 -0.013312277
2.502007949 0.997112910 -0.013254559 0.073572539 -0.013313291
2.522121155 0.997112759 -0.013270651 0.073572173 -0.013310583
2.542307955 0.997113109 -0.013274123 0.073565958 -0.013315206
2.562386100 0.997112880 -0.013270785 0.073569817 -0.013314367
2.582613460 0.997113597 -0.013260364 0.073561994 -0.013314299
2.602793074 0.997113226 -0.013261458 0.073565316 -0.013322632
2.622910465 0.997111932 -0.013278997 0.073580035 -0.013320709
2.643033453 0.997112948 -0.013286556 0.073564838 -0.013321080
2.663512401 0.997112721 -0.013261842 0.073575857 -0.013301792
2.683513820 0.997113383 -0.013263399 0.073563574 -0.013318539
2.703608532 0.997113335 -0.013260618 0.073562901 -0.013328658
2.724226560 0.997112640 -0.013255479 0.073572441 -0.013333085
2.744343550 0.997113150 -0.013252265 0.073566264 -0.013332225
2.764180129 0.997113181 -0.013248868 0.073565833 -0.013335659
2.784329959 0.997112646 -0.013241919 0.073572549 -0.013345495
2.804587910 0.997113352 -0.013245011 0.073558371 -0.013367803
2.824747672 0.997114810 -0.013254352 0.073539035 -0.013356235
2.845192883 0.997114988 -0.013249098 0.073536523 -0.013361992
2.865089238 0.997115023 -0.013268156 0.073532220 -0.013364138
2.885396522 0.997115087 -0.013269774 0.073529410 -0.013373158
2.905420855 0.997115169 -0.013265626 0.073528726 -0.013374951
2.925563884 0.997114981 -0.013241253 0.073540750 -0.013346979
2.945734866 0.997114259 -0.013245086 0.073545245 -0.013372344
2.966008624 0.997113994 -0.013228825 0.073551244 -0.013375216
2.986200164 0.997114849 -0.013228917 0.073538119 -0.013383509
3.006377521 0.997115655 -0.013224440 0.073527388 -0.013386829
3.026473456 0.997114764 -0.013198754 0.073546117 -0.013375677
3.046602707 0.997113793 -0.013183587 0.073562151 -0.013374850
3.066831564 0.997114637 -0.013174763 0.073553425 -0.013368616
3.087011654 0.997113489 -0.013169636 0.073570032 -0.013367933
3.107122798 0.997114312 -0.013181134 0.073561357 -0.013342876
3.127344041 0.997114569 -0.013169425 0.073559055 -0.013347973
3.147553024 0.997114671 -0.013180588 0.073556049 -0.013345867
3.167795111 0.997114988 -0.013164458 0.073556065 -0.013338064
3.187881473 0.997114803 -0.013156976 0.073558112 -0.013347986
3.208077497 0.997115014 -0.013164482 0.073555989 -0.013336495
3.228343550 0.997114517 -0.013160746 0.073559705 -0.013356780
3.248485568 0.997114765 -0.013160149 0.073556626 -0.013355824
3.268587105 0.997114211 -0.013171160 0.073558783 -0.013374462
3.288872025 0.997114907 -0.013170191 0.073552086 -0.013360369
3.308968887 0.997114432 -0.013200478 0.073556556 -0.013341264
3.329112892 0.997114028 -0.013210456 0.073566227 -0.013308255
3.349267644 0.997113225 -0.013207837 0.073573577 -0.013330339
3.369498172 0.997113706 -0.013201072 0.073568595 -0.013328539
3.389650882 0.997113626 -0.013192122 0.073570913 -0.013330655
3.409930224 0.997113029 -0.013158012 0.073583728 -0.013338238
3.430035612 0.997113490 -0.013143330 0.073578170 -0.013348963
3.450140845 0.997113963 -0.013165416 0.073571720 -0.013327332
3.470311220 0.997113168 -0.013170284 0.073580219 -0.013335138
3.490640967 0.997113354 -0.013191658 0.073571819 -0.013346391
3.511005630 0.997113196 -0.013210639 0.073568814 -0.013356032
3.530862181 0.997112503 -0.013221433 0.073576393 -0.013355327
3.551093535 0.997112965 -0.013236587 0.073571531 -0.013332573
3.571336573 0.997112160 -0.013236516 0.073578127 -0.013356447
3.591526742 0.997112121 -0.013247240 0.073578868 -0.013344640
3.611657086 0.997112416 -0.013242687 0.073575255 -0.013347049
3.631856572 0.997111861 -0.013220372 0.073581660 -0.013375280
3.652063192 0.997112539 -0.013231146 0.073568619 -0.013385775
3.672151360 0.997112885 -0.013227111 0.073565505 -0.013381157
3.692304891 0.997112757 -0.013218629 0.073566306 -0.013394614
3.712724839 0.997112773 -0.013186976 0.073573722 -0.013383885
3.732708798 0.997112901 -0.013179914 0.073578271 -0.013356308
3.753186002 0.997113322 -0.013198814 0.073568073 -0.013362393
3.773183223 0.997113129 -0.013172088 0.073579808 -0.013338486
3.793170783 0.997112149 -0.013177907 0.073589491 -0.013352570
3.813341330 0.997111916 -0.013202966 0.073587792 -0.013354578
3.833555963 0.997111579 -0.013206343 0.073588902 -0.013370279
3.853694279 0.997113053 -0.013214850 0.073577635 -0.013313886
3.873982836 0.997112127 -0.013233760 0.073584383 -0.013327113
3.894328904 0.997112304 -0.013250864 0.073574191 -0.013353140
3.914341785 0.997111887 -0.013254201 0.073576121 -0.013370292
3.934625674 0.997111595 -0.013239808 0.073580730 -0.013380960
3.954669096 0.997112113 -0.013250133 0.073571309 -0.013383995
3.975132635 0.997112896 -0.013243026 0.073557423 -0.013408980
3.994984751 0.997112542 -0.013240362 0.073562876 -0.013408003
4.015137234 0.997112624 -0.013243551 0.073565547 -0.013384085
4.035276812 0.997110996 -0.013241797 0.073586218 -0.013393504
4.055514761 0.997111012 -0.013243596 0.073582113 -0.013413015
4.075719064 0.997112384 -0.013229291 0.073567494 -0.013405370
4.096024707 0.997112536 -0.013245721 0.073563219 -0.013401244
4.116310179 0.997112449 -0.013264143 0.073563161 -0.013389816
4.136155203 0.997112855 -0.013271946 0.073552464 -0.013410625
4.156348699 0.997112441 -0.013258911 0.073560255 -0.013411597
4.176681336 0.997112818 -0.013257982 0.073554273 -0.013417280
4.196759871 0.997111911 -0.013252365 0.073572846 -0.013388348
4.216961304 0.997112444 -0.013278906 0.073559543 -0.013395464
4.237106315 0.997112717 -0.013292850 0.073556276 -0.013379203
4.257425106 0.997111881 -0.013292056 0.073563955 -0.013400076
4.277646597 0.997110933 -0.013310246 0.073570513 -0.013416533
4.297676475 0.997111566 -0.013309503 0.073563806 -0.013407032
4.317793917 0.997111562 -0.013303711 0.073563096 -0.013417003
4.337984048 0.997112822 -0.013292813 0.073549220 -0.013410178
4.358288790 0.997111928 -0.013295696 0.073560319 -0.013412945
4.378615100 0.997111799 -0.013271557 0.073567640 -0.013406296
4.398524806 0.997111398 -0.013285241 0.073574169 -0.013386746
4.418723661 0.997110116 -0.013278057 0.073589716 -0.013403853
4.438870932 0.997110610 -0.013271774 0.073582560 -0.013412613
4.459098719 0.997109903 -0.013250624 0.073593787 -0.013424495
4.479345636 0.997110382 -0.013241240 0.073587436 -0.013432957
4.499387552 0.997109558 -0.013239499 0.073599065 -0.013432122
4.519585325 0.997111062 -0.013231105 0.073581417 -0.013425438
4.539727494 0.997111365 -0.013238487 0.073579149 -0.013408108
4.559959556 0.997112545 -0.013217473 0.073564350 -0.013422275
4.580068300 0.997112492 -0.013197904 0.073567729 -0.013426925
4.600241626 0.997112128 -0.013176986 0.073575102 -0.013434131
4.620452406 0.997111191 -0.013184522 0.073582465 -0.013455918
4.641093319 0.997111770 -0.013182427 0.073576852 -0.013445774
4.660989379 0.997113030 -0.013176313 0.073561018 -0.013444985
4.681205959 0.997112268 -0.013180719 0.073567956 -0.013459216
4.701159587 0.997112172 -0.013200133 0.073564566 -0.013465823
4.721336613 0.997112279 -0.013202812 0.073566079 -0.013446950
4.741578462 0.997113196 -0.013191072 0.073555084 -0.013450644
4.762147643 0.997113147 -0.013173465 0.073557377 -0.013459014
4.781960675 0.997113464 -0.013173304 0.073555242 -0.013447312
4.802085968 0.997112552 -0.013183179 0.073565822 -0.013447415
4.822277383 0.997111872 -0.013180521 0.073569537 -0.013480021
4.842591712 0.997111703 -0.013164935 0.073577567 -0.013463932
4.882753528 0.997110166 -0.013165541 0.073598263 -0.013464062
4.902945409 0.997109699 -0.013189641 0.073599051 -0.013470775
4.923148821 0.997109165 -0.013164123 0.073608090 -0.013485877
4.943330243 0.997109403 -0.013162493 0.073604144 -0.013491380
4.963545158 0.997109476 -0.013157946 0.073600219 -0.013511775
4.983767433 0.997109783 -0.013166099 0.073593374 -0.013518464
5.003958184 0.997109265 -0.013158603 0.073600934 -0.013522859
5.023977794 0.997109154 -0.013159319 0.073602316 -0.013522804
5.044226162 0.997108586 -0.013148624 0.073611058 -0.013527483
5.064342293 0.997108221 -0.013147769 0.073617846 -0.013518317
5.084525918 0.997109299 -0.013142214 0.073603845 -0.013520465
5.104749685 0.997109947 -0.013135498 0.073595813 -0.013522916
5.124842245 0.997109072 -0.013130031 0.073608418 -0.013524098
5.145390374 0.997109446 -0.013118492 0.073609296 -0.013502958
5.165357841 0.997108409 -0.013109413 0.073624768 -0.013504005
5.185557644 0.997108447 -0.013112364 0.073619736 -0.013525755
5.205678559 0.997109424 -0.013109263 0.073607271 -0.013524580
5.225764009 0.997109683 -0.013105391 0.073605386 -0.013519431
5.245974973 0.997110421 -0.013079719 0.073596945 -0.013535850
5.266108442 0.997109588 -0.013073648 0.073607582 -0.013545199
5.286358029 0.997108604 -0.013065629 0.073621541 -0.013549511
5.306483535 0.997107703 -0.013054167 0.073635476 -0.013551126
5.326856333 0.997106713 -0.013065001 0.073643794 -0.013568356
5.347151768 0.997107412 -0.013048200 0.073640169 -0.013552802
5.367152689 0.997106771 -0.013058551 0.073649261 -0.013540608
5.387283366 0.997105629 -0.013053667 0.073663598 -0.013551409
5.407366147 0.997105439 -0.013054964 0.073666934 -0.013546040
5.427592334 0.997105652 -0.013045752 0.073665173 -0.013548754
5.447722194 0.997105726 -0.013037662 0.073665069 -0.013551695
5.467917543 0.997105214 -0.013041247 0.073673471 -0.013540258
5.488071304 0.997105556 -0.013034655 0.073673798 -0.013519563
5.508203427 0.997105417 -0.013045439 0.073675091 -0.013512391
5.528600394 0.997104879 -0.013051993 0.073679921 -0.013519410
5.549104225 0.997104160 -0.013052218 0.073686378 -0.013537013
5.568989005 0.997104188 -0.013053456 0.073687028 -0.013530261
5.588968132 0.997103901 -0.013059103 0.073690625 -0.013526333
5.609094241 0.997104135 -0.013058194 0.073685149 -0.013539771
5.629273695 0.997102366 -0.013057807 0.073710666 -0.013531589
5.649476920 0.997102161 -0.013063031 0.073711777 -0.013535600
5.669728318 0.997103217 -0.013050559 0.073696617 -0.013552323
5.689831492 0.997104879 -0.013057477 0.073676579 -0.013532317
5.710068700 0.997103846 -0.013060136 0.073686041 -0.013554367
5.730146979 0.997102517 -0.013032753 0.073703480 -0.013583640
5.750499296 0.997101869 -0.013018147 0.073715966 -0.013577457
5.770682967 0.997101020 -0.013030174 0.073726803 -0.013569381
5.790938779 0.997102408 -0.013023603 0.073710051 -0.013564750
5.810985253 0.997100911 -0.013044019 0.073721768 -0.013591427
5.831106932 0.997100396 -0.013043863 0.073728440 -0.013593212
5.851237008 0.997100228 -0.013045365 0.073731505 -0.013587441
5.871461701 0.997100857 -0.013028835 0.073723673 -0.013599676
5.891865316 0.997100340 -0.013016643 0.073731493 -0.013606798
5.911873682 0.997100763 -0.013012186 0.073728182 -0.013598046
5.932211649 0.997101435 -0.012988125 0.073726340 -0.013581741
5.952189276 0.997102128 -0.012987025 0.073719304 -0.013570109
5.972368632 0.997101632 -0.012990521 0.073724224 -0.013576471
5.992491368 0.997100166 -0.013000869 0.073740807 -0.013584168
6.012663128 0.997100407 -0.013004311 0.073736982 -0.013583963
6.032876800 0.997100871 -0.013013400 0.073727888 -0.013590530
6.053088248 0.997100227 -0.013015289 0.073737709 -0.013582701
6.073183968 0.997100581 -0.013017306 0.073734128 -0.013574211
6.093452212 0.997099791 -0.013026868 0.073744906 -0.013564507
6.113540602 0.997099061 -0.013032525 0.073754175 -0.013562332
6.133789947 0.997099318 -0.013027832 0.073750319 -0.013568967
6.153995262 0.997098505 -0.013033650 0.073759267 -0.013574421
6.174115788 0.997097225 -0.013035653 0.073775933 -0.013576020
6.194260286 0.997097389 -0.013037342 0.073774019 -0.013572699
6.214445240 0.997096629 -0.013052227 0.073780292 -0.013580142
6.234666058 0.997096329 -0.013043513 0.073790438 -0.013555415
6.254847244 0.997096503 -0.013060060 0.073785672 -0.013552607
6.275204896 0.997095290 -0.013048250 0.073801130 -0.013569058
6.295180803 0.997095865 -0.013048024 0.073793720 -0.013567275
6.315809741 0.997096025 -0.013052198 0.073788336 -0.013580785
6.335672690 0.997096845 -0.013058856 0.073777273 -0.013574283
6.355771336 0.997096505 -0.013071589 0.073776750 -0.013589856
6.375966749 0.997096963 -0.013059681 0.073773198 -0.013587022
6.396049124 0.997096444 -0.013062211 0.073778186 -0.013595539
6.416189621 0.997096719 -0.013067271 0.073772710 -0.013600213
6.436374164 0.997097033 -0.013075849 0.073766275 -0.013603856
6.456591328 0.997097066 -0.013072787 0.073767211 -0.013599337
6.476782356 0.997096518 -0.013054845 0.073782655 -0.013572943
6.497116465 0.997097848 -0.013046817 0.073765337 -0.013577069
6.517456791 0.997098295 -0.013052078 0.073754363 -0.013598772
6.537248577 0.997098472 -0.013043915 0.073754514 -0.013592828
6.557588650 0.997098274 -0.013032416 0.073758195 -0.013598410
6.577794479 0.997099296 -0.013031139 0.073745284 -0.013594746
6.597824754 0.997098022 -0.013027793 0.073761041 -0.013605865
6.617970409 0.997098135 -0.013009125 0.073766800 -0.013584257
6.638177088 0.997099374 -0.012973248 0.073752532 -0.013605014
6.658551553 0.997100075 -0.012966219 0.073744527 -0.013603742
6.678587113 0.997099401 -0.012976033 0.073751707 -0.013604861
6.699030015 0.997098618 -0.012984947 0.073766163 -0.013575355
6.718927313 0.997098061 -0.012972918 0.073776902 -0.013569414
6.739083724 0.997096382 -0.012990148 0.073799802 -0.013551760
6.759503496 0.997096748 -0.012981290 0.073797415 -0.013546286
6.779437726 0.997096514 -0.012976821 0.073800298 -0.013552115
6.799614393 0.997097550 -0.012987449 0.073778551 -0.013584091
6.819817055 0.997098809 -0.012979081 0.073762833 -0.013584996
6.839996658 0.997097842 -0.012981028 0.073777045 -0.013577003
6.860253913 0.997097261 -0.012984121 0.073780503 -0.013597891
6.880601275 0.997098234 -0.013003034 0.073765253 -0.013591193
6.900506639 0.997098326 -0.012995043 0.073767509 -0.013579798
6.920845848 0.997099359 -0.013000964 0.073754890 -0.013566854
6.940847850 0.997098289 -0.012982975 0.073769647 -0.013582465
6.961161364 0.997098486 -0.012981595 0.073771256 -0.013560541
6.981183677 0.997098928 -0.012987240 0.073766610 -0.013547921
7.001429431 0.997098227 -0.012997390 0.073773901 -0.013550087
7.021553677 0.997097283 -0.012989191 0.073786263 -0.013560088
7.041837814 0.997098269 -0.012994469 0.073770223 -0.013569855
7.062253434 0.997098885 -0.012991570 0.073762283 -0.013570476
7.082105115 0.997099009 -0.012984352 0.073765795 -0.013549196
7.102489746 0.997099611 -0.013006581 0.073753703 -0.013549419
7.122484447 0.997100046 -0.013006520 0.073751121 -0.013531449
7.142765414 0.997101304 -0.012978140 0.073739800 -0.013527735
7.162818227 0.997101986 -0.012965560 0.073732936 -0.013526934
7.203193134 0.997101911 -0.012969179 0.073736520 -0.013509420
7.223396519 0.997101824 -0.012980728 0.073733746 -0.013519902
7.243545479 0.997101325 -0.012969994 0.073741496 -0.013524707
7.263704217 0.997102376 -0.012963135 0.073730662 -0.013512880
7.283887172 0.997102879 -0.012943228 0.073729918 -0.013498921
7.304060262 0.997103121 -0.012941440 0.073727395 -0.013496523
7.324281858 0.997102357 -0.012942844 0.073738104 -0.013493109
7.344463176 0.997101388 -0.012959084 0.073750723 -0.013480144
7.364589065 0.997101724 -0.012961620 0.073747023 -0.013473094
7.384752353 0.997101378 -0.012965514 0.073750109 -0.013478058
7.404932652 0.997099840 -0.012971323 0.073765878 -0.013499952
7.425064838 0.997100069 -0.012947864 0.073768675 -0.013490276
7.445232041 0.997099858 -0.012953208 0.073770436 -0.013491135
7.465445453 0.997101143 -0.012939468 0.073753079 -0.013504196
7.485678484 0.997100137 -0.012962872 0.073762186 -0.013506347
7.505944234 0.997099620 -0.012959202 0.073771208 -0.013498764
7.526089197 0.997100777 -0.012935022 0.073762064 -0.013486412
7.546268485 0.997100677 -0.012923585 0.073762803 -0.013500708
7.566394392 0.997100577 -0.012922244 0.073764706 -0.013498988
7.586568472 0.997100479 -0.012932363 0.073767099 -0.013483500
7.606728984 0.997100854 -0.012912464 0.073766934 -0.013475673
7.626881299 0.997101061 -0.012886905 0.073768578 -0.013475859
7.647049530 0.997100865 -0.012910500 0.073766875 -0.013477090
7.667258720 0.997102046 -0.012899936 0.073751904 -0.013481745
7.687572993 0.997102275 -0.012899722 0.073752182 -0.013463545
7.707680199 0.997102254 -0.012898453 0.073752335 -0.013465434
7.727833544 0.997102139 -0.012911406 0.073748782 -0.013480970
7.747914170 0.997102484 -0.012909572 0.073744019 -0.013483299
7.768111844 0.997101865 -0.012923184 0.073751596 -0.013474547
7.788280317 0.997102151 -0.012915422 0.073742653 -0.013509744
7.808465389 0.997102752 -0.012914016 0.073739913 -0.013481694
7.828699141 0.997102762 -0.012919531 0.073738877 -0.013481325
7.849064165 0.997102451 -0.012942631 0.073734860 -0.013504112
7.868982380 0.997101716 -0.012952277 0.073739214 -0.013525367
7.889131077 0.997100876 -0.012966840 0.073745616 -0.013538398
7.909359954 0.997100142 -0.012956933 0.073755287 -0.013549278
7.929616225 0.997100562 -0.012943254 0.073751575 -0.013551664
7.949687082 0.997100047 -0.012942358 0.073759563 -0.013546871
7.969831945 0.997100747 -0.012949618 0.073752001 -0.013529575
7.990093988 0.997101327 -0.012932363 0.073748974 -0.013519832
8.010222442 0.997100266 -0.012961439 0.073756172 -0.013531007
8.030442142 0.997099695 -0.012952054 0.073761967 -0.013550477
8.050661779 0.997098897 -0.012960712 0.073773281 -0.013539260
8.070832091 0.997098600 -0.012951456 0.073780021 -0.013533325
8.091135938 0.997099118 -0.012964054 0.073771466 -0.013529714
8.111334798 0.997099895 -0.012966511 0.073764148 -0.013509985
8.131455270 0.997100199 -0.012976839 0.073762184 -0.013488358
8.151525211 0.997099319 -0.012992655 0.073765437 -0.013520300
8.171672860 0.997100157 -0.012985916 0.073756950 -0.013511332
8.192007932 0.997100258 -0.012965406 0.073759558 -0.013509336
8.212097046 0.997101031 -0.012929366 0.073759741 -0.013485772
8.232201926 0.997100027 -0.012941758 0.073769235 -0.013496180
8.252428765 0.997100139 -0.012941664 0.073769445 -0.013486844
8.272548342 0.997100449 -0.012926887 0.073773643 -0.013455137
8.292801562 0.997101163 -0.012933077 0.073764547 -0.013446126
8.312911766 0.997102355 -0.012910064 0.073753903 -0.013438214
8.333097507 0.997102840 -0.012909714 0.073749146 -0.013428637
8.353228437 0.997102083 -0.012903903 0.073761799 -0.013420954
8.373508194 0.997102123 -0.012882731 0.073761873 -0.013437903
8.393673552 0.997101227 -0.012867727 0.073777294 -0.013434143
8.413818090 0.997101001 -0.012882113 0.073781379 -0.013414661
8.434073663 0.997101376 -0.012875672 0.073776100 -0.013421993
8.454112494 0.997102480 -0.012870746 0.073764730 -0.013407228
8.474518300 0.997102217 -0.012867164 0.073766803 -0.013418797
8.494595898 0.997102160 -0.012878020 0.073763413 -0.013431261
8.514700476 0.997102009 -0.012857077 0.073767172 -0.013441845
8.534917654 0.997103720 -0.012849209 0.073750178 -0.013415705
8.555025746 0.997104245 -0.012858178 0.073740926 -0.013418952
8.575180145 0.997103669 -0.012850926 0.073751936 -0.013408139
8.595396284 0.997104744 -0.012842109 0.073737294 -0.013417214
8.615563829 0.997104941 -0.012843835 0.073735246 -0.013412168
8.635712981 0.997105151 -0.012825693 0.073733713 -0.013422352
8.656046992 0.997104765 -0.012834967 0.073734091 -0.013440043
8.676034581 0.997103461 -0.012842703 0.073749415 -0.013445317
8.696353935 0.997104132 -0.012854488 0.073739973 -0.013436081
8.716698750 0.997103858 -0.012868746 0.073737844 -0.013454439
8.736632505 0.997103790 -0.012863818 0.073740530 -0.013449498
8.756949411 0.997103683 -0.012860859 0.073740801 -0.013458728
8.776985732 0.997103087 -0.012858793 0.073748662 -0.013461817
8.797133971 0.997101449 -0.012841703 0.073775868 -0.013450357
8.817345807 0.997100804 -0.012830763 0.073784277 -0.013462501
8.837509022 0.997100338 -0.012840257 0.073788343 -0.013465673
8.857846244 0.997102452 -0.012845790 0.073761453 -0.013451146
8.878234712 0.997102519 -0.012844260 0.073762575 -0.013441504
8.898155742 0.997101705 -0.012841594 0.073774117 -0.013441106
8.918194666 0.997102347 -0.012836876 0.073769052 -0.013425779
8.938353727 0.997100941 -0.012847075 0.073786722 -0.013423324
8.958565562 0.997099999 -0.012860893 0.073795074 -0.013434130
8.978751214 0.997101069 -0.012841561 0.073782022 -0.013444933
8.998993703 0.997101147 -0.012852644 0.073778203 -0.013449498
9.019081421 0.997101501 -0.012876927 0.073765646 -0.013468902
9.039550337 0.997100194 -0.012881791 0.073782962 -0.013466131
9.059547873 0.997099432 -0.012879459 0.073794337 -0.013462447
9.079672672 0.997099635 -0.012888266 0.073788667 -0.013470092
9.099947600 0.997099699 -0.012914250 0.073780345 -0.013486054
9.120011676 0.997099034 -0.012918299 0.073787637 -0.013491436
9.140188751 0.997098317 -0.012934158 0.073792392 -0.013503182
9.160545931 0.997099511 -0.012931304 0.073777033 -0.013501682
9.180578474 0.997099858 -0.012919693 0.073772092 -0.013514190
9.200766056 0.997099565 -0.012912578 0.073777630 -0.013512362
9.220942780 0.997100130 -0.012902625 0.073776204 -0.013487971
9.241290756 0.997100062 -0.012903007 0.073775244 -0.013497843
9.261359875 0.997098963 -0.012915530 0.073787086 -0.013502346
9.281486543 0.997099758 -0.012914023 0.073777628 -0.013496749
9.301673790 0.997099581 -0.012917480 0.073778844 -0.013499905
9.321775402 0.997100366 -0.012897294 0.073775116 -0.013481553
9.341963299 0.997099007 -0.012915978 0.073788560 -0.013490619
9.362238677 0.997099492 -0.012929714 0.073778852 -0.013494722
9.382275591 0.997100388 -0.012926170 0.073770124 -0.013479604
9.402502799 0.997099945 -0.012939707 0.073773276 -0.013482096
9.422732357 0.997100049 -0.012924917 0.073771494 -0.013498315
9.442950430 0.997100185 -0.012928480 0.073768851 -0.013499347
9.463310048 0.997100991 -0.012918760 0.073758695 -0.013504607
9.483172272 0.997102609 -0.012914729 0.073738690 -0.013498237
9.503408749 0.997102409 -0.012915144 0.073742404 -0.013492336
9.523759534 0.997102769 -0.012924049 0.073734346 -0.013501229
9.544063515 0.997102475 -0.012908584 0.073743830 -0.013485953
9.564001527 0.997103055 -0.012909086 0.073735537 -0.013487912
9.584064873 0.997102398 -0.012912972 0.073741594 -0.013499660
9.604210472 0.997101568 -0.012903517 0.073749931 -0.013524408
9.624457776 0.997102616 -0.012909406 0.073730911 -0.013545225
9.644919775 0.997102780 -0.012919221 0.073730120 -0.013528091
9.665200202 0.997103292 -0.012902863 0.073726705 -0.013524558
9.685260707 0.997103460 -0.012910430 0.073721638 -0.013532561
9.705137438 0.997103453 -0.012917095 0.073721758 -0.013526115
9.725328902 0.997104032 -0.012915554 0.073714251 -0.013525808
9.745852132 0.997104494 -0.012895478 0.073708128 -0.013544259
9.765730178 0.997102927 -0.012908554 0.073722905 -0.013566681
9.785865911 0.997102643 -0.012904712 0.073727309 -0.013567312
9.806062283 0.997102524 -0.012914499 0.073727973 -0.013563128
9.826426597 0.997103462 -0.012906788 0.073716918 -0.013561596
9.846422023 0.997102962 -0.012917194 0.073718109 -0.013581963
9.866578848 0.997102633 -0.012911690 0.073723115 -0.013584158
9.886710692 0.997102285 -0.012927089 0.073728518 -0.013565755
9.906953650 0.997102211 -0.012928116 0.073728317 -0.013571288
9.927047137 0.997102670 -0.012931350 0.073719463 -0.013582584
9.947235650 0.997103682 -0.012925741 0.073708563 -0.013572778
9.967414061 0.997104296 -0.012897164 0.073705424 -0.013571871
9.987656869 0.997105077 -0.012882629 0.073693628 -0.013592360
10.007781923 0.997105410 -0.012871084 0.073693277 -0.013580811
10.028010007 0.997104829 -0.012883576 0.073699075 -0.013580129
10.048167780 0.997104550 -0.012894305 0.073702843 -0.013569957
10.068340438 0.997105839 -0.012873149 0.073687970 -0.013576113
10.088494813 0.997106026 -0.012873542 0.073685467 -0.013575592
10.108687613 0.997105242 -0.012875561 0.073694628 -0.013581521
10.128868757 0.997105221 -0.012893644 0.073690164 -0.013590124
10.149027610 0.997106475 -0.012881402 0.073678233 -0.013574392
10.169162177 0.997106870 -0.012885969 0.073672169 -0.013573979
10.189347822 0.997106506 -0.012891431 0.073675635 -0.013576747
10.209870735 0.997106763 -0.012892333 0.073673006 -0.013571257
10.229820143 0.997107360 -0.012904623 0.073658394 -0.013595009
10.250076450 0.997107721 -0.012906305 0.073656234 -0.013578615
10.270069644 0.997108764 -0.012901865 0.073639759 -0.013595635
10.290263764 0.997108056 -0.012906391 0.073649474 -0.013590600
10.310458820 0.997108646 -0.012906768 0.073642193 -0.013586411
10.330662785 0.997107617 -0.012898450 0.073652612 -0.013613317
10.350802450 0.997106637 -0.012901802 0.073664377 -0.013618276
10.370985780 0.997107527 -0.012909814 0.073655947 -0.013591080
10.391216580 0.997108003 -0.012890151 0.073647680 -0.013619630
10.411523182 0.997107503 -0.012891604 0.073653487 -0.013623464
10.431742148 0.997107648 -0.012884853 0.073657256 -0.013598796
10.451675870 0.997108410 -0.012857126 0.073648992 -0.013613957
10.471892853 0.997108148 -0.012850866 0.073654785 -0.013607661
10.492061595 0.997108744 -0.012862643 0.073643402 -0.013614481
10.512379984 0.997109512 -0.012835060 0.073640730 -0.013598757
10.532414376 0.997108610 -0.012828797 0.073656199 -0.013586997
10.552625712 0.997109264 -0.012811977 0.073645380 -0.013613492
10.572752671 0.997108268 -0.012807386 0.073661306 -0.013604588
10.592942502 0.997108304 -0.012826621 0.073656508 -0.013609812
10.613412376 0.997108282 -0.012847745 0.073651879 -0.013616546
10.633366194 0.997107575 -0.012860911 0.073656426 -0.013631295
10.653530149 0.997107655 -0.012852933 0.073654941 -0.013640995
10.673660540 0.997107456 -0.012856446 0.073655050 -0.013651647
10.693889750 0.997107792 -0.012832350 0.073652576 -0.013663086
10.714013996 0.997108488 -0.012823708 0.073651503 -0.013626112
10.734226879 0.997109044 -0.012812266 0.073648766 -0.013611029
10.754489314 0.997108878 -0.012800828 0.073651945 -0.013616735
10.774847760 0.997108983 -0.012799824 0.073646341 -0.013640289
10.794833510 0.997109377 -0.012792333 0.073646698 -0.013616549
10.814943181 0.997108412 -0.012811941 0.073653610 -0.013631390
10.835185107 0.997108338 -0.012833717 0.073651326 -0.013628647
10.855214913 0.997108599 -0.012834238 0.073647756 -0.013628374
10.875569757 0.997108298 -0.012847226 0.073645659 -0.013649449
10.895610183 0.997108839 -0.012855429 0.073638018 -0.013643426
10.915846822 0.997109261 -0.012853102 0.073629612 -0.013660144
10.935975800 0.997107439 -0.012877398 0.073646526 -0.013679100
10.956094300 0.997108773 -0.012871907 0.073632416 -0.013662980
10.976289697 0.997108406 -0.012883643 0.073632238 -0.013679604
10.996653163 0.997107744 -0.012884564 0.073640641 -0.013681758
11.016735490 0.997108226 -0.012888405 0.073639295 -0.013650247
11.037039315 0.997107835 -0.012883318 0.073643992 -0.013658224
11.057131426 0.997106649 -0.012893848 0.073654814 -0.013676549
11.077273412 0.997107538 -0.012889204 0.073644181 -0.013673379
11.097357888 0.997107672 -0.012875225 0.073649556 -0.013647781
11.117542284 0.997106511 -0.012871066 0.073665030 -0.013653009
11.137715743 0.997107104 -0.012881908 0.073655920 -0.013648596
11.157939188 0.997107552 -0.012881916 0.073654665 -0.013622647
11.178073971 0.997107363 -0.012890165 0.073653969 -0.013632423
11.198232910 0.997107660 -0.012883126 0.073650513 -0.013636038
11.218619952 0.997107195 -0.012881841 0.073656451 -0.013639197
11.238769685 0.997108115 -0.012874299 0.073644743 -0.013642228
11.258802252 0.997107920 -0.012875910 0.073646138 -0.013647496
11.278948836 0.997108055 -0.012858940 0.073645375 -0.013657699
11.299096526 0.997108796 -0.012837489 0.073641501 -0.013644678
11.319289544 0.997108402 -0.012822535 0.073648012 -0.013652372
11.339478388 0.997108545 -0.012803978 0.073648484 -0.013656788
11.359873759 0.997108829 -0.012809368 0.073647348 -0.013637136
11.379924528 0.997108490 -0.012813505 0.073645900 -0.013665849
11.400129791 0.997109104 -0.012791993 0.073640266 -0.013671542
11.420360965 0.997108582 -0.012785987 0.073650195 -0.013661759
11.440486558 0.997108575 -0.012779470 0.073649333 -0.013672952
11.460654575 0.997108590 -0.012787470 0.073650076 -0.013660410
11.480745804 0.997108269 -0.012775946 0.073656256 -0.013661313
11.500923133 0.997107739 -0.012791601 0.073660238 -0.013663840
11.521050403 0.997108552 -0.012780019 0.073651477 -0.013662616
11.541271673 0.997108499 -0.012784631 0.073650237 -0.013668818
11.561477857 0.997108278 -0.012800526 0.073651225 -0.013664766
11.582010145 0.997108977 -0.012806951 0.073640336 -0.013666382
11.602005861 0.997109157 -0.012795992 0.073641091 -0.013659512
11.622049695 0.997109714 -0.012800551 0.073635506 -0.013644646
11.642222275 0.997109380 -0.012795962 0.073640621 -0.013645757
11.662457863 0.997111058 -0.012788591 0.073622521 -0.013627738
11.682546031 0.997111223 -0.012793513 0.073616774 -0.013642065
11.702654598 0.997111137 -0.012793504 0.073618453 -0.013639260
11.722846263 0.997110996 -0.012781229 0.073625082 -0.013625323
11.743108968 0.997111547 -0.012777398 0.073617423 -0.013629982
11.763339338 0.997112837 -0.012778863 0.073601880 -0.013618175
11.783696874 0.997113074 -0.012798977 0.073599469 -0.013594903
11.803613699 0.997113753 -0.012803026 0.073588172 -0.013602446
11.823862630 0.997114448 -0.012787737 0.073581184 -0.013603710
11.843980308 0.997114166 -0.012783644 0.073584199 -0.013611896
11.864065161 0.997115325 -0.012797896 0.073571096 -0.013584407
11.884313559 0.997114389 -0.012781880 0.073587586 -0.013578869
11.904482111 0.997115445 -0.012778252 0.073575778 -0.013568722
11.924647641 0.997115470 -0.012774288 0.073578496 -0.013555917
11.945174006 0.997116257 -0.012774083 0.073571562 -0.013535776
11.964979651 0.997116178 -0.012769605 0.073570501 -0.013551602
11.985286385 0.997116002 -0.012757353 0.073576193 -0.013545171
12.005304554 0.997115237 -0.012769937 0.073587400 -0.013528742
12.025490599 0.997114997 -0.012781047 0.073587402 -0.013535929
12.045858790 0.997114670 -0.012764853 0.073593339 -0.013543010
12.065874139 0.997115556 -0.012761231 0.073580558 -0.013550676
12.086049312 0.997115339 -0.012770939 0.073581588 -0.013551883
12.106180195 0.997114500 -0.012771475 0.073589101 -0.013572343
12.126441172 0.997113959 -0.012773814 0.073595935 -0.013572820
12.146698189 0.997113371 -0.012768546 0.073602509 -0.013585279
12.166773932 0.997113160 -0.012764012 0.073606571 -0.013583051
12.187001996 0.997112394 -0.012765334 0.073615131 -0.013591669
12.207092714 0.997111385 -0.012787119 0.073623123 -0.013601847
12.227329110 0.997111846 -0.012777591 0.073616198 -0.013614501
12.247486534 0.997111273 -0.012774212 0.073621698 -0.013629915
12.267588158 0.997112133 -0.012790878 0.073611464 -0.013606595
12.287805364 0.997112437 -0.012806953 0.073605220 -0.013602981
12.308018816 0.997112288 -0.012811466 0.073607464 -0.013597530
12.328205630 0.997111750 -0.012815117 0.073614973 -0.013592865
12.348334864 0.997111569 -0.012815143 0.073615693 -0.013602255
12.368662305 0.997111426 -0.012811369 0.073615769 -0.013615832
12.388861312 0.997111965 -0.012827186 0.073607719 -0.013604986
12.408879402 0.997112275 -0.012811184 0.073602631 -0.013624875
12.429073258 0.997112008 -0.012834330 0.073604864 -0.013610600
12.449231412 0.997112523 -0.012829847 0.073595637 -0.013626956
12.469470191 0.997112466 -0.012839414 0.073596288 -0.013618613
12.489634697 0.997113333 -0.012860029 0.073580031 -0.013623514
12.509780149 0.997114254 -0.012842267 0.073568560 -0.013634780
12.529957728 0.997114206 -0.012831479 0.073569400 -0.013643924
12.550356934 0.997115392 -0.012799089 0.073561605 -0.013629660
12.570503979 0.997114857 -0.012803947 0.073567323 -0.013633431
12.590543422 0.997113058 -0.012833185 0.073582029 -0.013658076
12.610674349 0.997113167 -0.012824527 0.073581446 -0.013661395
12.630808318 0.997113250 -0.012815387 0.073581464 -0.013663857
12.651020502 0.997113020 -0.012803236 0.073584944 -0.013673241
12.671205405 0.997113247 -0.012814382 0.073581116 -0.013666894
12.691485527 0.997113434 -0.012828909 0.073574629 -0.013674503
12.711641201 0.997113917 -0.012827292 0.073568858 -0.013671908
12.731718178 0.997114612 -0.012834942 0.073561694 -0.013652517
12.752105470 0.997113672 -0.012853421 0.073569589 -0.013661290
12.772181724 0.997114109 -0.012831645 0.073572272 -0.013635368
12.792287634 0.997113934 -0.012837160 0.073575768 -0.013624105
12.812436108 0.997114098 -0.012845891 0.073569538 -0.013637503
12.832684649 0.997112926 -0.012871413 0.073579794 -0.013643819
12.852957684 0.997112887 -0.012861598 0.073582565 -0.013640962
12.872970322 0.997112786 -0.012854921 0.073588432 -0.013622979
12.893116097 0.997113632 -0.012841762 0.073584455 -0.013594915
12.913305523 0.997113477 -0.012856943 0.073582953 -0.013600110
12.933517752 0.997114428 -0.012848875 0.073572752 -0.013593153
12.953712396 0.997114752 -0.012868429 0.073565198 -0.013591774
12.973927828 0.997114741 -0.012868899 0.073563173 -0.013603100
12.994157063 0.997114626 -0.012869822 0.073559279 -0.013631662
13.014163628 0.997114731 -0.012849563 0.073559868 -0.013639925
13.034339536 0.997115594 -0.012852163 0.073548265 -0.013636998
13.054559576 0.997115144 -0.012838661 0.073557202 -0.013634408
13.074933572 0.997115443 -0.012834230 0.073554814 -0.013629597
13.094949226 0.997114961 -0.012865392 0.073554077 -0.013639456
13.115203324 0.997115498 -0.012893319 0.073543748 -0.013629461
13.135505609 0.997115142 -0.012905177 0.073543504 -0.013645600
13.155580170 0.997114353 -0.012910856 0.073552431 -0.013649816
13.175799209 0.997113640 -0.012911523 0.073561996 -0.013649675
13.195767881 0.997113063 -0.012900348 0.073572298 -0.013646910
13.216041857 0.997112815 -0.012904939 0.073577335 -0.013633472
13.236108908 0.997113018 -0.012907991 0.073574450 -0.013631310
13.256351485 0.997113309 -0.012926823 0.073568547 -0.013624077
13.276564070 0.997113993 -0.012935777 0.073555203 -0.013637543
13.296675391 0.997115587 -0.012935304 0.073536107 -0.013624435
13.316851822 0.997115672 -0.012939376 0.073533760 -0.013626989
13.337089889 0.997115166 -0.012959231 0.073533945 -0.013644141
13.357237599 0.997114980 -0.012958947 0.073536240 -0.013645656
13.377852929 0.997115611 -0.012959131 0.073526619 -0.013651247
13.397604366 0.997116806 -0.012959109 0.073512669 -0.013639088
13.417731427 0.997115990 -0.012961043 0.073523892 -0.013636374
13.437920269 0.997116805 -0.012965789 0.073510733 -0.013643209
13.458107205 0.997117608 -0.012959846 0.073500927 -0.013643020
13.478402994 0.997117465 -0.012950549 0.073502792 -0.013652276
13.498526755 0.997117342 -0.012941044 0.073502693 -0.013670776
13.518664793 0.997117204 -0.012928911 0.073509084 -0.013657939
13.538951960 0.997117476 -0.012918488 0.073509888 -0.013643578
13.559113419 0.997117498 -0.012946173 0.073504887 -0.013642670
13.579352576 0.997117047 -0.012946152 0.073509241 -0.013652205
13.599494888 0.997117367 -0.012961335 0.073504338 -0.013640867
13.619561227 0.997116643 -0.012966426 0.073511639 -0.013649582
13.639672955 0.997116718 -0.012954433 0.073513202 -0.013647090
13.659934196 0.997116402 -0.012988334 0.073509308 -0.013658875
13.680102993 0.997117554 -0.012981518 0.073494447 -0.013661275
13.700231901 0.997117626 -0.012976737 0.073496515 -0.013649419
13.720410317 0.997117542 -0.013000619 0.073491430 -0.013660214
13.740753727 0.997118506 -0.013010005 0.073477986 -0.013653242
13.761198322 0.997118774 -0.013025863 0.073472305 -0.013649095
13.781114828 0.997118458 -0.013029764 0.073478492 -0.013635176
13.801090398 0.997118422 -0.013026222 0.073479559 -0.013635427
13.821374044 0.997119048 -0.013029414 0.073471429 -0.013630362
13.841496880 0.997118619 -0.013036577 0.073475040 -0.013635463
13.861953665 0.997118707 -0.013062971 0.073472900 -0.013615297
13.881861968 0.997118976 -0.013047814 0.073470235 -0.013624465
13.902105618 0.997118138 -0.013072205 0.073474276 -0.013640639
13.922137525 0.997118469 -0.013092081 0.073467860 -0.013631910
13.942380083 0.997117814 -0.013100542 0.073472683 -0.013645723
13.962650913 0.997117855 -0.013084583 0.073475593 -0.013642367
13.982770757 0.997117726 -0.013091776 0.073475610 -0.013644818
14.002908554 0.997115913 -0.013083764 0.073497920 -0.013664840
14.023063710 0.997115680 -0.013093604 0.073496604 -0.013679465
14.043259922 0.997115058 -0.013112452 0.073499897 -0.013689072
14.063556233 0.997113315 -0.013116494 0.073525050 -0.013677012
14.083626850 0.997113130 -0.013096899 0.073531553 -0.013674381
14.103783588 0.997113540 -0.013088389 0.073520885 -0.013709889
14.123979717 0.997113652 -0.013090474 0.073519294 -0.013708325
14.144292023 0.997113891 -0.013094806 0.073517915 -0.013694190
14.164320806 0.997112606 -0.013095234 0.073533554 -0.013703337
14.184610234 0.997111762 -0.013086107 0.073549375 -0.013688583
14.204631991 0.997112349 -0.013086136 0.073540753 -0.013692108
14.224823655 0.997112180 -0.013089205 0.073543115 -0.013688788
14.244992555 0.997111666 -0.013090112 0.073549485 -0.013691126
14.265150589 0.997110939 -0.013125108 0.073552165 -0.013696177
14.285379343 0.997111849 -0.013106931 0.073542436 -0.013699626
14.305546583 0.997111786 -0.013122429 0.073542262 -0.013690262
14.325796938 0.997110765 -0.013140902 0.073551478 -0.013697430
14.346210218 0.997110737 -0.013140311 0.073549553 -0.013710381
14.366064548 0.997110944 -0.013150431 0.073543258 -0.013719368
14.386222798 0.997111106 -0.013149635 0.073540901 -0.013720952
14.406452981 0.997111125 -0.013156475 0.073539111 -0.013722658
14.426658233 0.997110646 -0.013173056 0.073541915 -0.013726482
14.446784527 0.997110898 -0.013164029 0.073539778 -0.013728343
14.467012910 0.997110180 -0.013162746 0.073546878 -0.013743644
14.487117540 0.997111589 -0.013151901 0.073531208 -0.013735615
14.507314815 0.997112096 -0.013155537 0.073522732 -0.013740719
14.527518668 0.997111789 -0.013148069 0.073530361 -0.013729347
14.547771241 0.997111865 -0.013139870 0.073529205 -0.013737819
14.567999027 0.997112381 -0.013137014 0.073527109 -0.013714308
14.588158470 0.997112945 -0.013133557 0.073521158 -0.013708539
14.608177339 0.997111720 -0.013166335 0.073528956 -0.013724389
14.628574589 0.997112671 -0.013151870 0.073517894 -0.013728410
14.648735208 0.997112183 -0.013133045 0.073526906 -0.013733577
14.668786008 0.997112489 -0.013158016 0.073516499 -0.013743168
14.688970479 0.997111757 -0.013160556 0.073525659 -0.013744854
14.709331437 0.997111135 -0.013167443 0.073531700 -0.013751085
14.729285427 0.997111551 -0.013172249 0.073526764 -0.013742685
14.749504334 0.997110852 -0.013173275 0.073532749 -0.013760404
14.769642905 0.997112227 -0.013168196 0.073513154 -0.013770317
14.789781433 0.997111160 -0.013181767 0.073525157 -0.013770493
14.810011769 0.997113681 -0.013171532 0.073493400 -0.013767247
14.830189071 0.997112446 -0.013178349 0.073510940 -0.013756535
14.850344397 0.997110727 -0.013190979 0.073528527 -0.013775075
14.870556212 0.997110050 -0.013202363 0.073534804 -0.013779625
14.890725357 0.997109419 -0.013202577 0.073543390 -0.013779303
14.911057638 0.997110090 -0.013205807 0.073534048 -0.013777479
14.931085322 0.997109611 -0.013217823 0.073539525 -0.013771349
14.951630566 0.997109340 -0.013218856 0.073545920 -0.013755843
14.971376529 0.997109353 -0.013221346 0.073543927 -0.013763162
14.991731712 0.997109195 -0.013243518 0.073539710 -0.013775855
15.011893050 0.997109092 -0.013240405 0.073543757 -0.013764691
15.032010733 0.997109675 -0.013231477 0.073535026 -0.013777694
15.052088788 0.997110486 -0.013224067 0.073526394 -0.013772161
15.072250809 0.997109517 -0.013212244 0.073540122 -0.013780340
15.092444543 0.997109418 -0.013213076 0.073541146 -0.013781279
15.112801718 0.997110859 -0.013218052 0.073519867 -0.013785795
15.132936176 0.997109705 -0.013243554 0.073532670 -0.013776455
15.153038726 0.997109497 -0.013241993 0.073534991 -0.013780645
15.173227110 0.997109063 -0.013253811 0.073539033 -0.013779083
15.193356289 0.997108407 -0.013253885 0.073547616 -0.013780671
15.213528561 0.997109285 -0.013219023 0.073542484 -0.013778033
15.233763328 0.997110577 -0.013204956 0.073534174 -0.013742334
15.254019088 0.997109912 -0.013222252 0.073543146 -0.013725936
15.274249549 0.997109709 -0.013213843 0.073545581 -0.013735723
15.294384016 0.997109897 -0.013204895 0.073546895 -0.013723655
15.314680401 0.997109728 -0.013205503 0.073546518 -0.013737316
15.334666343 0.997110189 -0.013204089 0.073538752 -0.013746804
15.354907054 0.997111258 -0.013216236 0.073521891 -0.013747771
15.375350487 0.997110098 -0.013219824 0.073536694 -0.013749317
15.395249282 0.997110128 -0.013224554 0.073535424 -0.013749401
15.415371310 0.997110735 -0.013219763 0.073526802 -0.013756060
15.435482456 0.997111518 -0.013207397 0.073517340 -0.013761733
15.455704806 0.997111791 -0.013219318 0.073515073 -0.013742632
15.475878820 0.997111808 -0.013225061 0.073516585 -0.013727758
15.496218024 0.997111347 -0.013255509 0.073519501 -0.013716246
15.516280843 0.997111404 -0.013258488 0.073518126 -0.013716602
15.536754657 0.997111426 -0.013249812 0.073520036 -0.013713135
15.556570032 0.997110736 -0.013255535 0.073528080 -0.013714678
15.576898911 0.997111088 -0.013243432 0.073525550 -0.013714357
15.596881873 0.997111981 -0.013260272 0.073511258 -0.013709756
15.617092275 0.997111777 -0.013249036 0.073517295 -0.013703090
15.637236423 0.997111544 -0.013242055 0.073518677 -0.013719329
15.657635610 0.997112661 -0.013212603 0.073506769 -0.013730386
15.677997278 0.997112688 -0.013210290 0.073505047 -0.013739874
15.697819883 0.997114145 -0.013201113 0.073489861 -0.013724159
15.718088486 0.997114150 -0.013191139 0.073496213 -0.013699381
15.738258889 0.997114428 -0.013178384 0.073489865 -0.013725459
15.758402518 0.997114634 -0.013175778 0.073486576 -0.013730605
15.778821969 0.997114083 -0.013178460 0.073490745 -0.013745712
15.798697084 0.997113700 -0.013186663 0.073495425 -0.013740584
15.818909602 0.997115091 -0.013183730 0.073480762 -0.013720835
15.839026153 0.997115636 -0.013185549 0.073475951 -0.013705242
15.859317810 0.997115371 -0.013179508 0.073483190 -0.013691510
15.879718699 0.997114419 -0.013169509 0.073495904 -0.013702280
15.899722212 0.997114131 -0.013159370 0.073503414 -0.013692666
15.919738639 0.997113289 -0.013164672 0.073515782 -0.013682500
15.940080208 0.997113393 -0.013162405 0.073514024 -0.013686485
15.960086935 0.997112914 -0.013163725 0.073518862 -0.013694169
15.980271603 0.997111890 -0.013179126 0.073529782 -0.013695242
16.000478755 0.997111597 -0.013190999 0.073536204 -0.013670689
16.020615292 0.997110427 -0.013207408 0.073550041 -0.013665749
16.040781943 0.997110515 -0.013215638 0.073542623 -0.013691241
16.061055199 0.997109427 -0.013212549 0.073558077 -0.013690461
16.081331553 0.997109602 -0.013208912 0.073556498 -0.013689716
16.101537412 0.997109947 -0.013226088 0.073549826 -0.013683859
16.121687809 0.997109438 -0.013234866 0.073555625 -0.013681271
16.141751944 0.997109106 -0.013239033 0.073559799 -0.013679011
16.162460750 0.997109001 -0.013265960 0.073557020 -0.013675469
16.182139778 0.997108596 -0.013259153 0.073564260 -0.013672676
16.202256893 0.997109063 -0.013277286 0.073554810 -0.013671908
16.222466933 0.997109104 -0.013257725 0.073558052 -0.013670458
16.242593662 0.997107930 -0.013274166 0.073570224 -0.013674577
16.263149107 0.997107905 -0.013281442 0.073571891 -0.013660349
16.283188453 0.997108051 -0.013268102 0.073574307 -0.013649694
16.303230745 0.997109589 -0.013245484 0.073555903 -0.013658475
16.323312244 0.997109234 -0.013245384 0.073560283 -0.013660898
16.343463101 0.997109828 -0.013235985 0.073556199 -0.013648659
16.363841275 0.997109116 -0.013238455 0.073564425 -0.013653892
16.383859407 0.997109078 -0.013238521 0.073560815 -0.013676091
16.404034758 0.997110107 -0.013220952 0.073552212 -0.013664330
16.424183640 0.997111001 -0.013207301 0.073547179 -0.013639360
16.444530792 0.997111358 -0.013202417 0.073541849 -0.013646700
16.464558443 0.997111821 -0.013212619 0.073537687 -0.013625374
16.484884388 0.997112488 -0.013209164 0.073531587 -0.013612869
16.504955099 0.997111662 -0.013203682 0.073542644 -0.013618948
16.525179064 0.997112265 -0.013186018 0.073537133 -0.013621688
16.545216194 0.997112041 -0.013198710 0.073539782 -0.013611460
16.565429047 0.997112388 -0.013202091 0.073536490 -0.013600525
16.585683996 0.997112064 -0.013229262 0.073536295 -0.013598937
16.605769916 0.997112726 -0.013234068 0.073529618 -0.013581864
16.626005666 0.997113444 -0.013241928 0.073516035 -0.013595013
16.646211139 0.997111623 -0.013238458 0.073537077 -0.013618101
16.666584516 0.997110955 -0.013241877 0.073546335 -0.013613713
16.686593257 0.997110637 -0.013243981 0.073549600 -0.013617322
16.706640641 0.997111768 -0.013228997 0.073532788 -0.013639802
16.726799411 0.997112079 -0.013238029 0.073528545 -0.013631190
16.747148639 0.997111864 -0.013235228 0.073530302 -0.013640169
16.767127198 0.997112685 -0.013236282 0.073521438 -0.013626873
16.787393013 0.997112948 -0.013251580 0.073517725 -0.013612817
16.807556906 0.997111867 -0.013257725 0.073528065 -0.013630180
16.827727161 0.997111817 -0.013255983 0.073527152 -0.013640441
16.847911097 0.997110763 -0.013245183 0.073540711 -0.013654894
16.868128120 0.997110760 -0.013226256 0.073545593 -0.013647095
16.888291566 0.997110092 -0.013255812 0.073552401 -0.013630590
16.908554524 0.997110212 -0.013255161 0.073553287 -0.013617648
16.928595719 0.997110003 -0.013249726 0.073556376 -0.013621569
16.948763243 0.997109162 -0.013259707 0.073563190 -0.013636604
16.968971235 0.997109343 -0.013269463 0.073554168 -0.013662478
16.989126871 0.997109737 -0.013266723 0.073549883 -0.013659494
17.009306914 0.997109647 -0.013265472 0.073553205 -0.013649398
17.029501977 0.997109783 -0.013272824 0.073550090 -0.013649065
17.049863546 0.997108888 -0.013271138 0.073563812 -0.013642165
17.069850301 0.997108867 -0.013268252 0.073564131 -0.013644769
17.090080318 0.997108481 -0.013275177 0.073562130 -0.013676981
17.110205406 0.997108609 -0.013291634 0.073559705 -0.013664672
17.130503358 0.997108117 -0.013294166 0.073566317 -0.013662555
17.150669792 0.997107716 -0.013309741 0.073565959 -0.013678588
17.170809081 0.997107898 -0.013323384 0.073560973 -0.013678821
17.190987749 0.997107231 -0.013326162 0.073570225 -0.013674986
17.211265671 0.997107090 -0.013328038 0.073575972 -0.013652503
17.231215591 0.997106119 -0.013346308 0.073584795 -0.013657993
17.251719566 0.997106545 -0.013364941 0.073575754 -0.013657392
17.271773609 0.997107181 -0.013340498 0.073572192 -0.013654044
17.291919576 0.997107257 -0.013356331 0.073572500 -0.013631383
17.312019938 0.997106696 -0.013356913 0.073577437 -0.013645190
17.332148382 0.997107955 -0.013344111 0.073565872 -0.013628062
17.352338364 0.997109264 -0.013330478 0.073557396 -0.013591301
17.372554433 0.997108961 -0.013329197 0.073559537 -0.013603170
17.392726846 0.997109194 -0.013311632 0.073557987 -0.013611719
17.412871204 0.997109731 -0.013304488 0.073552892 -0.013606885
17.433040568 0.997109938 -0.013285407 0.073556253 -0.013592173
17.453405623 0.997109953 -0.013305402 0.073554715 -0.013579863
17.473531624 0.997109325 -0.013289002 0.073559966 -0.013613507
17.493718581 0.997108700 -0.013276584 0.073572277 -0.013604860
17.513751358 0.997108926 -0.013276304 0.073567403 -0.013614972
17.533906875 0.997108771 -0.013283603 0.073571231 -0.013598451
17.554069642 0.997108271 -0.013289074 0.073575469 -0.013606832
17.574495498 0.997108692 -0.013276542 0.073570799 -0.013613484
17.594525369 0.997108900 -0.013263537 0.073573300 -0.013597407
17.614659110 0.997108423 -0.013257537 0.073583349 -0.013583839
17.634859228 0.997108799 -0.013257118 0.073578038 -0.013585431
17.655260025 0.997108699 -0.013266286 0.073579749 -0.013574523
17.675259784 0.997108585 -0.013273228 0.073582726 -0.013560011
17.695510817 0.997107995 -0.013274457 0.073590399 -0.013560538
17.715643735 0.997107670 -0.013261440 0.073596033 -0.013566606
17.735736000 0.997107847 -0.013265606 0.073591766 -0.013572676
17.755890860 0.997109281 -0.013247432 0.073577057 -0.013564820
17.776120882 0.997108820 -0.013233737 0.073588444 -0.013550290
17.796228609 0.997107395 -0.013250776 0.073605103 -0.013548040
17.816413882 0.997106083 -0.013283342 0.073617190 -0.013547028
17.836689975 0.997105486 -0.013275020 0.073627112 -0.013545179
17.856955038 0.997106857 -0.013264262 0.073613897 -0.013526635
17.877070038 0.997107241 -0.013268432 0.073605462 -0.013540114
17.897199067 0.997106307 -0.013294636 0.073612746 -0.013543589
17.917380740 0.997106238 -0.013301421 0.073611754 -0.013547380
17.937518226 0.997106404 -0.013277460 0.073610811 -0.013563811
17.957713482 0.997105841 -0.013295135 0.073617744 -0.013550267
17.978026156 0.997106349 -0.013300209 0.073611542 -0.013541596
17.998048332 0.997106353 -0.013292814 0.073611442 -0.013549077
18.018148650 0.997106605 -0.013296958 0.073608683 -0.013541475
18.038332197 0.997106392 -0.013303050 0.073611521 -0.013535727
18.058590467 0.997105990 -0.013283862 0.073621722 -0.013528691
18.078945914 0.997106890 -0.013261689 0.073614741 -0.013522084
18.098925178 0.997106567 -0.013264579 0.073618351 -0.013523456
18.119026512 0.997107813 -0.013240196 0.073610601 -0.013497626
18.139261855 0.997107863 -0.013252818 0.073608267 -0.013494259
18.159434188 0.997108466 -0.013237015 0.073602920 -0.013494430
18.179630449 0.997106436 -0.013253366 0.073627365 -0.013494977
18.199786037 0.997106085 -0.013249294 0.073634166 -0.013487818
18.220047811 0.997106262 -0.013252490 0.073630906 -0.013489376
18.240298026 0.997107746 -0.013243525 0.073614449 -0.013478333
18.260403194 0.997107778 -0.013249740 0.073615082 -0.013466350
18.280529293 0.997107654 -0.013247562 0.073615597 -0.013474905
18.300632080 0.997107360 -0.013255734 0.073617756 -0.013476785
18.320819765 0.997107880 -0.013276556 0.073605188 -0.013486451
18.341005075 0.997107856 -0.013277742 0.073606479 -0.013480050
18.361314455 0.997108688 -0.013270893 0.073595036 -0.013487719
18.381356756 0.997108540 -0.013275462 0.073595164 -0.013493465
18.402002820 0.997108094 -0.013252682 0.073603869 -0.013501306
18.421713014 0.997108042 -0.013251671 0.073608775 -0.013479407
18.442093785 0.997109190 -0.013237499 0.073596497 -0.013475457
18.462092845 0.997110174 -0.013243172 0.073583459 -0.013468274
18.482228474 0.997109639 -0.013251978 0.073586842 -0.013480738
18.502443116 0.997108327 -0.013285834 0.073600961 -0.013467342
18.522625396 0.997108389 -0.013296534 0.073596888 -0.013474465
18.542800489 0.997107545 -0.013304228 0.073606250 -0.013478165
18.562958588 0.997108615 -0.013297662 0.073593795 -0.013473492
18.583105288 0.997108574 -0.013290954 0.073594674 -0.013478367
18.603304188 0.997108521 -0.013307479 0.073591291 -0.013484478
18.623526018 0.997108762 -0.013297269 0.073588953 -0.013489481
18.643673482 0.997109412 -0.013270131 0.073585024 -0.013489579
18.664012823 0.997108395 -0.013269443 0.073596228 -0.013504278
18.684111442 0.997109413 -0.013280174 0.073579862 -0.013507786
18.704169712 0.997109442 -0.013280033 0.073581092 -0.013499014
18.724367426 0.997109636 -0.013265617 0.073588243 -0.013459823
18.744744188 0.997109662 -0.013261465 0.073588194 -0.013462301
18.764807073 0.997110141 -0.013260657 0.073584591 -0.013447264
18.784948914 0.997109711 -0.013271739 0.073586401 -0.013458363
18.805074364 0.997111039 -0.013263905 0.073568934 -0.013463192
18.825487979 0.997111325 -0.013264926 0.073564550 -0.013464897
18.845515857 0.997111201 -0.013278021 0.073567548 -0.013444791
18.865666826 0.997111610 -0.013268147 0.073564171 -0.013442674
18.885806103 0.997112025 -0.013286801 0.073551890 -0.013460701
18.905963502 0.997111136 -0.013287756 0.073561420 -0.013473532
18.926141291 0.997110261 -0.013284193 0.073574478 -0.013470468
18.946328824 0.997110519 -0.013286843 0.073568988 -0.013478764
18.966568305 0.997110295 -0.013299729 0.073570105 -0.013476515
18.986699771 0.997110816 -0.013300823 0.073564432 -0.013467867
19.006921855 0.997110324 -0.013310833 0.073565919 -0.013486226
19.027076943 0.997108873 -0.013338153 0.073583660 -0.013469768
19.067449435 0.997108338 -0.013321997 0.073593070 -0.013473917
19.087606924 0.997108096 -0.013306625 0.073600679 -0.013465470
19.107784002 0.997109224 -0.013282418 0.073591161 -0.013457831
19.128200222 0.997108715 -0.013287726 0.073595483 -0.013466675
19.148207336 0.997108374 -0.013308007 0.073592806 -0.013486540
19.168265745 0.997107621 -0.013321423 0.073601499 -0.013481527
19.188607919 0.997107593 -0.013336529 0.073597284 -0.013491652
19.208772102 0.997107470 -0.013328360 0.073599961 -0.013494189
19.228822703 0.997107331 -0.013318329 0.073605467 -0.013484322
19.248955699 0.997107495 -0.013304517 0.073607223 -0.013476299
19.269182516 0.997107551 -0.013313955 0.073606653 -0.013465941
19.289311853 0.997108213 -0.013296999 0.073597566 -0.013483317
19.309523100 0.997108630 -0.013294456 0.073592168 -0.013484439
19.330015647 0.997108515 -0.013299843 0.073592400 -0.013486354
19.350081052 0.997108176 -0.013317610 0.073589792 -0.013508111
19.370203096 0.997108097 -0.013333297 0.073589882 -0.013497979
19.390416632 0.997109132 -0.013326027 0.073578887 -0.013488635
19.410429320 0.997108945 -0.013328469 0.073580797 -0.013489640
19.430605729 0.997109708 -0.013336549 0.073573785 -0.013463442
19.450785104 0.997109362 -0.013342302 0.073574875 -0.013477440
19.470955917 0.997110030 -0.013331649 0.073570635 -0.013461708
19.491108858 0.997109534 -0.013341886 0.073574985 -0.013464523
19.511304392 0.997108465 -0.013341230 0.073592567 -0.013448232
19.531542141 0.997109684 -0.013326221 0.073574574 -0.013471143
19.551791238 0.997108429 -0.013341803 0.073585993 -0.013486249
19.571932211 0.997108563 -0.013344706 0.073585178 -0.013477929
19.592214931 0.997108081 -0.013359672 0.073590844 -0.013467817
19.612181355 0.997108500 -0.013349349 0.073584249 -0.013483060
19.632394916 0.997108958 -0.013355084 0.073581072 -0.013460828
19.652866039 0.997109325 -0.013362208 0.073575044 -0.013459472
19.672762113 0.997109387 -0.013367672 0.073572057 -0.013465806
19.692973851 0.997108715 -0.013368082 0.073579882 -0.013472414
19.713083993 0.997108717 -0.013368787 0.073580238 -0.013469647
19.753404150 0.997109710 -0.013364169 0.073569523 -0.013459191
19.773632132 0.997110018 -0.013364767 0.073569694 -0.013434868
19.793837115 0.997108700 -0.013351036 0.073588134 -0.013445331
19.813956474 0.997107792 -0.013341916 0.073600867 -0.013452003
19.834279564 0.997106554 -0.013364892 0.073612137 -0.013459334
19.854384932 0.997104697 -0.013383908 0.073632746 -0.013465253
19.874507469 0.997105404 -0.013374262 0.073624355 -0.013468328
19.894970389 0.997106231 -0.013360166 0.073617198 -0.013460278
19.914848147 0.997106307 -0.013384392 0.073610481 -0.013467295
19.935070089 0.997105886 -0.013382559 0.073615275 -0.013474039
19.955339164 0.997107410 -0.013370981 0.073597001 -0.013472585
19.975492265 0.997106960 -0.013357938 0.073608559 -0.013455672
19.995773606 0.997106880 -0.013353179 0.073613052 -0.013441728
20.016018233 0.997108104 -0.013334044 0.073604913 -0.013414526
20.035988428 0.997108468 -0.013344352 0.073598360 -0.013413122
20.056113392 0.997107410 -0.013353502 0.073609197 -0.013423196
20.076308598 0.997107710 -0.013341516 0.073606990 -0.013424958
20.096426423 0.997107921 -0.013351737 0.073604792 -0.013411209
20.116802840 0.997108131 -0.013361041 0.073604401 -0.013388385
20.136948807 0.997107244 -0.013361246 0.073611067 -0.013417586
20.157417314 0.997106845 -0.013365179 0.073616541 -0.013413316
20.177310107 0.997106375 -0.013368599 0.073622393 -0.013412693
20.197405944 0.997106243 -0.013361104 0.073624335 -0.013419299
20.217529068 0.997105089 -0.013386420 0.073632164 -0.013436904
20.237791021 0.997104259 -0.013415355 0.073639766 -0.013427927
20.258122256 0.997105247 -0.013413155 0.073631052 -0.013404525
20.278134496 0.997104946 -0.013413692 0.073632513 -0.013418403
20.298189899 0.997105165 -0.013386923 0.073630669 -0.013438923
20.318426720 0.997104327 -0.013387370 0.073644528 -0.013424684
20.338589606 0.997104175 -0.013381966 0.073646286 -0.013431704
20.359191313 0.997103854 -0.013384806 0.073648744 -0.013439267
20.378935325 0.997103398 -0.013389604 0.073653232 -0.013443692
20.399071731 0.997104036 -0.013402179 0.073644429 -0.013432110
20.419262059 0.997103966 -0.013395801 0.073644298 -0.013444367
20.439428159 0.997104729 -0.013385551 0.073635154 -0.013448050
20.459687529 0.997105058 -0.013361518 0.073635265 -0.013446963
20.479913498 0.997103785 -0.013378629 0.073644065 -0.013476107
20.500065814 0.997102735 -0.013390069 0.073654771 -0.013483974
20.520143909 0.997102197 -0.013398495 0.073660130 -0.013486112
20.540435136 0.997102266 -0.013385347 0.073658677 -0.013501943
20.560694081 0.997101812 -0.013393932 0.073657247 -0.013534714
20.580700166 0.997101106 -0.013400887 0.073663789 -0.013544271
20.600921877 0.997101438 -0.013406604 0.073659694 -0.013536395
20.621041129 0.997101375 -0.013422026 0.073652731 -0.013563649
20.641266572 0.997101478 -0.013432171 0.073648883 -0.013566919
20.661945820 0.997102175 -0.013431741 0.073642486 -0.013550824
20.681592740 0.997101826 -0.013416773 0.073648312 -0.013559698
20.701862408 0.997102009 -0.013423605 0.073644058 -0.013562538
20.721950516 0.997102096 -0.013413166 0.073644634 -0.013563358
20.742091435 0.997102512 -0.013421670 0.073638843 -0.013555824
20.762402205 0.997103264 -0.013422084 0.073633035 -0.013531608
20.782500660 0.997103260 -0.013431509 0.073633750 -0.013518632
20.802637694 0.997103311 -0.013424159 0.073633300 -0.013524659
20.822980783 0.997103967 -0.013409950 0.073629399 -0.013511631
20.843013869 0.997104063 -0.013384104 0.073629184 -0.013531311
20.863287042 0.997103878 -0.013383234 0.073630093 -0.013540842
20.883477314 0.997104404 -0.013371895 0.073629007 -0.013519246
20.903564806 0.997105068 -0.013372011 0.073621941 -0.013508628
20.923853295 0.997104745 -0.013371616 0.073624345 -0.013519721
20.943911776 0.997106024 -0.013375291 0.073608277 -0.013509230
20.964132478 0.997105716 -0.013378917 0.073612905 -0.013503209
20.984213259 0.997105544 -0.013371477 0.073615803 -0.013507473
21.004502841 0.997104236 -0.013386517 0.073632408 -0.013498612
21.024816528 0.997102759 -0.013391057 0.073649931 -0.013507629
21.045003868 0.997102224 -0.013402248 0.073651803 -0.013525788
21.064995468 0.997102575 -0.013399445 0.073646020 -0.013534127
21.085195567 0.997101855 -0.013399624 0.073652702 -0.013550677
21.105346199 0.997102757 -0.013378390 0.073644374 -0.013550562
21.125480419 0.997102122 -0.013376165 0.073654741 -0.013543090
21.145624549 0.997102917 -0.013370194 0.073645706 -0.013539577
21.165917705 0.997102719 -0.013361973 0.073649937 -0.013539322
21.186056832 0.997102551 -0.013340443 0.073653369 -0.013554178
21.206159859 0.997103133 -0.013333254 0.073643871 -0.013570052
21.226460990 0.997103820 -0.013327634 0.073634962 -0.013573449
21.246625059 0.997103509 -0.013338307 0.073635797 -0.013581296
21.266717736 0.997102918 -0.013343649 0.073643319 -0.013578630
21.286977058 0.997103334 -0.013350590 0.073633938 -0.013592158
21.307064599 0.997103202 -0.013366393 0.073631244 -0.013600848
21.327223711 0.997102958 -0.013372303 0.073637649 -0.013578240
21.347419862 0.997101928 -0.013370812 0.073651986 -0.013577575
21.367609312 0.997101947 -0.013379862 0.073650212 -0.013576905
21.387792295 0.997102833 -0.013382499 0.073636988 -0.013580955
21.407983194 0.997101892 -0.013375993 0.073652276 -0.013573574
21.428490429 0.997102965 -0.013372399 0.073638802 -0.013571432
21.448288510 0.997103052 -0.013350865 0.073639605 -0.013581885
21.468652933 0.997102682 -0.013356355 0.073642845 -0.013586082
21.488678128 0.997103289 -0.013358796 0.073634061 -0.013586707
21.508816438 0.997103270 -0.013346677 0.073640549 -0.013564809
21.529009287 0.997103972 -0.013337468 0.073635714 -0.013548509
21.549199530 0.997104033 -0.013324688 0.073638981 -0.013538824
21.569374270 0.997105473 -0.013307175 0.073622077 -0.013541948
21.589587630 0.997105706 -0.013303408 0.073620517 -0.013536997
21.609848655 0.997105474 -0.013288909 0.073625815 -0.013539515
21.630001789 0.997104822 -0.013288445 0.073637454 -0.013524691
21.650118705 0.997105127 -0.013294203 0.073630263 -0.013535643
21.670280770 0.997104690 -0.013288812 0.073637527 -0.013533621
21.690539150 0.997103629 -0.013279391 0.073653607 -0.013533581
21.710636991 0.997102811 -0.013282480 0.073661763 -0.013546370
21.731045732 0.997102667 -0.013296614 0.073659387 -0.013556044
21.751091775 0.997103459 -0.013302990 0.073649358 -0.013546024
21.771243411 0.997104078 -0.013282445 0.073644779 -0.013545533
21.791330632 0.997104267 -0.013280081 0.073645402 -0.013530520
21.811534571 0.997104836 -0.013277120 0.073638941 -0.013526675
21.831676038 0.997104492 -0.013272027 0.073643551 -0.013531944
21.851888336 0.997103902 -0.013260643 0.073652173 -0.013539591
21.872085591 0.997103803 -0.013245201 0.073655152 -0.013545796
21.892174437 0.997105700 -0.013235951 0.073630669 -0.013548355
21.912416231 0.997106096 -0.013240358 0.073627889 -0.013529968
21.932579496 0.997106165 -0.013230009 0.073629460 -0.013526434
21.952777649 0.997105208 -0.013233654 0.073639627 -0.013538107
21.972928816 0.997104696 -0.013231794 0.073645456 -0.013545905
21.993100729 0.997104134 -0.013232181 0.073649500 -0.013564891
22.013265384 0.997103831 -0.013239648 0.073650160 -0.013576329
22.033459462 0.997104559 -0.013229562 0.073643305 -0.013569853
22.053877549 0.997104194 -0.013235873 0.073651577 -0.013545599
22.073941591 0.997104679 -0.013224368 0.073648024 -0.013540424
22.094015612 0.997104231 -0.013230586 0.073656423 -0.013521660
22.114278475 0.997103901 -0.013236946 0.073657649 -0.013533107
22.134310752 0.997103827 -0.013234858 0.073658925 -0.013533664
22.154543060 0.997104558 -0.013216418 0.073651584 -0.013537754
22.174792509 0.997105055 -0.013223928 0.073647324 -0.013516992
22.195164405 0.997105865 -0.013222698 0.073635398 -0.013523380
22.215055099 0.997105825 -0.013214828 0.073635619 -0.013532836
22.235310686 0.997104816 -0.013239280 0.073647705 -0.013517539
22.255429952 0.997103972 -0.013228933 0.073663363 -0.013504582
22.275687837 0.997102878 -0.013232626 0.073676130 -0.013512095
22.295802781 0.997103175 -0.013231042 0.073672651 -0.013510657
22.315984134 0.997104540 -0.013207622 0.073662074 -0.013490536
22.336144903 0.997104448 -0.013203995 0.073663800 -0.013491422
22.356379554 0.997103568 -0.013221661 0.073666809 -0.013522718
22.376523568 0.997104139 -0.013240444 0.073660806 -0.013494933
22.396738742 0.997104438 -0.013223579 0.073658770 -0.013500465
22.416804453 0.997104250 -0.013219961 0.073662795 -0.013495957
22.436964330 0.997104509 -0.013207155 0.073653880 -0.013537949
22.457285431 0.997103953 -0.013204687 0.073666279 -0.013513820
22.477389131 0.997104650 -0.013191095 0.073658702 -0.013516950
22.497520225 0.997103931 -0.013193044 0.073666886 -0.013523467
22.517686199 0.997103535 -0.013184544 0.073671172 -0.013537585
22.537943668 0.997103085 -0.013193503 0.073673637 -0.013548631
22.558174909 0.997102941 -0.013200460 0.073673199 -0.013554834
22.578781563 0.997102794 -0.013178965 0.073679363 -0.013553004
22.598446507 0.997102163 -0.013177691 0.073687104 -0.013558587
22.618615890 0.997101810 -0.013181639 0.073691429 -0.013557240
22.638732149 0.997101014 -0.013175729 0.073701073 -0.013569045
22.659099337 0.997100402 -0.013181474 0.073706115 -0.013581052
22.679130130 0.997101857 -0.013172426 0.073688648 -0.013577823
22.699310863 0.997102400 -0.013148089 0.073687198 -0.013569415
22.719745431 0.997101509 -0.013144410 0.073696929 -0.013585580
22.739988536 0.997101915 -0.013161006 0.073690123 -0.013576640
22.760068801 0.997102794 -0.013172904 0.073675677 -0.013578933
22.780028372 0.997103822 -0.013182167 0.073664226 -0.013556564
22.800151542 0.997103720 -0.013179690 0.073664950 -0.013562573
22.820369401 0.997103539 -0.013168291 0.073673567 -0.013540130
22.840511715 0.997103127 -0.013140493 0.073684084 -0.013540209
22.860739988 0.997101740 -0.013145144 0.073702851 -0.013535682
22.880909660 0.997100494 -0.013165590 0.073716160 -0.013535119
22.901078876 0.997099744 -0.013170874 0.073724093 -0.013542005
22.921239969 0.997099716 -0.013172837 0.073724499 -0.013539982
22.941388884 0.997100157 -0.013167362 0.073724721 -0.013511602
22.962031735 0.997101188 -0.013150101 0.073715908 -0.013500412
22.981807979 0.997101264 -0.013166370 0.073710061 -0.013510859
23.002027409 0.997101461 -0.013149275 0.073710959 -0.013508061
23.022223184 0.997101353 -0.013152479 0.073713640 -0.013498289
23.042484182 0.997101297 -0.013163731 0.073712042 -0.013500147
23.062626201 0.997101319 -0.013182173 0.073714683 -0.013466068
23.082780927 0.997101346 -0.013162635 0.073716975 -0.013470654
23.102894399 0.997101608 -0.013168154 0.073709707 -0.013485622
23.122998915 0.997101768 -0.013167925 0.073706544 -0.013491279
23.143201595 0.997100924 -0.013161525 0.073715730 -0.013509718
23.163414025 0.997099657 -0.013161695 0.073732577 -0.013511132
23.183566356 0.997100525 -0.013149128 0.073724662 -0.013502502
23.203717655 0.997099809 -0.013164849 0.073729023 -0.013516247
23.223997415 0.997099455 -0.013160301 0.073732618 -0.013527205
23.244444657 0.997099477 -0.013155897 0.073737173 -0.013505001
23.264412823 0.997099385 -0.013158502 0.073732898 -0.013532567
23.284522731 0.997099337 -0.013132897 0.073734673 -0.013551292
23.304625310 0.997099093 -0.013133798 0.073736918 -0.013556158
23.324893141 0.997099688 -0.013132597 0.073733891 -0.013530003
23.345083592 0.997099739 -0.013114005 0.073734151 -0.013542815
23.365112299 0.997098344 -0.013117711 0.073750422 -0.013553371
23.385323872 0.997097955 -0.013107353 0.073760496 -0.013537137
23.405532903 0.997098071 -0.013115527 0.073758713 -0.013530418
23.425805558 0.997098404 -0.013104451 0.073756603 -0.013528066
23.446268396 0.997097796 -0.013111276 0.073762479 -0.013534299
23.466122296 0.997098771 -0.013110286 0.073747981 -0.013542373
23.486193999 0.997098676 -0.013108231 0.073748486 -0.013548648
23.506374581 0.997099344 -0.013099475 0.073743916 -0.013532797
23.526607190 0.997099820 -0.013112483 0.073736386 -0.013526137
23.546847503 0.997100112 -0.013128305 0.073725949 -0.013546184
23.566957754 0.997099280 -0.013147053 0.073733575 -0.013547698
23.587097336 0.997099248 -0.013144997 0.073734104 -0.013549218
23.607286462 0.997100261 -0.013134011 0.073721803 -0.013552218
23.627501989 0.997100267 -0.013139858 0.073722681 -0.013541347
23.647671729 0.997100690 -0.013120303 0.073719996 -0.013543779
23.667962717 0.997099903 -0.013114358 0.073732350 -0.013540238
23.687973698 0.997099675 -0.013105860 0.073736991 -0.013539972
23.708140788 0.997099653 -0.013097384 0.073733988 -0.013566106
23.728317827 0.997099358 -0.013121480 0.073730657 -0.013582638
23.748568470 0.997100280 -0.013128034 0.073718587 -0.013574120
23.768825092 0.997100146 -0.013130547 0.073718913 -0.013579761
23.789144440 0.997099677 -0.013128625 0.073722767 -0.013595082
23.809283229 0.997100410 -0.013113718 0.073718659 -0.013578024
23.829347741 0.997100663 -0.013100496 0.073717070 -0.013580779
23.849523864 0.997100068 -0.013102336 0.073724380 -0.013583011
23.869600799 0.997099998 -0.013119829 0.073723437 -0.013576447
23.889775591 0.997099848 -0.013103023 0.073728391 -0.013576769
23.910013698 0.997099334 -0.013099690 0.073732583 -0.013594933
23.930156732 0.997099828 -0.013106557 0.073725237 -0.013591910
23.950640218 0.997100021 -0.013091310 0.073728839 -0.013572894
23.970593307 0.997100063 -0.013079418 0.073733035 -0.013558491
23.990628880 0.997100050 -0.013060687 0.073734157 -0.013571402
24.010810150 0.997100837 -0.013054197 0.073728951 -0.013548063
24.031086099 0.997100548 -0.013056954 0.073733910 -0.013539719
24.051261444 0.997100285 -0.013047998 0.073738838 -0.013540898
24.071403633 0.997099477 -0.013058023 0.073741398 -0.013576707
24.091603820 0.997099874 -0.013052095 0.073734675 -0.013589788
24.112234918 0.997099238 -0.013045282 0.073741233 -0.013607392
24.132036894 0.997099398 -0.013034007 0.073739168 -0.013617613
24.152223654 0.997099529 -0.013022839 0.073738713 -0.013621173
24.172299879 0.997100290 -0.013033687 0.073728559 -0.013610092
24.192435288 0.997099656 -0.013025670 0.073732941 -0.013640462
24.212583501 0.997099496 -0.013022076 0.073737878 -0.013628897
24.232787753 0.997098433 -0.013030189 0.073746450 -0.013652463
24.252989742 0.997097763 -0.013033811 0.073754327 -0.013655401
24.273110172 0.997096725 -0.013049548 0.073763061 -0.013668974
24.293356529 0.997097718 -0.013048479 0.073752301 -0.013655638
24.313485533 0.997098938 -0.013029929 0.073738415 -0.013659257
24.334118398 0.997099154 -0.013016478 0.073737701 -0.013660174
24.354177518 0.997100074 -0.013022072 0.073725350 -0.013654330
24.374104999 0.997099982 -0.013030064 0.073724768 -0.013656559
24.394190344 0.997100741 -0.013051967 0.073711651 -0.013651072
24.414387636 0.997100428 -0.013071983 0.073712111 -0.013652277
24.434565994 0.997099283 -0.013078774 0.073721794 -0.013677050
24.454805978 0.997098822 -0.013088629 0.073720491 -0.013708275
24.475044848 0.997099043 -0.013085617 0.073716843 -0.013714659
24.495346950 0.997099132 -0.013085261 0.073715812 -0.013714071
24.515397745 0.997098032 -0.013094766 0.073725812 -0.013731250
24.535523998 0.997097693 -0.013091068 0.073730319 -0.013735145
24.555700855 0.997097491 -0.013089025 0.073736903 -0.013716418
24.575924869 0.997098582 -0.013098946 0.073721330 -0.013711315
24.596013096 0.997098278 -0.013126620 0.073720888 -0.013709366
24.616158492 0.997098820 -0.013115651 0.073719457 -0.013688109
24.636288177 0.997098493 -0.013125598 0.073720932 -0.013694485
24.656522393 0.997097866 -0.013119653 0.073730541 -0.013694075
24.676886909 0.997097221 -0.013128259 0.073734533 -0.013711295
24.696965208 0.997097270 -0.013131769 0.073734358 -0.013705330
24.717077596 0.997097411 -0.013130465 0.073729489 -0.013722478
24.737161569 0.997097641 -0.013124485 0.073726241 -0.013728909
24.757504803 0.997097606 -0.013114572 0.073724047 -0.013752742
24.777812630 0.997096659 -0.013124534 0.073736907 -0.013742916
24.797794628 0.997096900 -0.013135187 0.073733109 -0.013735637
24.817952768 0.997097687 -0.013128251 0.073717499 -0.013768910
24.838100019 0.997097189 -0.013132904 0.073721794 -0.013777505
24.858450051 0.997097606 -0.013124056 0.073719749 -0.013766716
24.878521037 0.997097628 -0.013143281 0.073718049 -0.013755868
24.898708625 0.997098229 -0.013131973 0.073711179 -0.013759911
24.918938026 0.997098044 -0.013123115 0.073715055 -0.013761025
24.939104881 0.997098069 -0.013130759 0.073715923 -0.013747243
24.959187719 0.997097391 -0.013132397 0.073725853 -0.013741614
24.979354705 0.997098658 -0.013124513 0.073714533 -0.013717876
24.999516035 0.997098593 -0.013114981 0.073713352 -0.013738081
25.019714569 0.997100031 -0.013098734 0.073700177 -0.013719914
25.039863727 0.997099254 -0.013110058 0.073705165 -0.013738715
25.060186611 0.997099607 -0.013098981 0.073700735 -0.013747432
25.080243990 0.997099973 -0.013085524 0.073699378 -0.013740983
25.100410881 0.997099459 -0.013091180 0.073704987 -0.013742810
25.120595882 0.997099469 -0.013092474 0.073706514 -0.013732681
25.140789171 0.997099967 -0.013096122 0.073696195 -0.013748425
25.161092047 0.997099696 -0.013077965 0.073706967 -0.013727562
25.181360852 0.997099041 -0.013090337 0.073717683 -0.013705795
25.201404311 0.997097820 -0.013090842 0.073733134 -0.013711032
25.221527352 0.997097415 -0.013080359 0.073743332 -0.013695641
25.241858497 0.997097508 -0.013071204 0.073740559 -0.013712512
25.261849655 0.997097272 -0.013068179 0.073744842 -0.013709549
25.282058363 0.997096824 -0.013082052 0.073748356 -0.013709953
25.302148853 0.997096564 -0.013085150 0.073749470 -0.013719914
25.322356119 0.997096684 -0.013094057 0.073748443 -0.013708269
25.342570184 0.997095870 -0.013080133 0.073755549 -0.013742478
25.362947886 0.997095224 -0.013077323 0.073760314 -0.013766396
25.382972611 0.997095071 -0.013071780 0.073767314 -0.013745264
25.403216429 0.997094831 -0.013080939 0.073763703 -0.013773250
25.423265230 0.997094297 -0.013073603 0.073771940 -0.013774763
25.443503145 0.997094790 -0.013093454 0.073764130 -0.013762035
25.463625901 0.997094285 -0.013098286 0.073771228 -0.013756024
25.483803958 0.997094523 -0.013092206 0.073767679 -0.013763540
25.504001252 0.997094733 -0.013065528 0.073767949 -0.013772226
25.524133341 0.997094906 -0.013053498 0.073772252 -0.013748040
25.544545788 0.997093248 -0.013070687 0.073789936 -0.013757070
25.564745924 0.997093534 -0.013080444 0.073779437 -0.013783375
25.584773926 0.997093157 -0.013086108 0.073785303 -0.013773885
25.604851048 0.997092994 -0.013096180 0.073784998 -0.013777735
25.625082250 0.997092986 -0.013118212 0.073779689 -0.013785759
25.645175270 0.997092454 -0.013117643 0.073786718 -0.013787191
25.665363685 0.997092799 -0.013100358 0.073788092 -0.013771290
25.685586264 0.997091797 -0.013103020 0.073799543 -0.013779930
25.705876232 0.997091884 -0.013099997 0.073796097 -0.013794970
25.725896097 0.997090894 -0.013105279 0.073809644 -0.013789039
25.746179805 0.997091240 -0.013091775 0.073806597 -0.013793164
25.766519720 0.997092589 -0.013086639 0.073786657 -0.013807199
25.786527685 0.997093050 -0.013090258 0.073778956 -0.013811588
25.806992192 0.997093721 -0.013089466 0.073769368 -0.013815124
25.826814458 0.997093382 -0.013092541 0.073773443 -0.013814926
25.846946964 0.997093710 -0.013082949 0.073768670 -0.013825847
25.867144262 0.997093755 -0.013091654 0.073766757 -0.013824554
25.887322447 0.997092402 -0.013103679 0.073783295 -0.013822503
25.907563742 0.997091527 -0.013126445 0.073785191 -0.013853867
25.927803926 0.997092427 -0.013127211 0.073773294 -0.013851682
25.947936379 0.997092787 -0.013109973 0.073772387 -0.013846905
25.968039678 0.997092590 -0.013079794 0.073780021 -0.013848996
25.988236399 0.997091591 -0.013092766 0.073789007 -0.013860756
26.008419726 0.997090519 -0.013115778 0.073799988 -0.013857702
26.028734732 0.997090753 -0.013115709 0.073793333 -0.013876292
26.048703982 0.997090856 -0.013114187 0.073792006 -0.013877407
26.068907030 0.997090807 -0.013136911 0.073787820 -0.013881740
26.089115067 0.997090224 -0.013132121 0.073796923 -0.013879708
26.109283780 0.997090092 -0.013139985 0.073795495 -0.013889371
26.129468249 0.997091072 -0.013109653 0.073788099 -0.013886966
26.149732651 0.997091949 -0.013079267 0.073781835 -0.013885916
26.169912721 0.997092301 -0.013047282 0.073780268 -0.013899071
26.190041438 0.997092008 -0.013056137 0.073781787 -0.013903683
26.210117118 0.997091412 -0.013046385 0.073791631 -0.013903344
26.230334373 0.997091635 -0.013052306 0.073788670 -0.013897517
26.250523141 0.997091919 -0.013052505 0.073786174 -0.013890192
26.270725392 0.997092006 -0.013063822 0.073783873 -0.013885535
26.291150491 0.997091696 -0.013067760 0.073784637 -0.013900003
26.311363600 0.997091645 -0.013067868 0.073783082 -0.013911807
26.331169164 0.997092565 -0.013053783 0.073775223 -0.013900825
26.351683894 0.997093208 -0.013042591 0.073769834 -0.013893791
26.371603593 0.997093009 -0.013046581 0.073775792 -0.013872651
26.391875892 0.997092366 -0.013045483 0.073778262 -0.013906724
26.412038164 0.997093392 -0.013039385 0.073764739 -0.013910634
26.432113476 0.997092880 -0.013036045 0.073771179 -0.013916317
26.452310417 0.997093241 -0.013041524 0.073770203 -0.013890443
26.472471696 0.997092537 -0.013035547 0.073780928 -0.013889649
26.492645615 0.997093205 -0.013040662 0.073772219 -0.013883105
26.512842428 0.997091270 -0.013079221 0.073792085 -0.013880282
26.533043973 0.997091735 -0.013088684 0.073784259 -0.013879506
26.553311928 0.997091079 -0.013091421 0.073789284 -0.013897375
26.573408042 0.997092431 -0.013094882 0.073774339 -0.013876426
26.593716770 0.997093135 -0.013085734 0.073769258 -0.013861481
26.613822624 0.997093608 -0.013064551 0.073763571 -0.013877701
26.633988513 0.997092993 -0.013054963 0.073774347 -0.013873588
26.654113278 0.997093710 -0.013060647 0.073767787 -0.013851596
26.674381091 0.997094246 -0.013042290 0.073760815 -0.013867453
26.694822344 0.997094034 -0.013041073 0.073762316 -0.013875844
26.714617726 0.997093925 -0.013033707 0.073768928 -0.013855417
26.734835725 0.997093655 -0.013043022 0.073773694 -0.013840679
26.755057179 0.997092101 -0.013054294 0.073792694 -0.013840709
26.775295496 0.997091660 -0.013031119 0.073797259 -0.013869997
26.795459604 0.997092348 -0.013018941 0.073792401 -0.013857758
26.815472101 0.997092017 -0.013014365 0.073797143 -0.013860675
26.835655575 0.997091544 -0.013010210 0.073800359 -0.013881404
26.855839819 0.997092547 -0.012998661 0.073787460 -0.013888788
26.876035547 0.997091691 -0.012994270 0.073801965 -0.013877264
26.896309453 0.997091557 -0.012994152 0.073802767 -0.013882778
26.916419379 0.997092450 -0.013002353 0.073789219 -0.013882961
26.936562971 0.997093590 -0.013007580 0.073773746 -0.013878421
26.956855607 0.997093409 -0.013031700 0.073775197 -0.013861049
26.977257108 0.997092506 -0.013024244 0.073784494 -0.013883532
26.997232976 0.997092523 -0.013019096 0.073789046 -0.013862885
27.017243619 0.997092259 -0.013025502 0.073791802 -0.013861232
27.037421697 0.997092099 -0.013024693 0.073795507 -0.013853792
27.057724494 0.997092949 -0.012994110 0.073787539 -0.013863751
27.078007365 0.997092944 -0.012978128 0.073792522 -0.013852540
27.097964803 0.997092806 -0.012973139 0.073796354 -0.013846741
27.118114607 0.997092607 -0.012985196 0.073796766 -0.013847592
27.138276842 0.997092854 -0.012978397 0.073795009 -0.013845525
27.158761628 0.997094124 -0.012981376 0.073777432 -0.013844918
27.178680317 0.997092253 -0.012994952 0.073798876 -0.013852653
27.198972101 0.997092784 -0.012994306 0.073790787 -0.013858123
27.219006166 0.997091188 -0.013027358 0.073804576 -0.013868497
27.239207027 0.997091468 -0.013023339 0.073800977 -0.013871314
27.259472111 0.997091970 -0.013057640 0.073787794 -0.013873100
27.279550177 0.997091549 -0.013063234 0.073792736 -0.013871802
27.299720997 0.997091973 -0.013036298 0.073794339 -0.013858162
27.319945724 0.997091631 -0.013028995 0.073803953 -0.013838404
27.340371245 0.997091244 -0.013045174 0.073808123 -0.013828791
27.360598323 0.997090300 -0.013066567 0.073812065 -0.013855580
27.380477751 0.997089876 -0.013091309 0.073815695 -0.013843442
27.400729991 0.997088612 -0.013082132 0.073830839 -0.013862335
27.420890653 0.997088775 -0.013093029 0.073827166 -0.013859889
27.441076958 0.997088486 -0.013100070 0.073823369 -0.013894248
27.461348428 0.997089332 -0.013096106 0.073817170 -0.013870150
27.481314036 0.997089552 -0.013107086 0.073810529 -0.013879350
27.501535364 0.997089584 -0.013093753 0.073812825 -0.013877377
27.521705474 0.997088752 -0.013100515 0.073822237 -0.013880736
27.541962345 0.997088745 -0.013106150 0.073824691 -0.013862875
27.562171148 0.997088801 -0.013117628 0.073822954 -0.013857222
27.582285653 0.997089723 -0.013112050 0.073810023 -0.013865005
27.602392231 0.997089829 -0.013115555 0.073807659 -0.013866670
27.622577249 0.997090383 -0.013140950 0.073801673 -0.013834652
27.642771246 0.997089855 -0.013149041 0.073803099 -0.013857381
27.662979082 0.997089801 -0.013172640 0.073801560 -0.013847060
27.683129000 0.997089141 -0.013179256 0.073814531 -0.013819078
27.703287916 0.997089228 -0.013185566 0.073814657 -0.013806078
27.723580900 0.997089028 -0.013197220 0.073816709 -0.013798449
27.743766435 0.997088689 -0.013180754 0.073822672 -0.013806788
27.763858454 0.997088171 -0.013193707 0.073826971 -0.013808859
27.784084882 0.997087476 -0.013188836 0.073840492 -0.013791349
27.804200113 0.997087399 -0.013189246 0.073840607 -0.013795918
27.824418420 0.997087656 -0.013167237 0.073842251 -0.013789538
27.844726227 0.997087755 -0.013160423 0.073844841 -0.013775043
27.864707113 0.997087331 -0.013145927 0.073851812 -0.013782158
27.884974009 0.997087905 -0.013123030 0.073853196 -0.013755011
27.905214201 0.997088238 -0.013121703 0.073846171 -0.013769853
27.925314113 0.997089357 -0.013122137 0.073832319 -0.013762712
27.945867858 0.997089994 -0.013096736 0.073826604 -0.013771409
27.985806318 0.997088898 -0.013104574 0.073835182 -0.013797281
28.005957516 0.997089164 -0.013120875 0.073831419 -0.013782696
28.026099544 0.997088924 -0.013139706 0.073827062 -0.013805473
28.046634848 0.997089357 -0.013143855 0.073818435 -0.013816334
28.066692975 0.997090054 -0.013130912 0.073814521 -0.013799269
28.086834850 0.997089722 -0.013141829 0.073814928 -0.013810677
28.106944205 0.997089569 -0.013140081 0.073819864 -0.013796991
28.127058822 0.997089121 -0.013151663 0.073819839 -0.013818434
28.147262961 0.997087100 -0.013171566 0.073843748 -0.013817596
28.167431786 0.997087792 -0.013169874 0.073840610 -0.013786032
28.187587692 0.997087630 -0.013173587 0.073840760 -0.013793394
28.207728387 0.997088178 -0.013169971 0.073833722 -0.013794846
28.228115475 0.997088853 -0.013176066 0.073825176 -0.013785976
28.248063344 0.997088530 -0.013187769 0.073828158 -0.013782227
28.268339310 0.997087664 -0.013194978 0.073841984 -0.013763887
28.288400920 0.997088637 -0.013190145 0.073833675 -0.013742594
28.308639630 0.997088840 -0.013211222 0.073824584 -0.013756466
28.328798812 0.997087940 -0.013210718 0.073832285 -0.013780773
28.349073484 0.997086951 -0.013211582 0.073845623 -0.013780051
28.369188406 0.997087625 -0.013242081 0.073832201 -0.013773964
28.389332993 0.997087342 -0.013225934 0.073837989 -0.013778943
28.409564032 0.997086133 -0.013240641 0.073852484 -0.013774578
28.429661229 0.997085770 -0.013243691 0.073860344 -0.013755755
28.450272489 0.997084944 -0.013230269 0.073869333 -0.013780248
28.470291390 0.997086046 -0.013213263 0.073860732 -0.013762970
28.490365253 0.997085676 -0.013212680 0.073865543 -0.013764471
28.510522029 0.997084623 -0.013225743 0.073878942 -0.013756324
28.530555356 0.997084913 -0.013219677 0.073875059 -0.013761968
28.550750939 0.997084986 -0.013211134 0.073878312 -0.013747429
28.570894698 0.997085019 -0.013207953 0.073883393 -0.013720762
28.591062216 0.997086848 -0.013187429 0.073859640 -0.013735467
28.611529561 0.997087692 -0.013187587 0.073845695 -0.013749015
28.631404392 0.997087490 -0.013191705 0.073848749 -0.013743318
28.651772095 0.997086928 -0.013193270 0.073859613 -0.013724150
28.671964571 0.997087185 -0.013191020 0.073858165 -0.013715495
28.692108035 0.997088243 -0.013193220 0.073844987 -0.013707364
28.712104901 0.997088330 -0.013203314 0.073842696 -0.013703677
28.732340118 0.997088235 -0.013201172 0.073844319 -0.013703906
28.752454883 0.997088560 -0.013203350 0.073838723 -0.013708341
28.772789234 0.997089034 -0.013220830 0.073829006 -0.013709341
28.792921573 0.997089276 -0.013223906 0.073820975 -0.013731965
28.813065987 0.997089309 -0.013218019 0.073819884 -0.013741128
28.833483361 0.997089055 -0.013218781 0.073826901 -0.013721078
28.853384670 0.997089081 -0.013233845 0.073820800 -0.013737506
28.873650248 0.997089371 -0.013214539 0.073822096 -0.013728102
28.893845002 0.997089250 -0.013220798 0.073823512 -0.013723217
28.913926620 0.997089073 -0.013213966 0.073826976 -0.013724066
28.934085730 0.997089574 -0.013213774 0.073819479 -0.013728133
28.954251982 0.997088229 -0.013230706 0.073829614 -0.013755011
28.974620325 0.997088640 -0.013240225 0.073826138 -0.013734693
28.994857152 0.997088698 -0.013254510 0.073824127 -0.013727499
29.015018232 0.997088153 -0.013275986 0.073823684 -0.013748726
29.035055734 0.997088188 -0.013286020 0.073822525 -0.013742681
29.055451239 0.997087622 -0.013290463 0.073829278 -0.013743221
29.075514298 0.997087436 -0.013275219 0.073830495 -0.013764837
29.095537858 0.997086959 -0.013274646 0.073837589 -0.013761897
29.115645782 0.997087283 -0.013259328 0.073841810 -0.013730508
29.135867575 0.997085634 -0.013278617 0.073858318 -0.013742833
29.156160182 0.997084977 -0.013275628 0.073865157 -0.013756608
29.176333166 0.997083482 -0.013276346 0.073886655 -0.013748849
29.196520156 0.997083628 -0.013272664 0.073884825 -0.013751653
29.216970326 0.997083284 -0.013285199 0.073887583 -0.013749649
29.236794615 0.997083723 -0.013287474 0.073883089 -0.013739761
29.257086062 0.997083834 -0.013304651 0.073876634 -0.013749785
29.277161503 0.997084766 -0.013320059 0.073868044 -0.013713438
29.297306018 0.997084657 -0.013323732 0.073867886 -0.013718620
29.317551454 0.997084034 -0.013328594 0.073871955 -0.013737259
29.337647111 0.997083501 -0.013334746 0.073878918 -0.013732514
29.357866705 0.997083083 -0.013339934 0.073883537 -0.013732972
29.378196295 0.997082763 -0.013340719 0.073889003 -0.013726004
29.398340621 0.997082482 -0.013350874 0.073891165 -0.013724906
29.418481689 0.997083507 -0.013344253 0.073875447 -0.013741544
29.438751187 0.997084373 -0.013351465 0.073867632 -0.013713669
29.459333755 0.997084514 -0.013360075 0.073863442 -0.013717582
29.479065734 0.997084323 -0.013356957 0.073866076 -0.013720298
29.499070643 0.997083112 -0.013351266 0.073884253 -0.013715991
29.519233941 0.997083586 -0.013314171 0.073887248 -0.013701486
29.539363223 0.997083867 -0.013313842 0.073885680 -0.013689799
29.559685484 0.997084305 -0.013289276 0.073881418 -0.013704709
29.579934597 0.997083609 -0.013296299 0.073889080 -0.013707273
29.600102146 0.997083211 -0.013315158 0.073889292 -0.013716732
29.620222405 0.997083067 -0.013327061 0.073891837 -0.013701922
29.640332036 0.997082720 -0.013323556 0.073895878 -0.013708844
29.660551755 0.997082786 -0.013327523 0.073891954 -0.013721279
29.680657529 0.997083033 -0.013322168 0.073885944 -0.013740910
29.700845121 0.997082569 -0.013335330 0.073892394 -0.013727094
29.721018770 0.997083533 -0.013326019 0.073881520 -0.013724693
29.741236981 0.997082937 -0.013313018 0.073887575 -0.013747956
29.761557580 0.997082933 -0.013316896 0.073889619 -0.013733511
29.781876913 0.997083222 -0.013314731 0.073888472 -0.013720820
29.801739194 0.997083279 -0.013324292 0.073886607 -0.013717388
29.821968299 0.997084411 -0.013320694 0.073876002 -0.013695709
29.842042824 0.997084466 -0.013319788 0.073871919 -0.013714643
29.862302709 0.997086185 -0.013304402 0.073855281 -0.013694123
29.882477071 0.997086579 -0.013317829 0.073846885 -0.013697704
29.902622234 0.997086622 -0.013338174 0.073837193 -0.013727018
29.922807452 0.997086742 -0.013354577 0.073830101 -0.013740491
29.942979915 0.997086698 -0.013346690 0.073833644 -0.013732280
29.963200038 0.997086014 -0.013341023 0.073845966 -0.013721178
29.983318952 0.997085855 -0.013358953 0.073845635 -0.013717107
30.003918369 0.997086652 -0.013361113 0.073832494 -0.013727754
30.023675423 0.997087108 -0.013343336 0.073832201 -0.013713485
30.043892203 0.997086949 -0.013361363 0.073830862 -0.013714762
30.064123197 0.997086286 -0.013365631 0.073832996 -0.013747246
30.084175656 0.997086688 -0.013364784 0.073828424 -0.013743489
30.104439468 0.997086739 -0.013363027 0.073827823 -0.013744735
30.124627782 0.997086870 -0.013385253 0.073819718 -0.013757128
30.145033292 0.997086909 -0.013385384 0.073815639 -0.013776010
30.164912108 0.997086591 -0.013389161 0.073817128 -0.013787392
30.185149810 0.997086346 -0.013376973 0.073821022 -0.013796089
30.205400466 0.997085039 -0.013363708 0.073840126 -0.013801173
30.225487752 0.997085497 -0.013348311 0.073837029 -0.013799576
30.245824629 0.997085141 -0.013345560 0.073841942 -0.013801666
30.265824551 0.997083982 -0.013345948 0.073857082 -0.013803997
30.285972706 0.997083509 -0.013378114 0.073853406 -0.013826683
30.306133503 0.997085218 -0.013372370 0.073832132 -0.013822597
30.326306262 0.997084979 -0.013370722 0.073836142 -0.013819973
30.346500635 0.997085631 -0.013384933 0.073825220 -0.013817561
30.366711987 0.997086258 -0.013381554 0.073815005 -0.013830134
30.387052189 0.997086009 -0.013390393 0.073812952 -0.013850521
30.407115095 0.997087632 -0.013394602 0.073791602 -0.013843313
30.427327598 0.997087617 -0.013424893 0.073787105 -0.013839086
30.447498006 0.997089092 -0.013375731 0.073777253 -0.013832909
30.467629434 0.997088685 -0.013393467 0.073779409 -0.013833569
30.487754604 0.997088569 -0.013389872 0.073781176 -0.013835992
30.507959277 0.997086409 -0.013423429 0.073802896 -0.013843304
30.528220739 0.997086914 -0.013440370 0.073794775 -0.013833809
30.548272780 0.997087353 -0.013431173 0.073787400 -0.013850400
30.568502626 0.997088248 -0.013424758 0.073774907 -0.013858752
30.588836202 0.997087304 -0.013432037 0.073788337 -0.013848082
30.609066456 0.997087379 -0.013418322 0.073788955 -0.013852694
30.628945950 0.997087680 -0.013404269 0.073787834 -0.013850587
30.649141899 0.997088022 -0.013407489 0.073783447 -0.013846258
30.669328836 0.997086445 -0.013422584 0.073801231 -0.013850373
30.689549093 0.997086797 -0.013415446 0.073799907 -0.013839025
30.709734091 0.997088358 -0.013405072 0.073786620 -0.013807460
30.729927110 0.997087833 -0.013421526 0.073793804 -0.013790976
30.750154798 0.997088192 -0.013426127 0.073788099 -0.013791013
30.770191495 0.997087963 -0.013433388 0.073790698 -0.013786603
30.790424660 0.997087072 -0.013425660 0.073802731 -0.013794156
30.810729625 0.997085625 -0.013440874 0.073819832 -0.013792425
30.830948565 0.997085531 -0.013459293 0.073820543 -0.013777451
30.850940504 0.997085623 -0.013458938 0.073818161 -0.013783947
30.871104852 0.997086398 -0.013458074 0.073809047 -0.013777516
30.891588407 0.997087179 -0.013437366 0.073807956 -0.013746995
30.911928233 0.997086061 -0.013439304 0.073820146 -0.013760779
30.931709480 0.997086288 -0.013422086 0.073818824 -0.013768177
30.951970158 0.997085545 -0.013432634 0.073824316 -0.013782256
30.972119199 0.997085946 -0.013421890 0.073822806 -0.013771787
30.992356555 0.997085666 -0.013423205 0.073822921 -0.013790132
31.012358011 0.997086263 -0.013421810 0.073814544 -0.013793175
31.032697829 0.997085109 -0.013416863 0.073829980 -0.013798801
31.052793243 0.997085585 -0.013424149 0.073821985 -0.013800073
31.072909124 0.997085957 -0.013425195 0.073816878 -0.013799561
31.093098877 0.997085271 -0.013452158 0.073818420 -0.013814577
31.113246603 0.997086274 -0.013453863 0.073806171 -0.013806008
31.133447642 0.997087271 -0.013460826 0.073789602 -0.013815781
31.153834394 0.997087384 -0.013486308 0.073784750 -0.013808684
31.174098453 0.997088411 -0.013473546 0.073775559 -0.013796055
31.194056079 0.997086796 -0.013484083 0.073790728 -0.013821328
31.214205649 0.997087754 -0.013472662 0.073779607 -0.013822760
31.234388137 0.997088476 -0.013481913 0.073769670 -0.013814656
31.254489709 0.997088357 -0.013480915 0.073771033 -0.013816935
31.274629721 0.997089028 -0.013492252 0.073761323 -0.013809311
31.294994796 0.997089059 -0.013499438 0.073756673 -0.013824864
31.315018755 0.997088572 -0.013494668 0.073764906 -0.013820746
31.335196367 0.997089142 -0.013504767 0.073755452 -0.013820182
31.355431786 0.997090184 -0.013492759 0.073744526 -0.013815069
31.375886832 0.997089862 -0.013476290 0.073752678 -0.013810815
31.395814037 0.997088609 -0.013472470 0.073770725 -0.013808633
31.416114939 0.997088365 -0.013462217 0.073776296 -0.013806460
31.436103574 0.997088608 -0.013453392 0.073775666 -0.013800911
31.456266575 0.997087765 -0.013470220 0.073786024 -0.013790001
31.476573482 0.997088017 -0.013483921 0.073781399 -0.013783164
31.496638123 0.997088996 -0.013480005 0.073770417 -0.013774965
31.516794933 0.997089529 -0.013489865 0.073762649 -0.013768330
31.536931257 0.997088251 -0.013493885 0.073780188 -0.013762974
31.557439157 0.997087205 -0.013482477 0.073793511 -0.013778478
31.577413218 0.997087763 -0.013470487 0.073786281 -0.013788560
31.597584313 0.997087502 -0.013482098 0.073785904 -0.013798071
31.617815171 0.997087932 -0.013473505 0.073782993 -0.013790923
31.637844513 0.997088317 -0.013462240 0.073778423 -0.013798568
31.658204036 0.997087428 -0.013481858 0.073787325 -0.013796059
31.678359636 0.997086737 -0.013473911 0.073796246 -0.013806027
31.698365647 0.997087002 -0.013477359 0.073792630 -0.013802858
31.718576249 0.997086983 -0.013483828 0.073792695 -0.013797563
31.738770720 0.997087618 -0.013498930 0.073778404 -0.013813361
31.759173211 0.997088952 -0.013496452 0.073760868 -0.013813132
31.779177256 0.997089162 -0.013503335 0.073756546 -0.013814290
31.799308103 0.997089072 -0.013511281 0.073756877 -0.013811226
31.819454690 0.997088870 -0.013509371 0.073757022 -0.013826919
31.839622824 0.997090520 -0.013505802 0.073736035 -0.013823364
31.859872546 0.997091026 -0.013509254 0.073729771 -0.013816922
31.880002019 0.997092460 -0.013510744 0.073713660 -0.013797922
31.900197915 0.997092658 -0.013506073 0.073713230 -0.013790482
31.920427857 0.997093554 -0.013499638 0.073703221 -0.013785461
31.940579524 0.997093563 -0.013500405 0.073704448 -0.013777544
31.960757093 0.997094209 -0.013467133 0.073704872 -0.013761022
31.980938218 0.997094675 -0.013472775 0.073696082 -0.013768841
32.001088928 0.997094297 -0.013478694 0.073699143 -0.013774059
32.021229534 0.997094260 -0.013474570 0.073699282 -0.013780022
32.041439069 0.997094284 -0.013472613 0.073701910 -0.013766121
32.061605130 0.997093546 -0.013487265 0.073711757 -0.013752516
32.081766088 0.997093119 -0.013483114 0.073720249 -0.013741996
32.101945280 0.997092588 -0.013507953 0.073722609 -0.013743466
32.122140342 0.997091972 -0.013512474 0.073728480 -0.013752227
32.142303325 0.997093119 -0.013500963 0.073713044 -0.013763095
32.162519228 0.997092322 -0.013528638 0.073716460 -0.013775337
32.182903283 0.997091256 -0.013511074 0.073729280 -0.013801157
32.202997706 0.997091454 -0.013506093 0.073726926 -0.013804300
32.223079485 0.997090691 -0.013494167 0.073738656 -0.013808430
32.243275412 0.997090572 -0.013491589 0.073739961 -0.013812539
32.263375474 0.997090788 -0.013485091 0.073739223 -0.013807245
32.283565433 0.997090326 -0.013468457 0.073745476 -0.013823459
32.303748936 0.997089255 -0.013479113 0.073755729 -0.013835585
32.323895568 0.997089677 -0.013458086 0.073758198 -0.013812497
32.344163897 0.997089884 -0.013463351 0.073752380 -0.013823468
32.364255619 0.997090927 -0.013463398 0.073738253 -0.013823523
32.384694154 0.997090788 -0.013484373 0.073734878 -0.013831118
32.404704695 0.997090640 -0.013487291 0.073738741 -0.013818382
32.424730001 0.997091373 -0.013479692 0.073729575 -0.013821769
32.445117087 0.997090296 -0.013477462 0.073741897 -0.013835870
32.465091802 0.997088766 -0.013474651 0.073764299 -0.013829491
32.485299663 0.997087864 -0.013495008 0.073774059 -0.013822583
32.505631769 0.997089047 -0.013478271 0.073759937 -0.013828951
32.525659488 0.997090039 -0.013480566 0.073743087 -0.013845069
32.545874424 0.997091351 -0.013477947 0.073723995 -0.013854763
32.566023396 0.997091765 -0.013456294 0.073718166 -0.013877031
32.586318326 0.997091009 -0.013474682 0.073721900 -0.013893688
32.606399887 0.997090949 -0.013472713 0.073723293 -0.013892524
32.626533420 0.997090297 -0.013471895 0.073731534 -0.013896350
32.646767221 0.997091349 -0.013465300 0.073717488 -0.013901762
32.666991648 0.997091186 -0.013471612 0.073716354 -0.013913329
32.687091402 0.997090654 -0.013447978 0.073727560 -0.013914984
32.707238683 0.997089841 -0.013449417 0.073736444 -0.013924747
32.727678657 0.997089186 -0.013461791 0.073744119 -0.013919075
32.747910037 0.997090187 -0.013455543 0.073734038 -0.013906777
32.767842462 0.997090781 -0.013453144 0.073730794 -0.013883685
32.788113799 0.997090187 -0.013450325 0.073742545 -0.013866654
32.808131076 0.997090194 -0.013460737 0.073742977 -0.013853779
32.828596313 0.997089911 -0.013458806 0.073741198 -0.013885440
32.848633881 0.997090124 -0.013456957 0.073737478 -0.013891661
32.868686832 0.997090809 -0.013439362 0.073733480 -0.013880766
32.888816129 0.997091470 -0.013443990 0.073725471 -0.013871344
32.909032138 0.997092188 -0.013438272 0.073719239 -0.013858373
32.929690616 0.997092391 -0.013452331 0.073716433 -0.013845045
32.949431489 0.997092002 -0.013460709 0.073717644 -0.013858497
32.969827391 0.997091085 -0.013444008 0.073731567 -0.013866634
32.989743851 0.997090570 -0.013446775 0.073738323 -0.013865041
33.009916940 0.997091484 -0.013435539 0.073729745 -0.013855805
33.030082055 0.997090450 -0.013435073 0.073740700 -0.013872348
33.050225391 0.997091519 -0.013430567 0.073730616 -0.013853469
33.070509462 0.997091770 -0.013438908 0.073723468 -0.013865339
33.090691157 0.997091644 -0.013439782 0.073727054 -0.013854539
33.110889266 0.997092184 -0.013439781 0.073718493 -0.013861221
33.131205973 0.997093323 -0.013421414 0.073707497 -0.013855548
33.151220684 0.997093135 -0.013400302 0.073714466 -0.013852412
33.171539466 0.997092162 -0.013386505 0.073730039 -0.013852928
33.191493898 0.997092450 -0.013387803 0.073724403 -0.013860927
33.211798862 0.997092730 -0.013383507 0.073720090 -0.013867871
33.231849339 0.997093720 -0.013375010 0.073711792 -0.013848948
33.252037264 0.997094995 -0.013372256 0.073695714 -0.013845401
33.272183718 0.997094122 -0.013397123 0.073703939 -0.013840469
33.292408310 0.997093475 -0.013364034 0.073719245 -0.013837551
33.312572044 0.997093431 -0.013393772 0.073714254 -0.013838543
33.333003886 0.997092399 -0.013411694 0.073722599 -0.013851088
33.353082538 0.997092539 -0.013412227 0.073721332 -0.013847227
33.373177145 0.997092640 -0.013418409 0.073720420 -0.013838803
33.393394642 0.997092015 -0.013438028 0.073721715 -0.013857946
33.413444818 0.997092385 -0.013436147 0.073717792 -0.013853957
33.433656804 0.997092349 -0.013442916 0.073720864 -0.013833611
33.453824186 0.997093490 -0.013437313 0.073704951 -0.013841637
33.474198053 0.997094800 -0.013424702 0.073691332 -0.013832020
33.494289255 0.997096344 -0.013418237 0.073675490 -0.013811392
33.514558693 0.997095993 -0.013434870 0.073676964 -0.013812683
33.534602327 0.997094947 -0.013468417 0.073678648 -0.013846479
33.554669034 0.997095099 -0.013460250 0.073678368 -0.013844973
33.575466007 0.997093638 -0.013474290 0.073695713 -0.013844209
33.595113277 0.997093523 -0.013476566 0.073695534 -0.013851262
33.615246658 0.997093689 -0.013472465 0.073697925 -0.013830546
33.635420213 0.997093180 -0.013475896 0.073701111 -0.013846910
33.655634610 0.997093872 -0.013477999 0.073689516 -0.013856720
33.675809892 0.997094237 -0.013456692 0.073691806 -0.013838961
33.696058577 0.997094368 -0.013436060 0.073694393 -0.013835798
33.716111026 0.997095425 -0.013441760 0.073680023 -0.013830628
33.736335332 0.997096142 -0.013441927 0.073668606 -0.013839589
33.756546143 0.997096325 -0.013425287 0.073670175 -0.013834244
33.776691957 0.997095895 -0.013426337 0.073675510 -0.013835768
33.796833290 0.997096808 -0.013417309 0.073666736 -0.013825452
33.816998713 0.997095901 -0.013421599 0.073679460 -0.013818932
33.837244198 0.997094699 -0.013418614 0.073696928 -0.013815417
33.857537358 0.997095274 -0.013418123 0.073691454 -0.013803541
33.877730782 0.997095136 -0.013418886 0.073695203 -0.013792762
33.897955071 0.997096035 -0.013414278 0.073686210 -0.013780334
33.918021701 0.997096049 -0.013409196 0.073684721 -0.013792213
33.938150706 0.997096755 -0.013390536 0.073682070 -0.013773447
33.958530918 0.997097761 -0.013399736 0.073669693 -0.013757878
33.978437413 0.997098383 -0.013404346 0.073660243 -0.013758859
33.998635388 0.997097628 -0.013412812 0.073667591 -0.013765966
34.018773117 0.997098560 -0.013419210 0.073653338 -0.013768492
34.038950093 0.997098809 -0.013410008 0.073650919 -0.013772385
34.059146980 0.997099037 -0.013432197 0.073641780 -0.013783155
34.079750794 0.997098180 -0.013433434 0.073654721 -0.013774804
34.099963545 0.997097415 -0.013425263 0.073667433 -0.013770144
34.119840404 0.997098526 -0.013392954 0.073660505 -0.013758232
34.139894261 0.997098918 -0.013411023 0.073652706 -0.013753954
34.160143266 0.997099123 -0.013413003 0.073651836 -0.013741791
34.180153495 0.997099699 -0.013439828 0.073640462 -0.013734750
34.200411936 0.997099772 -0.013421848 0.073640243 -0.013748198
34.220567564 0.997099763 -0.013418746 0.073636033 -0.013774408
34.240849293 0.997098898 -0.013437274 0.073644360 -0.013774451
34.261048813 0.997099979 -0.013437739 0.073633719 -0.013752640
34.281105663 0.997099236 -0.013444582 0.073640926 -0.013761198
34.301315252 0.997099359 -0.013451724 0.073640573 -0.013747221
34.321395044 0.997099117 -0.013442692 0.073646918 -0.013739627
34.341643325 0.997100285 -0.013439530 0.073632444 -0.013735468
34.361880233 0.997100764 -0.013439334 0.073624536 -0.013743310
34.382042583 0.997102320 -0.013435536 0.073603510 -0.013746734
34.402143298 0.997103233 -0.013432743 0.073598399 -0.013710566
34.422394617 0.997103503 -0.013414831 0.073599484 -0.013702614
34.442541625 0.997103738 -0.013411848 0.073597768 -0.013697716
34.462883626 0.997103908 -0.013383140 0.073602913 -0.013685738
34.483270882 0.997103236 -0.013393087 0.073608529 -0.013694731
34.503184145 0.997103094 -0.013403016 0.073610016 -0.013687391
34.523446138 0.997102502 -0.013402879 0.073619112 -0.013681755
34.543601477 0.997101043 -0.013387930 0.073635329 -0.013715382
34.563695822 0.997100857 -0.013380155 0.073633543 -0.013746032
34.583754287 0.997101783 -0.013375016 0.073622610 -0.013742455
34.603978026 0.997101576 -0.013379942 0.073624981 -0.013739959
34.624127086 0.997102010 -0.013392554 0.073616454 -0.013741870
34.644440932 0.997101517 -0.013409129 0.073617872 -0.013753835
34.664637669 0.997100844 -0.013418586 0.073624670 -0.013757057
34.684979465 0.997100516 -0.013422761 0.073626035 -0.013769442
34.704889606 0.997100705 -0.013419538 0.073622757 -0.013776387
34.725001034 0.997100930 -0.013409027 0.073622553 -0.013771478
34.745123547 0.997100736 -0.013425066 0.073621625 -0.013774827
34.765353099 0.997100011 -0.013434814 0.073628201 -0.013782631
34.785522286 0.997099445 -0.013434499 0.073635519 -0.013784820
34.805681088 0.997100802 -0.013432330 0.073615750 -0.013794344
34.825861980 0.997100094 -0.013435539 0.073624895 -0.013793610
34.846024388 0.997100116 -0.013448699 0.073619443 -0.013808286
34.866404246 0.997100051 -0.013455480 0.073621133 -0.013797384
34.886645661 0.997101796 -0.013447954 0.073598042 -0.013801782
34.906691656 0.997100851 -0.013443159 0.073612151 -0.013799484
34.926873727 0.997100537 -0.013455024 0.073615798 -0.013791127
34.946969642 0.997100508 -0.013455456 0.073615054 -0.013796817
34.967143210 0.997100318 -0.013465302 0.073618806 -0.013780859
34.987282112 0.997098276 -0.013457907 0.073647268 -0.013783761
35.007475273 0.997098353 -0.013444271 0.073649553 -0.013779294
35.027644102 0.997098868 -0.013441039 0.073637332 -0.013810458
35.047889431 0.997099172 -0.013430078 0.073635455 -0.013809218
35.068165471 0.997099865 -0.013421014 0.073629861 -0.013797770
35.088348217 0.997099469 -0.013418067 0.073637430 -0.013788905
35.108420436 0.997098752 -0.013428639 0.073648195 -0.013772974
35.128551304 0.997099178 -0.013430357 0.073640605 -0.013780976
35.148714634 0.997099252 -0.013419530 0.073641157 -0.013783232
35.168923387 0.997099265 -0.013420066 0.073640206 -0.013786831
35.189086829 0.997100235 -0.013417163 0.073631806 -0.013764414
35.209192663 0.997100763 -0.013402920 0.073624987 -0.013776488
35.229470386 0.997101257 -0.013402670 0.073618578 -0.013775259
35.249724831 0.997100878 -0.013414710 0.073616534 -0.013801818
35.269782178 0.997101412 -0.013428913 0.073602787 -0.013822730
35.290049628 0.997101704 -0.013440585 0.073597276 -0.013819690
35.310339215 0.997102191 -0.013435558 0.073591763 -0.013818803
35.330410455 0.997101441 -0.013439010 0.073601827 -0.013815971
35.350648338 0.997101359 -0.013450479 0.073602472 -0.013807260
35.370799652 0.997101677 -0.013448248 0.073601174 -0.013793375
35.391054365 0.997100937 -0.013442708 0.073612812 -0.013790202
35.411367153 0.997101439 -0.013441926 0.073606160 -0.013790131
35.431203213 0.997101152 -0.013438972 0.073608470 -0.013801425
35.451505957 0.997102138 -0.013425542 0.073601020 -0.013782979
35.471737783 0.997102248 -0.013431527 0.073594052 -0.013806432
35.491768222 0.997102569 -0.013426408 0.073594795 -0.013784210
35.512090751 0.997101859 -0.013446847 0.073602430 -0.013774880
35.532144552 0.997101430 -0.013441165 0.073608001 -0.013781740
35.552197686 0.997101873 -0.013437417 0.073602006 -0.013785350
35.572374036 0.997101423 -0.013422799 0.073614774 -0.013763965
35.592622861 0.997101785 -0.013436916 0.073602384 -0.013790178
35.612806106 0.997101349 -0.013430216 0.073609174 -0.013791987
35.632976344 0.997101022 -0.013447569 0.073614477 -0.013770381
35.653126047 0.997101571 -0.013451576 0.073607432 -0.013764348
35.673395763 0.997100571 -0.013465409 0.073617986 -0.013766850
35.693639788 0.997099675 -0.013475653 0.073626702 -0.013775075
35.713658911 0.997098497 -0.013499113 0.073635957 -0.013787958
35.734042819 0.997098225 -0.013491588 0.073641663 -0.013784488
35.754051293 0.997098144 -0.013488081 0.073643227 -0.013785398
35.774250063 0.997097444 -0.013504085 0.073654175 -0.013761888
35.794564016 0.997097442 -0.013516489 0.073655717 -0.013741569
35.814548627 0.997098630 -0.013498833 0.073641566 -0.013748562
35.834735542 0.997099062 -0.013505089 0.073632588 -0.013759163
35.854993814 0.997098218 -0.013517117 0.073641202 -0.013762447
35.875244590 0.997098469 -0.013514071 0.073638915 -0.013759453
35.895695079 0.997099337 -0.013509354 0.073629815 -0.013749883
35.915426755 0.997100361 -0.013506833 0.073614433 -0.013760466
35.935569770 0.997099715 -0.013512054 0.073622131 -0.013760943
35.955865163 0.997099206 -0.013503737 0.073630173 -0.013762983
35.976010642 0.997100235 -0.013495382 0.073621938 -0.013740643
35.996152433 0.997100444 -0.013475772 0.073618639 -0.013762447
36.016483097 0.997100197 -0.013490369 0.073619694 -0.013760352
36.036502776 0.997100187 -0.013484287 0.073623995 -0.013744016
36.057082435 0.997100575 -0.013482656 0.073618700 -0.013745863
36.076982461 0.997100764 -0.013491394 0.073612470 -0.013756937
36.097156860 0.997101584 -0.013473438 0.073602529 -0.013768247
36.117446896 0.997102794 -0.013444949 0.073592590 -0.013761608
36.137529623 0.997103137 -0.013440223 0.073589383 -0.013758559
36.157720827 0.997102157 -0.013448294 0.073600839 -0.013760388
36.177993907 0.997101630 -0.013461519 0.073607346 -0.013750852
36.197921199 0.997102898 -0.013438329 0.073592651 -0.013760250
36.218087148 0.997103808 -0.013424097 0.073586657 -0.013740220
36.238350028 0.997103582 -0.013438942 0.073586750 -0.013741601
36.258549472 0.997102677 -0.013439471 0.073601376 -0.013728409
36.278853286 0.997101870 -0.013445588 0.073612401 -0.013721936
36.298904511 0.997102404 -0.013457797 0.073601749 -0.013728271
36.319133102 0.997102519 -0.013441746 0.073602942 -0.013729270
36.339161952 0.997103470 -0.013437708 0.073590968 -0.013728312
36.359346201 0.997104798 -0.013440139 0.073571576 -0.013733452
36.379660450 0.997105097 -0.013462531 0.073561968 -0.013741252
36.399810503 0.997105129 -0.013456591 0.073562609 -0.013741304
36.420001702 0.997105447 -0.013445315 0.073564192 -0.013720829
36.440030317 0.997106682 -0.013430139 0.073551173 -0.013715708
36.460409536 0.997106655 -0.013433884 0.073548649 -0.013727533
36.480449612 0.997105871 -0.013424598 0.073557290 -0.013747243
36.500685962 0.997106531 -0.013432912 0.073547537 -0.013743466
36.520768866 0.997106311 -0.013426469 0.073552185 -0.013740818
36.541104966 0.997105625 -0.013429497 0.073563647 -0.013726297
36.561286212 0.997106061 -0.013437965 0.073554999 -0.013732638
36.581367660 0.997107324 -0.013400929 0.073543592 -0.013738262
36.601433808 0.997107881 -0.013391865 0.073537105 -0.013741395
36.621666182 0.997107899 -0.013363207 0.073542811 -0.013737458
36.641830763 0.997108893 -0.013355464 0.073527966 -0.013752299
36.662173157 0.997108154 -0.013339224 0.073539340 -0.013760786
36.682364064 0.997108482 -0.013341518 0.073533627 -0.013765336
36.702399413 0.997108173 -0.013336967 0.073538933 -0.013763760
36.722553549 0.997108372 -0.013336903 0.073536366 -0.013763148
36.742729748 0.997108600 -0.013355611 0.073529776 -0.013763696
36.762849008 0.997109052 -0.013338249 0.073528377 -0.013755257
36.783098873 0.997109851 -0.013330361 0.073523008 -0.013733680
36.803247357 0.997109361 -0.013334823 0.073526225 -0.013747710
36.823426344 0.997108522 -0.013359510 0.073530927 -0.013759398
36.843868031 0.997108702 -0.013356617 0.073530795 -0.013749894
36.863868182 0.997109623 -0.013358467 0.073521153 -0.013732838
36.883923719 0.997109597 -0.013365386 0.073515733 -0.013756967
36.904236141 0.997109100 -0.013368392 0.073523871 -0.013746568
36.924258844 0.997109726 -0.013365776 0.073514687 -0.013752843
36.944465145 0.997109700 -0.013392495 0.073514745 -0.013728438
36.964710944 0.997109468 -0.013406275 0.073515758 -0.013726413
36.984848800 0.997109280 -0.013408417 0.073514399 -0.013745256
37.005034493 0.997109050 -0.013384634 0.073522552 -0.013741473
37.025180666 0.997109182 -0.013367712 0.073524364 -0.013738659
37.045389580 0.997108848 -0.013365779 0.073529973 -0.013734769
37.065555313 0.997108962 -0.013379277 0.073525939 -0.013734973
37.085810744 0.997109847 -0.013364803 0.073515939 -0.013738305
37.105933919 0.997110301 -0.013359149 0.073512402 -0.013729829
37.126165587 0.997110477 -0.013347526 0.073512551 -0.013727551
37.146271471 0.997110347 -0.013332206 0.073518971 -0.013717443
37.166483532 0.997109935 -0.013346082 0.073520969 -0.013723238
37.186698618 0.997110450 -0.013349255 0.073517421 -0.013701732
37.206804146 0.997111242 -0.013331614 0.073509220 -0.013705258
37.227190462 0.997111304 -0.013348849 0.073508015 -0.013690388
37.247208869 0.997111406 -0.013354931 0.073507493 -0.013679822
37.267500295 0.997110543 -0.013355663 0.073516478 -0.013693737
37.287584525 0.997110905 -0.013345200 0.073516560 -0.013677155
37.307667057 0.997110545 -0.013339008 0.073520553 -0.013687943
37.328176504 0.997109733 -0.013334503 0.073535583 -0.013670767
37.348012792 0.997109884 -0.013347705 0.073530365 -0.013674908
37.368169610 0.997110834 -0.013356309 0.073519354 -0.013656431
37.388385000 0.997111022 -0.013373242 0.073514003 -0.013654969
37.408617574 0.997111226 -0.013390222 0.073509214 -0.013649202
37.428908455 0.997111310 -0.013391463 0.073507951 -0.013648638
37.449043928 0.997111074 -0.013363798 0.073518403 -0.013636680
37.469444903 0.997111353 -0.013359874 0.073516733 -0.013629107
37.489234778 0.997110908 -0.013346382 0.073526617 -0.013621593
37.509463562 0.997112924 -0.013348371 0.073498814 -0.013622096
37.529666061 0.997111567 -0.013366339 0.073515305 -0.013614817
37.549788932 0.997110751 -0.013361505 0.073524543 -0.013629465
37.569998345 0.997110514 -0.013363869 0.073530215 -0.013613832
37.590199992 0.997110287 -0.013367855 0.073532208 -0.013615821
37.610350901 0.997111108 -0.013374724 0.073519543 -0.013617364
37.630790649 0.997111903 -0.013377590 0.073507972 -0.013618810
37.650859408 0.997112068 -0.013352048 0.073511003 -0.013615381
37.670939551 0.997112355 -0.013334780 0.073506641 -0.013634867
37.691054885 0.997113114 -0.013331973 0.073498949 -0.013623542
37.711343224 0.997111709 -0.013351496 0.073514887 -0.013621252
37.731417676 0.997110957 -0.013353502 0.073521207 -0.013640243
37.751601928 0.997111092 -0.013338867 0.073521177 -0.013644804
37.771778640 0.997110714 -0.013340984 0.073527362 -0.013637046
37.791972130 0.997110873 -0.013321362 0.073529883 -0.013630994
37.812202996 0.997110140 -0.013341067 0.073533326 -0.013646754
37.832316053 0.997110112 -0.013328688 0.073532705 -0.013664239
37.852458265 0.997110008 -0.013329593 0.073537439 -0.013645507
37.872692836 0.997109463 -0.013338118 0.073544385 -0.013639502
37.892806892 0.997108882 -0.013352011 0.073549467 -0.013641033
37.913002123 0.997108222 -0.013353016 0.073553949 -0.013664073
37.933169909 0.997109057 -0.013346657 0.073545032 -0.013657378
37.953327409 0.997108874 -0.013327443 0.073550988 -0.013657377
37.973628088 0.997108973 -0.013309523 0.073549919 -0.013673424
37.993771330 0.997108542 -0.013304082 0.073557111 -0.013671410
38.013999022 0.997109501 -0.013279286 0.073551630 -0.013655053
38.034085022 0.997110239 -0.013276666 0.073543153 -0.013649384
38.054211863 0.997109155 -0.013286340 0.073553200 -0.013665011
38.074955111 0.997108992 -0.013281977 0.073555848 -0.013666933
38.094701963 0.997108864 -0.013270357 0.073560535 -0.013662288
38.114812967 0.997108081 -0.013283065 0.073565129 -0.013682369
38.135007405 0.997108078 -0.013286503 0.073564356 -0.013683384
38.155082648 0.997107034 -0.013295742 0.073575369 -0.013691283
38.175489923 0.997106203 -0.013307809 0.073581965 -0.013704605
38.195705048 0.997105470 -0.013296302 0.073594204 -0.013703383
38.215700147 0.997106324 -0.013309840 0.073579337 -0.013707946
38.235853014 0.997106001 -0.013289207 0.073586657 -0.013712185
38.256098711 0.997106215 -0.013278693 0.073588691 -0.013695849
38.276198646 0.997106622 -0.013279807 0.073581639 -0.013703067
38.296386631 0.997107178 -0.013249528 0.073579605 -0.013702794
38.316577299 0.997106843 -0.013255047 0.073583897 -0.013698840
38.336749586 0.997106839 -0.013252585 0.073586406 -0.013688037
38.357025677 0.997106009 -0.013255582 0.073593217 -0.013708894
38.377104406 0.997106010 -0.013267687 0.073592414 -0.013701466
38.397557684 0.997105432 -0.013247617 0.073603689 -0.013702396
38.417488602 0.997105466 -0.013246894 0.073602006 -0.013709621
38.437682164 0.997104467 -0.013259341 0.073611735 -0.013718057
38.457980716 0.997104414 -0.013260371 0.073613620 -0.013710771
38.477971207 0.997104195 -0.013261711 0.073616372 -0.013710606
38.498132634 0.997103690 -0.013273590 0.073619199 -0.013720700
38.518293967 0.997103392 -0.013262634 0.073625500 -0.013719114
38.538539049 0.997104123 -0.013245139 0.073623488 -0.013693663
38.558720831 0.997103353 -0.013240586 0.073633215 -0.013701799
38.578997582 0.997102355 -0.013244431 0.073639912 -0.013734678
38.599227202 0.997101784 -0.013250666 0.073646941 -0.013732483
38.619188703 0.997102545 -0.013248798 0.073639317 -0.013719912
38.639485625 0.997101661 -0.013262696 0.073642759 -0.013752200
38.659588897 0.997101861 -0.013265298 0.073639660 -0.013751767
38.679751978 0.997102520 -0.013270842 0.073632344 -0.013737772
38.699904985 0.997102157 -0.013257403 0.073642160 -0.013724495
38.720090720 0.997102624 -0.013258819 0.073636157 -0.013721400
38.740342532 0.997101945 -0.013270492 0.073641459 -0.013731005
38.760615875 0.997101745 -0.013263410 0.073650222 -0.013705340
38.780813331 0.997100663 -0.013252234 0.073668671 -0.013695704
38.801097397 0.997101014 -0.013227192 0.073667153 -0.013702532
38.821028608 0.997101386 -0.013232151 0.073662220 -0.013697182
38.841125208 0.997102115 -0.013237033 0.073652566 -0.013691354
38.861324240 0.997102402 -0.013237518 0.073649039 -0.013688951
38.881553940 0.997102666 -0.013240988 0.073644063 -0.013693150
38.901685400 0.997101094 -0.013248419 0.073660914 -0.013709796
38.921856864 0.997100982 -0.013232982 0.073666079 -0.013705025
38.942023391 0.997101514 -0.013225276 0.073659703 -0.013708036
38.962260179 0.997102194 -0.013235232 0.073651401 -0.013693630
38.982669086 0.997102999 -0.013210272 0.073646661 -0.013684575
39.002679901 0.997102233 -0.013219061 0.073655383 -0.013684986
39.022796313 0.997101326 -0.013196793 0.073670991 -0.013688544
39.043149874 0.997101222 -0.013184473 0.073673144 -0.013696364
39.063098707 0.997102709 -0.013153730 0.073662781 -0.013673364
39.083278214 0.997101901 -0.013155528 0.073675537 -0.013661824
39.103458598 0.997102914 -0.013179004 0.073658086 -0.013659369
39.123750968 0.997104401 -0.013170440 0.073640581 -0.013653480
39.143933458 0.997105420 -0.013157775 0.073632483 -0.013634977
39.164071693 0.997106301 -0.013167147 0.073621759 -0.013619345
39.184294835 0.997106945 -0.013144588 0.073619020 -0.013608824
39.204405294 0.997108182 -0.013146801 0.073598797 -0.013625407
39.224596809 0.997107737 -0.013174691 0.073601715 -0.013615277
39.244806021 0.997108035 -0.013155456 0.073602493 -0.013607869
39.264893308 0.997108012 -0.013158288 0.073601882 -0.013610101
39.285066865 0.997107373 -0.013135521 0.073615779 -0.013603713
39.305272886 0.997107372 -0.013151959 0.073614195 -0.013596502
39.325439075 0.997107158 -0.013142849 0.073619968 -0.013589734
39.345724712 0.997107054 -0.013142350 0.073625144 -0.013569809
39.366035914 0.997106625 -0.013158271 0.073627471 -0.013573277
39.385947916 0.997107387 -0.013183764 0.073612119 -0.013575821
39.406128703 0.997107867 -0.013182341 0.073603300 -0.013589777
39.426469178 0.997107210 -0.013194548 0.073610852 -0.013585210
39.446562323 0.997107213 -0.013188309 0.073610622 -0.013592275
39.466698841 0.997106694 -0.013210464 0.073612712 -0.013597546
39.486833766 0.997105837 -0.013223816 0.073621626 -0.013599166
39.507132309 0.997105828 -0.013229626 0.073618779 -0.013609530
39.527282240 0.997106143 -0.013232419 0.073614808 -0.013605238
39.547511262 0.997105850 -0.013230714 0.073623230 -0.013582769
39.567674970 0.997105855 -0.013195480 0.073629958 -0.013580243
39.587848269 0.997106185 -0.013195325 0.073629341 -0.013559448
39.607878797 0.997105981 -0.013184069 0.073633785 -0.013561300
39.628161433 0.997105728 -0.013171243 0.073638668 -0.013565834
39.648219627 0.997105652 -0.013168588 0.073640103 -0.013566222
39.668465502 0.997105114 -0.013178540 0.073645081 -0.013569105
39.688615697 0.997105035 -0.013168653 0.073645959 -0.013579729
39.708814130 0.997106634 -0.013159020 0.073627055 -0.013574135
39.728980952 0.997106559 -0.013165879 0.073624578 -0.013586458
39.749323761 0.997104972 -0.013199575 0.073637278 -0.013601347
39.769455674 0.997104355 -0.013208970 0.073645474 -0.013593103
39.789468453 0.997104831 -0.013208882 0.073636681 -0.013605868
39.810073621 0.997104636 -0.013194392 0.073637828 -0.013628038
39.829831634 0.997104833 -0.013193688 0.073635021 -0.013629475
39.850009335 0.997105167 -0.013174596 0.073634283 -0.013627482
39.870146417 0.997105156 -0.013190718 0.073635339 -0.013606987
39.890412699 0.997106870 -0.013194031 0.073611753 -0.013605804
39.910560385 0.997107685 -0.013203722 0.073598493 -0.013608388
39.930700272 0.997107151 -0.013209276 0.073610286 -0.013578285
39.951174850 0.997107158 -0.013218651 0.073614011 -0.013548441
39.971110563 0.997107343 -0.013212504 0.073611298 -0.013555577
39.991285653 0.997107614 -0.013196616 0.073611395 -0.013550552
40.011548522 0.997106409 -0.013202484 0.073624857 -0.013560382
40.031623595 0.997106661 -0.013202981 0.073622441 -0.013554512
40.051821520 0.997106942 -0.013224748 0.073618999 -0.013531233
40.071965885 0.997106256 -0.013241966 0.073624011 -0.013537696
40.092089189 0.997107322 -0.013232342 0.073612713 -0.013530065
40.112309750 0.997106291 -0.013233947 0.073621355 -0.013557366
40.133015705 0.997106803 -0.013228929 0.073616041 -0.013553489
40.152714336 0.997106209 -0.013223464 0.073619849 -0.013581796
40.172874870 0.997107101 -0.013204375 0.073610815 -0.013583842
40.193043696 0.997107183 -0.013208043 0.073609057 -0.013583783
40.213194464 0.997107347 -0.013181333 0.073615309 -0.013563849
40.233403978 0.997106980 -0.013189929 0.073616652 -0.013575128
40.253586988 0.997107963 -0.013190262 0.073601558 -0.013584500
40.273968593 0.997107447 -0.013189488 0.073608931 -0.013583130
40.294020887 0.997107064 -0.013204290 0.073610684 -0.013587351
40.314145964 0.997106934 -0.013207645 0.073617939 -0.013554295
40.334246906 0.997106590 -0.013204813 0.073623648 -0.013551357
40.354501816 0.997106710 -0.013210552 0.073616122 -0.013577829
40.374672419 0.997107582 -0.013234476 0.073598077 -0.013588287
40.394921699 0.997107985 -0.013219569 0.073593480 -0.013598096
40.415010478 0.997107928 -0.013209622 0.073594424 -0.013606893
40.435134288 0.997108215 -0.013186787 0.073593309 -0.013613972
40.455572628 0.997108911 -0.013169938 0.073586209 -0.013617721
40.475683991 0.997109548 -0.013159143 0.073580459 -0.013612557
40.495710392 0.997108712 -0.013167058 0.073589808 -0.013615631
40.515896382 0.997109682 -0.013170122 0.073573683 -0.013628765
40.536063987 0.997109399 -0.013190236 0.073572476 -0.013636561
40.556199047 0.997109664 -0.013189927 0.073569973 -0.013630960
40.576385315 0.997109936 -0.013192836 0.073567661 -0.013620700
40.596598050 0.997109580 -0.013213747 0.073566981 -0.013630164
40.617129509 0.997110624 -0.013198887 0.073555360 -0.013630891
40.637243832 0.997110819 -0.013190352 0.073554746 -0.013628201
40.657344501 0.997111885 -0.013185953 0.073539982 -0.013634148
40.677447838 0.997112613 -0.013150640 0.073533716 -0.013648818
40.697526142 0.997112429 -0.013147017 0.073539120 -0.013636641
40.717720617 0.997111458 -0.013147438 0.073549059 -0.013653577
40.737834600 0.997111148 -0.013160757 0.073551857 -0.013648339
40.758070517 0.997111555 -0.013158118 0.073546031 -0.013652537
40.778327209 0.997112993 -0.013130935 0.073532082 -0.013648813
40.798381079 0.997112769 -0.013137094 0.073533059 -0.013653977
40.818554597 0.997112515 -0.013134299 0.073536225 -0.013658168
40.838759098 0.997113015 -0.013126727 0.073531675 -0.013653493
40.859034695 0.997113185 -0.013127570 0.073524577 -0.013678445
40.879252202 0.997113673 -0.013143205 0.073514429 -0.013682386
40.899409112 0.997113179 -0.013131166 0.073520665 -0.013696453
40.919825877 0.997114593 -0.013133746 0.073501008 -0.013696514
40.939688597 0.997114736 -0.013131030 0.073499673 -0.013695883
40.959865137 0.997114518 -0.013138620 0.073502076 -0.013691552
40.979993641 0.997113244 -0.013150879 0.073515608 -0.013699932
41.000126246 0.997113065 -0.013153435 0.073511749 -0.013731217
41.020338415 0.997113286 -0.013164412 0.073507767 -0.013725919
41.040495790 0.997113062 -0.013155049 0.073516589 -0.013703900
41.060843513 0.997112382 -0.013171115 0.073525183 -0.013691820
41.081288261 0.997113387 -0.013149730 0.073513065 -0.013704248
41.101109714 0.997113810 -0.013153787 0.073501427 -0.013732003
41.121436576 0.997113686 -0.013166304 0.073498316 -0.013745629
41.141367870 0.997113456 -0.013169114 0.073500088 -0.013750169
41.161753387 0.997113459 -0.013174254 0.073497746 -0.013757584
41.181723186 0.997112935 -0.013183924 0.073507146 -0.013736054
41.201967623 0.997112714 -0.013173187 0.073512229 -0.013735138
41.222079149 0.997111807 -0.013183265 0.073519244 -0.013753788
41.242492420 0.997111432 -0.013177453 0.073528048 -0.013739473
41.262748202 0.997111628 -0.013176036 0.073525046 -0.013742701
41.282635888 0.997112033 -0.013177795 0.073521597 -0.013730072
41.302788897 0.997112089 -0.013197428 0.073515981 -0.013737213
41.323084091 0.997111994 -0.013189367 0.073516870 -0.013747084
41.343268569 0.997112791 -0.013193482 0.073505987 -0.013743488
41.363401903 0.997111110 -0.013210131 0.073520505 -0.013771768
41.383474371 0.997110742 -0.013206020 0.073523632 -0.013785676
41.403897791 0.997110868 -0.013226359 0.073517949 -0.013787380
41.423917712 0.997110314 -0.013215522 0.073528523 -0.013781443
41.444157494 0.997110776 -0.013208300 0.073522396 -0.013787643
41.464227378 0.997110099 -0.013215961 0.073530940 -0.013783659
41.484406545 0.997109649 -0.013221580 0.073533636 -0.013796467
41.504619160 0.997109132 -0.013230873 0.073538380 -0.013799614
41.524762690 0.997109522 -0.013221856 0.073531769 -0.013815270
41.544939642 0.997109502 -0.013226928 0.073529927 -0.013821671
41.565119332 0.997110028 -0.013209722 0.073529714 -0.013801291
41.585397645 0.997109993 -0.013230123 0.073523522 -0.013817295
41.605559633 0.997109616 -0.013237393 0.073527645 -0.013815575
41.625770854 0.997110698 -0.013231042 0.073514961 -0.013811085
41.645831974 0.997111011 -0.013226256 0.073510951 -0.013814394
41.666028149 0.997111382 -0.013238389 0.073498952 -0.013839857
41.686148217 0.997111822 -0.013240425 0.073494696 -0.013828804
41.706285672 0.997112003 -0.013211380 0.073495733 -0.013837965
41.726627743 0.997111274 -0.013213482 0.073506047 -0.013833762
41.746693471 0.997110017 -0.013222319 0.073520885 -0.013837019
41.766984503 0.997109264 -0.013207447 0.073530523 -0.013854252
41.787189888 0.997109781 -0.013208035 0.073526684 -0.013836849
41.807166990 0.997109356 -0.013204721 0.073532254 -0.013841100
41.827460681 0.997108995 -0.013196919 0.073538645 -0.013840541
41.847531823 0.997109424 -0.013200050 0.073536857 -0.013816181
41.868053831 0.997108272 -0.013183770 0.073551791 -0.013835315
41.888101208 0.997107807 -0.013190559 0.073562046 -0.013807840
41.908124489 0.997108127 -0.013190002 0.073558727 -0.013802924
41.928248359 0.997108221 -0.013196899 0.073555430 -0.013807108
41.948461121 0.997109117 -0.013178828 0.073547141 -0.013803794
41.968659498 0.997108698 -0.013188360 0.073553126 -0.013793116
41.988832083 0.997109040 -0.013178202 0.073550466 -0.013792272
42.008956855 0.997108432 -0.013175399 0.073563578 -0.013768907
42.029265290 0.997109280 -0.013156646 0.073555908 -0.013766411
42.049355618 0.997108882 -0.013156526 0.073554887 -0.013800787
42.069556422 0.997110131 -0.013139827 0.073545845 -0.013774599
42.089743193 0.997110932 -0.013147123 0.073537992 -0.013751614
42.109895656 0.997110293 -0.013150206 0.073546993 -0.013746856
42.130043742 0.997110667 -0.013146113 0.073540180 -0.013760097
42.150193958 0.997110381 -0.013131788 0.073548555 -0.013749711
42.170423720 0.997111000 -0.013120021 0.073541480 -0.013753897
42.190572089 0.997110889 -0.013131517 0.073540956 -0.013753778
42.210813054 0.997109449 -0.013150212 0.073552212 -0.013780086
42.231189882 0.997109675 -0.013138441 0.073550297 -0.013785157
42.251091340 0.997109672 -0.013136372 0.073546921 -0.013805375
42.271242715 0.997109311 -0.013143671 0.073550252 -0.013806777
42.291524082 0.997108709 -0.013168328 0.073553687 -0.013808446
42.311790060 0.997110121 -0.013164643 0.073541204 -0.013776451
42.331894247 0.997109532 -0.013170211 0.073550120 -0.013766175
42.352192938 0.997110040 -0.013181656 0.073547597 -0.013731795
42.372418826 0.997111426 -0.013157377 0.073534339 -0.013725467
42.392411301 0.997110680 -0.013160781 0.073547231 -0.013707339
42.412492018 0.997110424 -0.013135896 0.073556399 -0.013700620
42.432706055 0.997110284 -0.013133248 0.073557579 -0.013707005
42.452911836 0.997111150 -0.013120369 0.073548471 -0.013705250
42.473165068 0.997111311 -0.013128543 0.073545290 -0.013702738
42.493308798 0.997111915 -0.013117562 0.073544782 -0.013671964
42.513537069 0.997112432 -0.013104143 0.073541030 -0.013667340
42.533745881 0.997113135 -0.013110043 0.073529415 -0.013672924
42.553841463 0.997113213 -0.013115008 0.073527674 -0.013671794
42.574134105 0.997113271 -0.013126320 0.073523639 -0.013678393
42.594108500 0.997113073 -0.013136599 0.073524822 -0.013676654
42.614281538 0.997112968 -0.013139810 0.073521811 -0.013697378
42.634515331 0.997113903 -0.013142609 0.073509749 -0.013691370
42.654726957 0.997113923 -0.013152785 0.073505682 -0.013701941
42.674972541 0.997113476 -0.013132502 0.073515783 -0.013699733
42.695361281 0.997113614 -0.013116299 0.073513480 -0.013717594
42.715261257 0.997113268 -0.013121925 0.073516048 -0.013723611
42.735602261 0.997113121 -0.013090573 0.073528122 -0.013699464
42.755562556 0.997112997 -0.013079969 0.073532151 -0.013697036
42.775898495 0.997112903 -0.013087427 0.073535317 -0.013679703
42.795926888 0.997112291 -0.013074945 0.073547017 -0.013673391
42.816115074 0.997113242 -0.013063596 0.073535067 -0.013679111
42.836332108 0.997113368 -0.013063612 0.073531870 -0.013687106
42.856575211 0.997112691 -0.013065573 0.073543889 -0.013670021
42.876734208 0.997112584 -0.013033891 0.073547175 -0.013690342
42.896834462 0.997112613 -0.013034379 0.073544889 -0.013700024
42.917020603 0.997112851 -0.013034966 0.073541375 -0.013701052
42.937105132 0.997113030 -0.013036797 0.073539710 -0.013695213
42.957330814 0.997113532 -0.013031955 0.073531385 -0.013707961
42.977491859 0.997114012 -0.013002518 0.073534358 -0.013685051
42.997659964 0.997114184 -0.013008071 0.073531939 -0.013680227
43.018016111 0.997114248 -0.012979252 0.073538325 -0.013668611
43.038073988 0.997114553 -0.012981464 0.073529989 -0.013689083
43.058451127 0.997114944 -0.012976935 0.073523856 -0.013697840
43.078522565 0.997115123 -0.012954361 0.073524158 -0.013704520
43.098743146 0.997115305 -0.012963916 0.073521021 -0.013699077
43.118753895 0.997114767 -0.012944045 0.073532008 -0.013698067
43.138966909 0.997114865 -0.012922069 0.073538085 -0.013679062
43.159274164 0.997114641 -0.012934463 0.073537033 -0.013689285
43.179379285 0.997114812 -0.012914932 0.073539278 -0.013683216
43.199698801 0.997116329 -0.012964211 0.073514206 -0.013660814
43.219619657 0.997116001 -0.012965265 0.073521705 -0.013643333
43.239905141 0.997116680 -0.012970961 0.073513110 -0.013634612
43.260199205 0.997117217 -0.012962887 0.073503710 -0.013653701
43.280146557 0.997116149 -0.012969192 0.073517950 -0.013649045
43.300341995 0.997116909 -0.012962201 0.073508970 -0.013648523
43.320554906 0.997117887 -0.012958901 0.073499171 -0.013632992
43.341295118 0.997118717 -0.012949435 0.073486683 -0.013648554
43.361028293 0.997119088 -0.012915760 0.073488884 -0.013641542
43.381134019 0.997119212 -0.012933685 0.073490572 -0.013606381
43.401176518 0.997117540 -0.012952561 0.073504829 -0.013633895
43.421435361 0.997117824 -0.012947383 0.073501085 -0.013638227
43.441564174 0.997116818 -0.012935261 0.073517844 -0.013632971
43.462023702 0.997116226 -0.012921742 0.073526413 -0.013642853
43.482135357 0.997116276 -0.012932187 0.073524316 -0.013640615
43.502069205 0.997116905 -0.012938720 0.073515583 -0.013635505
43.522271420 0.997116285 -0.012932920 0.073527540 -0.013621835
43.542479437 0.997115847 -0.012918891 0.073534185 -0.013631318
43.562697805 0.997116648 -0.012912710 0.073523255 -0.013637554
43.582846879 0.997116661 -0.012917524 0.073519320 -0.013653264
43.603052015 0.997116585 -0.012909862 0.073519154 -0.013666969
43.623133458 0.997117221 -0.012903998 0.073510147 -0.013674502
43.643468129 0.997118201 -0.012884997 0.073500899 -0.013670730
43.663494772 0.997117904 -0.012884348 0.073506734 -0.013661608
43.683712016 0.997118544 -0.012869598 0.073503023 -0.013648711
43.703953564 0.997117950 -0.012874705 0.073508846 -0.013655938
43.724047947 0.997118929 -0.012871760 0.073499723 -0.013636375
43.744408795 0.997118630 -0.012850488 0.073507949 -0.013633953
43.764544839 0.997118589 -0.012837498 0.073508293 -0.013647284
43.784621772 0.997118208 -0.012842324 0.073513413 -0.013642994
43.804721294 0.997117701 -0.012859056 0.073517322 -0.013643288
43.824980525 0.997117101 -0.012881946 0.073521375 -0.013643710
43.845116724 0.997117737 -0.012872850 0.073515786 -0.013635915
43.865315971 0.997119039 -0.012888864 0.073496009 -0.013632146
43.885473851 0.997119465 -0.012898254 0.073491580 -0.013615995
43.905642149 0.997118951 -0.012898866 0.073497897 -0.013618934
43.925871580 0.997119621 -0.012863223 0.073489978 -0.013646286
43.946047787 0.997120379 -0.012869555 0.073475452 -0.013663183
43.966216989 0.997120918 -0.012874937 0.073469650 -0.013649968
43.986365576 0.997120812 -0.012865191 0.073468869 -0.013671054
44.006567696 0.997120920 -0.012849889 0.073469047 -0.013676616
44.026672552 0.997121365 -0.012837291 0.073463894 -0.013683671
44.047035447 0.997121399 -0.012848284 0.073462814 -0.013676694
44.067153767 0.997120716 -0.012875044 0.073464024 -0.013694795
44.087307642 0.997121377 -0.012879789 0.073456190 -0.013684280
44.107434053 0.997122424 -0.012887165 0.073438858 -0.013694001
44.127713845 0.997122733 -0.012875302 0.073440164 -0.013675696
44.147807731 0.997122355 -0.012857562 0.073451875 -0.013657032
44.168063571 0.997122409 -0.012845133 0.073453963 -0.013653560
44.188157326 0.997122381 -0.012856455 0.073450675 -0.013662646
44.208307972 0.997123415 -0.012841851 0.073440697 -0.013654528
44.228611623 0.997122621 -0.012803190 0.073458067 -0.013655410
44.249066251 0.997122935 -0.012806748 0.073453962 -0.013651184
44.268986638 0.997121728 -0.012822069 0.073467798 -0.013650555
44.289364030 0.997120749 -0.012840034 0.073481077 -0.013633662
44.309424355 0.997121490 -0.012849343 0.073470950 -0.013625295
44.329391914 0.997121605 -0.012850847 0.073469699 -0.013622155
44.349639264 0.997122136 -0.012863630 0.073465970 -0.013591313
44.369727266 0.997121028 -0.012868684 0.073472535 -0.013632269
44.389943403 0.997120708 -0.012874154 0.073473766 -0.013643906
44.410083316 0.997120944 -0.012861447 0.073472238 -0.013646828
44.430487784 0.997120657 -0.012861375 0.073477641 -0.013638815
44.450576612 0.997120070 -0.012880442 0.073483398 -0.013632711
44.470786079 0.997118251 -0.012898866 0.073504025 -0.013637141
44.490946921 0.997118506 -0.012903829 0.073500078 -0.013635089
44.510986072 0.997118606 -0.012919598 0.073496613 -0.013631456
44.531119854 0.997119624 -0.012931392 0.073478018 -0.013646097
44.551333463 0.997120180 -0.012921409 0.073474610 -0.013633260
44.571513437 0.997121029 -0.012919008 0.073464860 -0.013625946
44.591719495 0.997120663 -0.012922455 0.073466930 -0.013638303
44.611858316 0.997121004 -0.012911697 0.073462813 -0.013645738
44.632306927 0.997121490 -0.012922847 0.073457122 -0.013630315
44.652540239 0.997121145 -0.012932805 0.073452885 -0.013668851
44.672585197 0.997119649 -0.012923063 0.073473024 -0.013678958
44.692553007 0.997120221 -0.012931238 0.073463918 -0.013678472
44.712728465 0.997120788 -0.012935473 0.073456547 -0.013672694
44.732886282 0.997120294 -0.012930628 0.073462581 -0.013680879
44.753102340 0.997120776 -0.012916163 0.073455766 -0.013696033
44.773265826 0.997121034 -0.012916131 0.073453526 -0.013689304
44.793499133 0.997120745 -0.012911220 0.073460620 -0.013676894
44.813850674 0.997121100 -0.012916240 0.073452990 -0.013687265
44.833912861 0.997120670 -0.012921275 0.073457707 -0.013688499
44.854069887 0.997120415 -0.012902114 0.073464704 -0.013687598
44.874176838 0.997120655 -0.012896236 0.073463424 -0.013682526
44.894474602 0.997120776 -0.012892464 0.073465336 -0.013667031
44.914522492 0.997120049 -0.012882411 0.073476451 -0.013669783
44.934713562 0.997120413 -0.012886610 0.073471507 -0.013665811
44.954930877 0.997121143 -0.012876103 0.073463179 -0.013667257
44.975495747 0.997121321 -0.012893812 0.073457985 -0.013665482
44.995357769 0.997121319 -0.012885541 0.073459154 -0.013667145
45.015661479 0.997120992 -0.012874800 0.073469215 -0.013647001
45.035682790 0.997121281 -0.012885485 0.073464033 -0.013643755
45.055719548 0.997121419 -0.012892515 0.073460788 -0.013644488
45.076003299 0.997121470 -0.012886673 0.073459218 -0.013654728
45.096126934 0.997121123 -0.012896538 0.073456374 -0.013686028
45.116246672 0.997121568 -0.012902743 0.073450070 -0.013681569
45.136473259 0.997121194 -0.012917932 0.073452544 -0.013681232
45.156799570 0.997120865 -0.012919445 0.073456982 -0.013679887
45.176988152 0.997120955 -0.012904703 0.073456446 -0.013690121
45.196951060 0.997121653 -0.012894641 0.073450208 -0.013682291
45.217289221 0.997122349 -0.012893589 0.073440151 -0.013686514
45.237317706 0.997121511 -0.012882168 0.073451540 -0.013697191
45.257605194 0.997121648 -0.012882340 0.073449010 -0.013700636
45.277825521 0.997121097 -0.012901624 0.073454132 -0.013695109
45.297884890 0.997122045 -0.012901064 0.073440109 -0.013701857
45.318098628 0.997121554 -0.012913300 0.073444634 -0.013701754
45.338257548 0.997120567 -0.012914511 0.073458825 -0.013696370
45.358605951 0.997120514 -0.012923165 0.073458696 -0.013692804
45.378666401 0.997120545 -0.012914559 0.073458020 -0.013702258
45.398884449 0.997119614 -0.012923961 0.073466107 -0.013717825
45.418974973 0.997119921 -0.012924484 0.073464910 -0.013701384
45.439155583 0.997119145 -0.012925563 0.073472857 -0.013714233
45.459357018 0.997118341 -0.012928901 0.073483705 -0.013711386
45.479540413 0.997117939 -0.012943692 0.073484621 -0.013721779
45.499686990 0.997117364 -0.012938499 0.073493291 -0.013722021
45.519958480 0.997116776 -0.012957761 0.073499013 -0.013715928
45.540141274 0.997116975 -0.012943175 0.073501088 -0.013704094
45.560353441 0.997116459 -0.012949978 0.073504233 -0.013718345
45.580386513 0.997114767 -0.012971410 0.073526595 -0.013701226
45.600583310 0.997114932 -0.012992936 0.073516200 -0.013724565
45.620763346 0.997115382 -0.012983733 0.073514179 -0.013711434
45.640953318 0.997115613 -0.012986087 0.073510066 -0.013714449
45.661322047 0.997115768 -0.012981285 0.073507792 -0.013719914
45.681559296 0.997116051 -0.012978833 0.073504329 -0.013720179
45.701447154 0.997117380 -0.012980143 0.073483530 -0.013733765
45.721654508 0.997118153 -0.012984223 0.073474187 -0.013723780
45.741987073 0.997118184 -0.012995736 0.073470234 -0.013731794
45.761993441 0.997118512 -0.013002031 0.073464774 -0.013731264
45.782193576 0.997118811 -0.012986853 0.073459754 -0.013750749
45.802297993 0.997118139 -0.012999340 0.073467057 -0.013748681
45.822534163 0.997118203 -0.012990505 0.073468703 -0.013743551
45.842759449 0.997118962 -0.012980252 0.073459084 -0.013749623
45.863152793 0.997119929 -0.013004932 0.073441776 -0.013748623
45.883358249 0.997119947 -0.013013965 0.073437284 -0.013762722
45.903378803 0.997119268 -0.013000702 0.073447949 -0.013767538
45.923830012 0.997118606 -0.013000476 0.073453476 -0.013786221
45.943518604 0.997119735 -0.012996589 0.073439079 -0.013784914
45.963693843 0.997119739 -0.013003738 0.073438748 -0.013779698
45.983896982 0.997119366 -0.013031308 0.073437396 -0.013787809
46.004090718 0.997119496 -0.013042524 0.073433297 -0.013789641
46.024227625 0.997118591 -0.013037656 0.073446097 -0.013791528
46.044720644 0.997118292 -0.013050984 0.073445557 -0.013803389
46.064904282 0.997118663 -0.013057025 0.073440187 -0.013799483
46.085105287 0.997118857 -0.013063855 0.073439482 -0.013782729
46.105083295 0.997119029 -0.013044386 0.073440256 -0.013784595
46.125135644 0.997119193 -0.013065569 0.073428408 -0.013815773
46.145367815 0.997119139 -0.013066343 0.073428635 -0.013817700
46.165599373 0.997119079 -0.013080229 0.073428382 -0.013810224
46.185687918 0.997119322 -0.013070055 0.073431312 -0.013786727
46.205887523 0.997118591 -0.013077878 0.073440826 -0.013781516
46.226075099 0.997117417 -0.013110747 0.073451529 -0.013778156
46.246350754 0.997118384 -0.013096232 0.073442651 -0.013769319
46.266439464 0.997118442 -0.013095069 0.073439074 -0.013785257
46.286611162 0.997117744 -0.013093310 0.073448814 -0.013785587
46.306806192 0.997117704 -0.013106892 0.073445038 -0.013795683
46.326966609 0.997117178 -0.013095537 0.073453286 -0.013800550
46.347086382 0.997116741 -0.013098408 0.073459206 -0.013797874
46.367270516 0.997117484 -0.013097916 0.073451859 -0.013783747
46.387492176 0.997117485 -0.013093243 0.073453485 -0.013779459
46.407793543 0.997117768 -0.013090504 0.073452583 -0.013766378
46.428193017 0.997118501 -0.013101209 0.073441201 -0.013763822
46.448013068 0.997117441 -0.013123107 0.073453609 -0.013753537
46.468135195 0.997117335 -0.013129453 0.073454824 -0.013748709
46.488371256 0.997117784 -0.013132679 0.073447209 -0.013753700
46.508514944 0.997117861 -0.013127915 0.073449672 -0.013739556
46.528736308 0.997117999 -0.013131897 0.073447180 -0.013739040
46.548891516 0.997118498 -0.013144905 0.073437266 -0.013743379
46.569114066 0.997119602 -0.013133271 0.073426602 -0.013731387
46.589225634 0.997120440 -0.013113868 0.073418753 -0.013731006
46.609491274 0.997119628 -0.013094992 0.073438567 -0.013702038
46.629662359 0.997117944 -0.013131172 0.073452687 -0.013714279
46.649927615 0.997117123 -0.013111617 0.073461707 -0.013744325
46.670031982 0.997115939 -0.013112472 0.073476017 -0.013752876
46.690234879 0.997117138 -0.013109518 0.073462908 -0.013738841
46.710440260 0.997117190 -0.013131247 0.073456573 -0.013748161
46.730521753 0.997117183 -0.013141590 0.073457383 -0.013734467
46.750637872 0.997115983 -0.013150581 0.073473990 -0.013724094
46.770828986 0.997115912 -0.013165423 0.073472877 -0.013720975
46.791248751 0.997115834 -0.013170086 0.073472496 -0.013724262
46.811168424 0.997115310 -0.013175460 0.073478187 -0.013726652
46.831386953 0.997115553 -0.013186087 0.073470649 -0.013739147
46.851671749 0.997115485 -0.013185621 0.073467320 -0.013762353
46.871707702 0.997115149 -0.013184253 0.073474250 -0.013750999
46.892059093 0.997115894 -0.013173524 0.073469134 -0.013734551
46.912179687 0.997116474 -0.013163445 0.073464407 -0.013727398
46.932326079 0.997115708 -0.013161386 0.073474986 -0.013728425
46.952576525 0.997115413 -0.013160658 0.073482644 -0.013709531
46.972692607 0.997115496 -0.013173364 0.073478727 -0.013712264
46.992896625 0.997116415 -0.013183522 0.073462275 -0.013723818
47.013063722 0.997116981 -0.013182544 0.073453382 -0.013731288
47.033335814 0.997116552 -0.013178583 0.073459509 -0.013733409
47.053271239 0.997116572 -0.013177204 0.073458236 -0.013740094
47.073588910 0.997116483 -0.013158794 0.073463231 -0.013737489
47.093666515 0.997116454 -0.013137910 0.073472054 -0.013712373
47.113974087 0.997115631 -0.013143747 0.073487278 -0.013685041
47.134144334 0.997115582 -0.013134940 0.073487890 -0.013693770
47.154208765 0.997114616 -0.013153953 0.073497425 -0.013694696
47.174511725 0.997114526 -0.013161041 0.073496064 -0.013701730
47.194738219 0.997113992 -0.013182522 0.073498767 -0.013705478
47.214853234 0.997113311 -0.013176652 0.073509295 -0.013704194
47.235028485 0.997112221 -0.013168833 0.073525197 -0.013705698
47.255103047 0.997111166 -0.013159666 0.073538496 -0.013719899
47.275409109 0.997110975 -0.013136490 0.073545394 -0.013719026
47.295517465 0.997110750 -0.013144164 0.073545595 -0.013726966
47.315693151 0.997110838 -0.013133300 0.073543648 -0.013741365
47.335832018 0.997111641 -0.013141669 0.073534266 -0.013725268
47.355993224 0.997111549 -0.013145581 0.073534523 -0.013726845
47.376190838 0.997112448 -0.013161315 0.073520380 -0.013722208
47.396356097 0.997112112 -0.013179260 0.073520971 -0.013726233
47.416533454 0.997111626 -0.013185708 0.073523977 -0.013739244
47.436804400 0.997110254 -0.013219530 0.073533772 -0.013753933
47.457104340 0.997110366 -0.013208309 0.073535343 -0.013748159
47.477130811 0.997110422 -0.013216121 0.073531246 -0.013758484
47.497188203 0.997110259 -0.013219855 0.073532869 -0.013758091
47.517355543 0.997111344 -0.013228510 0.073519216 -0.013744060
47.537560348 0.997111272 -0.013239480 0.073519759 -0.013735782
47.557775400 0.997112106 -0.013224790 0.073510301 -0.013740067
47.578145690 0.997112848 -0.013229531 0.073499632 -0.013738676
47.598166040 0.997113312 -0.013234238 0.073495291 -0.013723739
47.618539875 0.997114451 -0.013212948 0.073481840 -0.013733463
47.638540967 0.997115489 -0.013194416 0.073473073 -0.013722860
47.658739527 0.997114856 -0.013197703 0.073481036 -0.013723020
47.678982280 0.997116241 -0.013199950 0.073461784 -0.013723308
47.698974193 0.997115467 -0.013196208 0.073473727 -0.013719207
47.719202525 0.997115362 -0.013183146 0.073476615 -0.013723937
47.739332877 0.997115204 -0.013181703 0.073474514 -0.013748035
47.759688567 0.997116010 -0.013166983 0.073470752 -0.013723778
47.779880085 0.997116928 -0.013161717 0.073457116 -0.013735142
47.800007739 0.997115685 -0.013167687 0.073469082 -0.013755601
47.820189218 0.997116039 -0.013166489 0.073469976 -0.013726303
47.840326498 0.997116547 -0.013177183 0.073462141 -0.013721068
47.860523376 0.997116724 -0.013190071 0.073459410 -0.013710423
47.880663998 0.997116295 -0.013211220 0.073466055 -0.013685624
47.900807700 0.997117053 -0.013194288 0.073458134 -0.013689234
47.920918365 0.997116262 -0.013204575 0.073469919 -0.013673685
47.941337201 0.997116055 -0.013196489 0.073475545 -0.013666407
47.961757515 0.997115519 -0.013185071 0.073481200 -0.013686080
47.981467615 0.997115706 -0.013188579 0.073478478 -0.013683692
48.001761487 0.997115787 -0.013182963 0.073480116 -0.013674430
48.021942495 0.997116115 -0.013188284 0.073478027 -0.013656533
48.041952546 0.997115998 -0.013189826 0.073478838 -0.013659234
48.062544152 0.997116095 -0.013198691 0.073474006 -0.013669576
48.082357879 0.997116757 -0.013193935 0.073465529 -0.013671454
48.102518740 0.997117019 -0.013186661 0.073460031 -0.013688889
48.122693928 0.997116492 -0.013183160 0.073468257 -0.013686525
48.163063236 0.997116346 -0.013196077 0.073467788 -0.013687223
48.183200562 0.997115768 -0.013202371 0.073473098 -0.013694764
48.203401516 0.997116004 -0.013187725 0.073469285 -0.013712159
48.223673560 0.997115605 -0.013196742 0.073472914 -0.013713018
48.243916138 0.997115246 -0.013208235 0.073472859 -0.013728372
48.264064023 0.997115787 -0.013218299 0.073464119 -0.013726123
48.284255642 0.997116057 -0.013210859 0.073464783 -0.013710099
48.304478230 0.997116164 -0.013214770 0.073467093 -0.013686222
48.324586712 0.997115668 -0.013206234 0.073477714 -0.013673503
48.344646243 0.997116051 -0.013203001 0.073472538 -0.013676508
48.364847033 0.997116147 -0.013197014 0.073470798 -0.013684660
48.385023067 0.997116433 -0.013218526 0.073461216 -0.013694501
48.405165626 0.997116677 -0.013207565 0.073456138 -0.013714502
48.425383625 0.997118254 -0.013185645 0.073435243 -0.013732856
48.445886134 0.997118739 -0.013194891 0.073429502 -0.013719477
48.465877704 0.997119145 -0.013190662 0.073425054 -0.013717836
48.485884957 0.997118746 -0.013168308 0.073433064 -0.013725421
48.506049501 0.997118130 -0.013187582 0.073436945 -0.013730889
48.526302450 0.997116581 -0.013209306 0.073452017 -0.013741888
48.546505818 0.997116697 -0.013212245 0.073448950 -0.013747051
48.566627086 0.997115831 -0.013212920 0.073462041 -0.013739257
48.586824212 0.997115604 -0.013211597 0.073466566 -0.013732827
48.607020075 0.997114808 -0.013234794 0.073472318 -0.013737495
48.627141384 0.997113587 -0.013238419 0.073483998 -0.013760132
48.647379654 0.997113963 -0.013240121 0.073480143 -0.013751855
48.667484770 0.997113509 -0.013225891 0.073489966 -0.013745931
48.687819904 0.997114886 -0.013223437 0.073475731 -0.013724522
48.707862196 0.997115559 -0.013206879 0.073468019 -0.013732807
48.728044622 0.997116505 -0.013190521 0.073456385 -0.013742068
48.748181625 0.997116627 -0.013212486 0.073451026 -0.013740817
48.768486082 0.997117324 -0.013213303 0.073442486 -0.013735043
48.788692131 0.997117372 -0.013221446 0.073442419 -0.013724064
48.808830783 0.997115633 -0.013207011 0.073466928 -0.013733189
48.828917918 0.997115791 -0.013206740 0.073465613 -0.013729003
48.849153743 0.997115886 -0.013183919 0.073468634 -0.013727833
48.869261316 0.997115760 -0.013186487 0.073466629 -0.013745280
48.889442759 0.997116008 -0.013182775 0.073460026 -0.013766066
48.909689624 0.997115795 -0.013188385 0.073465185 -0.013748586
48.930111891 0.997116007 -0.013187382 0.073463349 -0.013743982
48.949991042 0.997116142 -0.013180537 0.073462099 -0.013747435
48.970139939 0.997115846 -0.013170144 0.073464062 -0.013768353
48.990427330 0.997116190 -0.013161470 0.073462183 -0.013761820
49.010525236 0.997115804 -0.013166047 0.073466815 -0.013760656
49.030729429 0.997115441 -0.013180154 0.073471702 -0.013747348
49.050908222 0.997114615 -0.013185815 0.073478633 -0.013764761
49.071117491 0.997114589 -0.013185697 0.073480933 -0.013754529
49.091203334 0.997114539 -0.013198118 0.073477518 -0.013764446
49.111453141 0.997113214 -0.013184753 0.073494166 -0.013784315
49.151771441 0.997111707 -0.013197887 0.073509910 -0.013796844
49.171890854 0.997112872 -0.013211715 0.073497984 -0.013762926
49.192108277 0.997113054 -0.013233404 0.073491590 -0.013763017
49.212251993 0.997113660 -0.013246929 0.073479564 -0.013770297
49.232537601 0.997113314 -0.013250507 0.073488306 -0.013745286
49.252758598 0.997113717 -0.013249617 0.073480141 -0.013760524
49.272883280 0.997113652 -0.013265986 0.073477371 -0.013764220
49.293384055 0.997113855 -0.013256054 0.073475542 -0.013768902
49.313150967 0.997112380 -0.013262977 0.073494528 -0.013767675
49.333358638 0.997111882 -0.013249714 0.073504865 -0.013761367
49.353509719 0.997112236 -0.013241036 0.073501831 -0.013760250
49.373836735 0.997112301 -0.013249383 0.073496545 -0.013775753
49.393937768 0.997112826 -0.013238953 0.073495063 -0.013755647
49.414028046 0.997112417 -0.013233250 0.073502838 -0.013749225
49.434236106 0.997112806 -0.013216326 0.073499014 -0.013757733
49.454520274 0.997112755 -0.013217760 0.073503742 -0.013734771
49.474760101 0.997111940 -0.013227684 0.073512271 -0.013738730
49.494751749 0.997111808 -0.013241450 0.073509054 -0.013752297
49.514999290 0.997111639 -0.013235069 0.073512921 -0.013750011
49.535191377 0.997112260 -0.013236118 0.073507331 -0.013733865
49.555293368 0.997112347 -0.013259660 0.073502665 -0.013729815
49.575510775 0.997112299 -0.013260738 0.073501001 -0.013741174
49.595651413 0.997112623 -0.013260952 0.073498388 -0.013731427
49.615843203 0.997112052 -0.013260824 0.073504447 -0.013740538
49.636031129 0.997112782 -0.013254533 0.073493420 -0.013752646
49.656314025 0.997114106 -0.013262360 0.073475100 -0.013746996
49.676531234 0.997114324 -0.013271967 0.073465283 -0.013774324
49.696501280 0.997114103 -0.013265048 0.073464672 -0.013800207
49.716753161 0.997114129 -0.013271811 0.073461993 -0.013806093
49.736886247 0.997114317 -0.013269992 0.073458106 -0.013814918
49.757107451 0.997113744 -0.013272846 0.073468505 -0.013798247
49.777260626 0.997112395 -0.013283267 0.073481400 -0.013817020
49.797443124 0.997112289 -0.013273654 0.073488060 -0.013798512
49.817914670 0.997111966 -0.013267141 0.073492736 -0.013803188
49.837830849 0.997111264 -0.013284032 0.073497475 -0.013812420
49.858371898 0.997110524 -0.013289460 0.073504345 -0.013824037
49.878304606 0.997109189 -0.013312728 0.073523060 -0.013798437
49.898413883 0.997109249 -0.013313151 0.073522507 -0.013796579
49.918640768 0.997108468 -0.013310228 0.073533172 -0.013799014
49.938727868 0.997109812 -0.013321635 0.073509322 -0.013817941
49.958928511 0.997111307 -0.013301217 0.073489536 -0.013835013
49.979008589 0.997111126 -0.013310617 0.073494020 -0.013815153
49.999183280 0.997110972 -0.013323879 0.073489639 -0.013836783
50.019359657 0.997110600 -0.013326330 0.073492602 -0.013845521
50.039586733 0.997111443 -0.013315734 0.073488844 -0.013814867
50.059826073 0.997111032 -0.013334101 0.073487848 -0.013832160
50.080040043 0.997109514 -0.013336286 0.073508565 -0.013829348
50.100055399 0.997109606 -0.013333673 0.073509064 -0.013822570
50.140436057 0.997110507 -0.013342603 0.073497464 -0.013810645
50.160734033 0.997111282 -0.013331317 0.073492179 -0.013793696
50.180811708 0.997111279 -0.013332647 0.073493143 -0.013787550
50.201017759 0.997110586 -0.013335601 0.073502371 -0.013785573
50.221159579 0.997110265 -0.013326040 0.073506373 -0.013796686
50.241465128 0.997111508 -0.013321812 0.073494575 -0.013773802
50.261690124 0.997111452 -0.013325279 0.073492643 -0.013784822
50.281680623 0.997112162 -0.013343102 0.073479873 -0.013784288
50.302050202 0.997112511 -0.013335610 0.073476556 -0.013783985
50.322144842 0.997112759 -0.013343735 0.073471853 -0.013783244
50.342354552 0.997112475 -0.013361622 0.073469134 -0.013800939
50.362628666 0.997111853 -0.013370831 0.073475012 -0.013805628
50.382656777 0.997112095 -0.013384323 0.073465717 -0.013824531
50.402813416 0.997111705 -0.013404671 0.073465856 -0.013832202
50.422953847 0.997112690 -0.013404992 0.073453659 -0.013825694
50.443316709 0.997112866 -0.013407893 0.073451624 -0.013820975
50.463481188 0.997112102 -0.013416702 0.073461107 -0.013817130
50.483599182 0.997111361 -0.013401240 0.073473044 -0.013822175
50.503669048 0.997111944 -0.013393183 0.073468086 -0.013814286
50.523778061 0.997111993 -0.013401697 0.073465796 -0.013814671
50.543989567 0.997112238 -0.013400181 0.073456181 -0.013849564
50.564124535 0.997112374 -0.013394136 0.073456383 -0.013844500
50.584459695 0.997112762 -0.013405111 0.073448364 -0.013848497
50.604530642 0.997112374 -0.013414954 0.073449305 -0.013861873
50.624973276 0.997111623 -0.013418018 0.073460077 -0.013855848
50.645102367 0.997111496 -0.013414942 0.073460699 -0.013864707
50.665114839 0.997111974 -0.013391930 0.073457484 -0.013869603
50.685191111 0.997112461 -0.013400084 0.073451509 -0.013858364
50.705377366 0.997112194 -0.013403292 0.073453426 -0.013864311
50.725585057 0.997112425 -0.013412891 0.073446332 -0.013875955
50.745797261 0.997112626 -0.013418642 0.073447457 -0.013849979
50.765958912 0.997111958 -0.013429057 0.073454400 -0.013851160
50.786144049 0.997112869 -0.013425277 0.073445334 -0.013837306
50.806419709 0.997112763 -0.013424836 0.073445771 -0.013843055
50.826564242 0.997112753 -0.013444004 0.073442340 -0.013843353
50.846768765 0.997111708 -0.013461438 0.073453084 -0.013844714
50.866924030 0.997111926 -0.013445711 0.073453966 -0.013839615
50.887136248 0.997112250 -0.013454953 0.073448639 -0.013835552
50.907317331 0.997111070 -0.013445987 0.073464406 -0.013845565
50.927342061 0.997110936 -0.013443626 0.073464028 -0.013859553
50.947595037 0.997110964 -0.013466211 0.073457662 -0.013869354
50.967759986 0.997110913 -0.013459656 0.073462459 -0.013853976
50.987950385 0.997110889 -0.013452303 0.073466399 -0.013841918
51.008097385 0.997110095 -0.013442911 0.073477266 -0.013850547
51.028356217 0.997109992 -0.013454358 0.073472894 -0.013870033
51.048467940 0.997109455 -0.013469152 0.073477622 -0.013869211
51.068618308 0.997109371 -0.013468176 0.073478761 -0.013870181
51.088805417 0.997110730 -0.013478345 0.073458892 -0.013867828
51.108971788 0.997110369 -0.013478170 0.073464462 -0.013864486
51.129126762 0.997110335 -0.013479473 0.073466313 -0.013855880
51.149277513 0.997110863 -0.013461152 0.073460624 -0.013865829
51.169463101 0.997110442 -0.013451181 0.073467519 -0.013869254
51.189660996 0.997110686 -0.013446827 0.073466305 -0.013862347
51.209872573 0.997110336 -0.013479310 0.073469069 -0.013841311
51.230057845 0.997109942 -0.013483040 0.073474861 -0.013835322
51.250316702 0.997108502 -0.013483362 0.073492190 -0.013846750
51.270410784 0.997107871 -0.013498400 0.073492483 -0.013875945
51.290823182 0.997107969 -0.013507511 0.073491515 -0.013865164
51.310793996 0.997106950 -0.013534317 0.073499254 -0.013871284
51.330917193 0.997108222 -0.013544149 0.073481032 -0.013866761
51.351097965 0.997108351 -0.013535756 0.073480035 -0.013870991
51.371246020 0.997108726 -0.013533595 0.073480559 -0.013843318
51.391420369 0.997108399 -0.013560537 0.073479828 -0.013844427
51.411773498 0.997108007 -0.013554460 0.073488651 -0.013831744
51.432113390 0.997108522 -0.013554716 0.073483660 -0.013820877
51.452096565 0.997109174 -0.013554729 0.073473058 -0.013830167
51.472137956 0.997109834 -0.013583027 0.073458382 -0.013832767
51.492392544 0.997109809 -0.013580178 0.073460742 -0.013824871
51.512917385 0.997110101 -0.013581928 0.073455627 -0.013829300
51.532705483 0.997110598 -0.013577513 0.073450745 -0.013823716
51.552885433 0.997111079 -0.013556048 0.073450190 -0.013813043
51.573003826 0.997110489 -0.013556433 0.073460950 -0.013797988
51.593181147 0.997110090 -0.013570414 0.073466863 -0.013781568
51.613394935 0.997109381 -0.013575518 0.073473644 -0.013791735
51.633649892 0.997108851 -0.013575564 0.073478161 -0.013805903
51.653880171 0.997109897 -0.013563146 0.073466879 -0.013802621
51.674171900 0.997109363 -0.013564962 0.073473081 -0.013806416
51.694124977 0.997109504 -0.013569162 0.073470540 -0.013805628
51.714277661 0.997108454 -0.013572314 0.073481062 -0.013822339
51.734483957 0.997108498 -0.013571149 0.073482948 -0.013810264
51.754632637 0.997107156 -0.013587521 0.073497181 -0.013815298
51.775000478 0.997107579 -0.013603291 0.073487275 -0.013821971
51.794979419 0.997106902 -0.013593023 0.073499644 -0.013815125
51.815204214 0.997105932 -0.013588220 0.073510851 -0.013830238
51.835395438 0.997105655 -0.013574369 0.073518688 -0.013822175
51.855646614 0.997104694 -0.013587213 0.073527408 -0.013832469
51.875705672 0.997104858 -0.013579785 0.073526623 -0.013832119
51.895920658 0.997105383 -0.013567450 0.073522237 -0.013829658
51.916086631 0.997106235 -0.013567375 0.073508035 -0.013843834
51.936225986 0.997106191 -0.013578963 0.073509597 -0.013827294
51.956408400 0.997105802 -0.013586431 0.073509345 -0.013849369
51.976871512 0.997104761 -0.013576887 0.073526186 -0.013844269
51.996981089 0.997104295 -0.013608221 0.073522446 -0.013866929
52.017036362 0.997105207 -0.013612761 0.073510263 -0.013861440
52.037275872 0.997105078 -0.013611169 0.073513556 -0.013854855
52.057388883 0.997105044 -0.013605757 0.073514236 -0.013859027
52.077515118 0.997105921 -0.013610683 0.073503224 -0.013849446
52.097646585 0.997106153 -0.013616708 0.073502045 -0.013833061
52.117791551 0.997104526 -0.013632169 0.073513459 -0.013874407
52.137997128 0.997105668 -0.013636976 0.073499110 -0.013863648
52.158406952 0.997106308 -0.013621231 0.073495044 -0.013854667
52.178636220 0.997106650 -0.013612011 0.073493891 -0.013845198
52.198920929 0.997106751 -0.013626527 0.073493695 -0.013824669
52.218747062 0.997106507 -0.013620111 0.073496373 -0.013834372
52.238875310 0.997105542 -0.013615793 0.073509746 -0.013837073
52.259091795 0.997105793 -0.013620938 0.073505522 -0.013836424
52.279232625 0.997106076 -0.013621411 0.073504888 -0.013818881
52.299409964 0.997106514 -0.013591717 0.073502799 -0.013827666
52.319612072 0.997107038 -0.013591622 0.073498460 -0.013813030
52.339751891 0.997108453 -0.013579924 0.073487932 -0.013778342
52.360077933 0.997108281 -0.013578320 0.073489046 -0.013786396
52.380416400 0.997108068 -0.013596230 0.073489638 -0.013780992
52.400554384 0.997108218 -0.013580523 0.073490076 -0.013783339
52.420667218 0.997107566 -0.013600606 0.073493483 -0.013792532
52.440592214 0.997108097 -0.013612151 0.073485039 -0.013787732
52.460983279 0.997108367 -0.013595367 0.073480665 -0.013808076
52.480985553 0.997108285 -0.013601488 0.073480368 -0.013809518
52.501241233 0.997108757 -0.013589536 0.073473619 -0.013823093
52.521374551 0.997109586 -0.013567521 0.073467015 -0.013820005
52.541537037 0.997109521 -0.013553849 0.073470500 -0.013819624
52.562002298 0.997109205 -0.013543662 0.073478849 -0.013807985
52.582111113 0.997110165 -0.013547060 0.073468682 -0.013789431
52.602175918 0.997109385 -0.013544353 0.073479363 -0.013791601
52.622253416 0.997109854 -0.013542262 0.073470761 -0.013805545
52.642427119 0.997108916 -0.013554793 0.073480651 -0.013808377
52.662686561 0.997109165 -0.013549896 0.073479704 -0.013800206
52.682797422 0.997109747 -0.013559966 0.073470273 -0.013798525
52.703071201 0.997109790 -0.013553319 0.073472861 -0.013788168
52.723144281 0.997109535 -0.013561398 0.073471156 -0.013807734
52.743436723 0.997110903 -0.013558751 0.073454417 -0.013800550
52.763889212 0.997111817 -0.013534637 0.073444366 -0.013811732
52.783926324 0.997112113 -0.013514647 0.073441861 -0.013823208
52.803973293 0.997112398 -0.013514916 0.073440605 -0.013809081
52.824049205 0.997113339 -0.013487557 0.073433732 -0.013804386
52.844153519 0.997113718 -0.013498846 0.073428318 -0.013794825
52.864365339 0.997113727 -0.013485986 0.073430134 -0.013797091
52.884588481 0.997113483 -0.013474797 0.073437409 -0.013786917
52.904727945 0.997112921 -0.013464582 0.073444882 -0.013797734
52.924925169 0.997112479 -0.013465931 0.073446248 -0.013821045
52.945213300 0.997112661 -0.013454308 0.073449188 -0.013803596
52.965409120 0.997112581 -0.013460301 0.073451969 -0.013788763
52.985622166 0.997113011 -0.013451726 0.073450404 -0.013774365
53.005840957 0.997114115 -0.013463041 0.073432105 -0.013780933
53.025893400 0.997114315 -0.013462900 0.073432982 -0.013761901
53.046007271 0.997114616 -0.013469582 0.073427183 -0.013764496
53.066158316 0.997114126 -0.013467356 0.073432481 -0.013773931
53.086307194 0.997115118 -0.013480598 0.073413681 -0.013789383
53.106477059 0.997115903 -0.013471674 0.073402819 -0.013799143
53.126642599 0.997115589 -0.013473589 0.073411012 -0.013776332
53.146943945 0.997115658 -0.013457720 0.073412457 -0.013779159
53.167243813 0.997116383 -0.013441725 0.073407088 -0.013770944
53.187443832 0.997116227 -0.013440774 0.073412412 -0.013754733
53.207528593 0.997117832 -0.013429328 0.073397528 -0.013728979
53.227622966 0.997117515 -0.013428359 0.073402362 -0.013727137
53.247824849 0.997117526 -0.013430792 0.073404269 -0.013713718
53.267968624 0.997119079 -0.013425556 0.073383334 -0.013717948
53.288097339 0.997119607 -0.013420957 0.073377007 -0.013717964
53.308281721 0.997119657 -0.013413861 0.073377380 -0.013719281
53.328416406 0.997119521 -0.013419260 0.073384550 -0.013685446
53.349035604 0.997119348 -0.013418032 0.073387529 -0.013683334
53.368934917 0.997118727 -0.013410799 0.073397348 -0.013682960
53.389051545 0.997118054 -0.013436464 0.073403876 -0.013671812
53.409304366 0.997118631 -0.013426987 0.073396680 -0.013677702
53.429340691 0.997117731 -0.013421784 0.073407247 -0.013691684
53.449518623 0.997118433 -0.013407924 0.073395694 -0.013716035
53.469698994 0.997118279 -0.013429879 0.073394954 -0.013709762
53.489922189 0.997118290 -0.013427408 0.073398260 -0.013693610
53.510061505 0.997117874 -0.013433438 0.073400590 -0.013705526
53.530188336 0.997117623 -0.013410603 0.073408219 -0.013705293
53.550500094 0.997116353 -0.013422587 0.073424673 -0.013697785
53.570707024 0.997115323 -0.013433614 0.073436572 -0.013698173
53.590732440 0.997115590 -0.013420356 0.073433930 -0.013705951
53.611097671 0.997114736 -0.013417585 0.073446730 -0.013702173
53.631116250 0.997113883 -0.013404580 0.073461529 -0.013697673
53.651275861 0.997113766 -0.013404289 0.073462306 -0.013702241
53.671451093 0.997114323 -0.013413494 0.073452092 -0.013707460
53.691644924 0.997115523 -0.013413969 0.073442614 -0.013670486
53.711939332 0.997115540 -0.013400185 0.073447960 -0.013654028
53.732044601 0.997115117 -0.013383986 0.073451974 -0.013679190
53.752396079 0.997115608 -0.013393084 0.073441088 -0.013692897
53.772504486 0.997115182 -0.013404404 0.073446181 -0.013685575
53.792558944 0.997115610 -0.013386339 0.073439845 -0.013706012
53.812694988 0.997116070 -0.013369279 0.073435872 -0.013710489
53.833008299 0.997116359 -0.013377348 0.073427784 -0.013724921
53.853068198 0.997116476 -0.013397585 0.073425507 -0.013708833
53.873263993 0.997115887 -0.013396920 0.073429386 -0.013731553
53.893450575 0.997116481 -0.013384628 0.073425970 -0.013718698
53.913615645 0.997116723 -0.013386460 0.073422288 -0.013719028
53.933740665 0.997117105 -0.013381654 0.073415708 -0.013731131
53.954003459 0.997115800 -0.013373158 0.073430333 -0.013755949
53.974232250 0.997114913 -0.013372872 0.073440555 -0.013765949
53.994529366 0.997115258 -0.013367617 0.073439800 -0.013750116
54.014514099 0.997115855 -0.013369892 0.073434366 -0.013733581
54.034665205 0.997116442 -0.013338366 0.073432518 -0.013731511
54.054832360 0.997116030 -0.013344249 0.073435522 -0.013739623
54.075210348 0.997115347 -0.013350387 0.073442270 -0.013747203
54.095156236 0.997115726 -0.013339230 0.073438428 -0.013751020
54.115408847 0.997115111 -0.013356924 0.073444870 -0.013744076
54.135708190 0.997115245 -0.013356716 0.073443624 -0.013741228
54.155857789 0.997114886 -0.013360824 0.073444669 -0.013757683
54.176206645 0.997114563 -0.013361437 0.073447007 -0.013768017
54.196064631 0.997114423 -0.013353389 0.073451690 -0.013760944
54.216320426 0.997114223 -0.013351469 0.073455364 -0.013757695
54.236444921 0.997114719 -0.013344196 0.073447286 -0.013771896
54.256592491 0.997114498 -0.013330123 0.073450785 -0.013782907
54.276822033 0.997113926 -0.013330374 0.073460231 -0.013773661
54.296951764 0.997113417 -0.013319253 0.073472195 -0.013757442
54.317126588 0.997113038 -0.013335497 0.073471970 -0.013770359
54.337396791 0.997113156 -0.013331743 0.073472104 -0.013764778
54.357699786 0.997114079 -0.013321922 0.073464866 -0.013745995
54.377799881 0.997114655 -0.013272322 0.073464707 -0.013753080
54.397969499 0.997115039 -0.013272536 0.073461129 -0.013744161
54.418107447 0.997114436 -0.013282937 0.073467816 -0.013742091
54.438253719 0.997114582 -0.013276889 0.073468657 -0.013732866
54.458526890 0.997115549 -0.013282418 0.073454308 -0.013734026
54.478570761 0.997115391 -0.013277684 0.073456122 -0.013740366
54.498720397 0.997115341 -0.013293127 0.073453408 -0.013743563
54.519146116 0.997115758 -0.013307163 0.073444111 -0.013749405
54.539119419 0.997116810 -0.013297265 0.073436770 -0.013721874
54.559606147 0.997117075 -0.013288032 0.073436417 -0.013713513
54.579551813 0.997116705 -0.013265823 0.073442273 -0.013730496
54.599575966 0.997116492 -0.013274691 0.073445216 -0.013721690
54.619792830 0.997117517 -0.013234466 0.073436405 -0.013733187
54.639997284 0.997116944 -0.013240708 0.073444139 -0.013727409
54.660147926 0.997118898 -0.013221391 0.073419490 -0.013735960
54.680340667 0.997118925 -0.013216509 0.073420913 -0.013731085
54.700522243 0.997118182 -0.013219675 0.073426261 -0.013753372
54.720697124 0.997117695 -0.013211822 0.073440419 -0.013720596
54.741062632 0.997117163 -0.013208945 0.073449448 -0.013713721
54.761781353 0.997116646 -0.013199179 0.073458342 -0.013713071
54.781326874 0.997116870 -0.013208668 0.073453152 -0.013715459
54.801383515 0.997117052 -0.013181590 0.073451913 -0.013734863
54.821584224 0.997116294 -0.013178388 0.073461822 -0.013739999
54.841745325 0.997116185 -0.013182533 0.073464251 -0.013730951
54.862482059 0.997115495 -0.013174523 0.073475025 -0.013731055
54.882133557 0.997115116 -0.013168395 0.073480204 -0.013736763
54.902291465 0.997115689 -0.013171373 0.073471302 -0.013739941
54.922552775 0.997115850 -0.013174640 0.073468940 -0.013737755
54.942692318 0.997115537 -0.013191689 0.073469952 -0.013738683
54.963344615 0.997115437 -0.013199748 0.073471157 -0.013731733
54.983046031 0.997115460 -0.013184422 0.073473528 -0.013732093
55.003160650 0.997114944 -0.013170353 0.073481211 -0.013741986
55.023321128 0.997115603 -0.013166026 0.073477967 -0.013715606
55.043573003 0.997115652 -0.013133817 0.073483439 -0.013713627
55.063811897 0.997115650 -0.013142145 0.073478238 -0.013733626
55.083927882 0.997114502 -0.013158764 0.073486790 -0.013755306
55.104085845 0.997115337 -0.013170771 0.073471454 -0.013765178
55.124220469 0.997115713 -0.013168424 0.073467212 -0.013762871
55.144480526 0.997116085 -0.013164243 0.073463909 -0.013757547
55.164727686 0.997116307 -0.013193518 0.073455730 -0.013757051
55.184753184 0.997115712 -0.013191653 0.073464300 -0.013756253
55.204935536 0.997116879 -0.013190042 0.073452747 -0.013734826
55.225074796 0.997115372 -0.013179348 0.073471449 -0.013754514
55.245362766 0.997115755 -0.013172730 0.073469843 -0.013741604
55.265438321 0.997115433 -0.013154607 0.073478913 -0.013733849
55.285674348 0.997115195 -0.013150089 0.073481066 -0.013743944
55.305898127 0.997116670 -0.013147902 0.073460625 -0.013748325
55.326135461 0.997117092 -0.013130035 0.073461086 -0.013732291
55.346318582 0.997116611 -0.013122358 0.073470590 -0.013723726
55.366350661 0.997116441 -0.013096849 0.073475423 -0.013734521
55.386536144 0.997116298 -0.013104487 0.073476667 -0.013730954
55.406723538 0.997115782 -0.013127282 0.073482548 -0.013715219
55.427001319 0.997116330 -0.013109451 0.073480417 -0.013703817
55.447081718 0.997115337 -0.013135033 0.073484441 -0.013730006
55.467237166 0.997115739 -0.013115309 0.073481231 -0.013736852
55.487550847 0.997115179 -0.013136480 0.073488598 -0.013717856
55.507627488 0.997116636 -0.013134571 0.073467464 -0.013726973
55.528020263 0.997117606 -0.013142810 0.073450758 -0.013737993
55.548069565 0.997118769 -0.013150097 0.073433898 -0.013736717
55.568088366 0.997118410 -0.013156343 0.073436700 -0.013741808
55.588277844 0.997119255 -0.013138452 0.073429227 -0.013737592
55.608616174 0.997118436 -0.013145209 0.073441603 -0.013724413
55.628802056 0.997118662 -0.013147378 0.073438314 -0.013723464
55.648858735 0.997117553 -0.013149652 0.073451926 -0.013729060
55.669106402 0.997117909 -0.013143976 0.073446619 -0.013737013
55.689158475 0.997117830 -0.013125637 0.073447343 -0.013756377
55.709413878 0.997118439 -0.013141697 0.073437703 -0.013748421
55.729699202 0.997118909 -0.013153197 0.073431356 -0.013737215
55.749892053 0.997119348 -0.013156835 0.073425711 -0.013732049
55.769973535 0.997120244 -0.013179806 0.073408759 -0.013735552
55.790078359 0.997121274 -0.013183362 0.073397133 -0.013719486
55.810357703 0.997121456 -0.013195232 0.073394241 -0.013710371
55.830430942 0.997121259 -0.013173422 0.073403606 -0.013695507
55.850653033 0.997120062 -0.013179057 0.073417778 -0.013701219
55.870761267 0.997119724 -0.013163306 0.073423058 -0.013712719
55.891037596 0.997118667 -0.013167123 0.073438302 -0.013704267
55.911305622 0.997119482 -0.013137085 0.073429275 -0.013722132
55.931499585 0.997120758 -0.013134396 0.073411388 -0.013727673
55.951628787 0.997120576 -0.013133450 0.073417859 -0.013707169
55.971769993 0.997120589 -0.013131363 0.073417436 -0.013710521
55.991960200 0.997120868 -0.013142070 0.073411909 -0.013709573
56.012153749 0.997120216 -0.013129426 0.073420822 -0.013721398
56.032183822 0.997121581 -0.013139606 0.073406713 -0.013687896
56.052453195 0.997122009 -0.013161016 0.073397427 -0.013685907
56.072586874 0.997122218 -0.013159030 0.073394753 -0.013686914
56.092774427 0.997121509 -0.013170140 0.073402229 -0.013687856
56.112988616 0.997120805 -0.013154132 0.073413518 -0.013693921
56.133382813 0.997121054 -0.013141461 0.073414446 -0.013683013
56.153253889 0.997120388 -0.013165578 0.073419099 -0.013683424
56.173435534 0.997120416 -0.013167605 0.073421222 -0.013667982
56.193671524 0.997119856 -0.013161044 0.073425741 -0.013690850
56.213843994 0.997119919 -0.013176055 0.073421472 -0.013694769
56.234008380 0.997120172 -0.013152333 0.073420917 -0.013702119
56.254160452 0.997120083 -0.013137046 0.073424653 -0.013703189
56.274425237 0.997119518 -0.013117337 0.073431819 -0.013724808
56.294592264 0.997119965 -0.013112860 0.073429883 -0.013706940
56.314730621 0.997119875 -0.013105230 0.073428153 -0.013730023
56.334986350 0.997120320 -0.013096430 0.073426958 -0.013712470
56.355144245 0.997122171 -0.013069849 0.073406148 -0.013714697
56.375186054 0.997121408 -0.013062817 0.073416911 -0.013719242
56.395464445 0.997121274 -0.013083815 0.073414873 -0.013719894
56.415576179 0.997120764 -0.013098366 0.073418288 -0.013724764
56.435768488 0.997119479 -0.013101385 0.073434263 -0.013729764
56.455956958 0.997120265 -0.013100391 0.073424559 -0.013725574
56.476198329 0.997120640 -0.013096944 0.073422298 -0.013713730
56.496386791 0.997119894 -0.013123590 0.073425851 -0.013723467
56.516521026 0.997118601 -0.013122222 0.073440543 -0.013740103
56.536740372 0.997118180 -0.013123233 0.073447628 -0.013731782
56.556995630 0.997117688 -0.013125840 0.073452434 -0.013739304
56.577114199 0.997118473 -0.013124145 0.073440053 -0.013750132
56.597164891 0.997119125 -0.013120129 0.073430847 -0.013755878
56.617364060 0.997118414 -0.013115162 0.073437716 -0.013775459
56.637543940 0.997119031 -0.013111285 0.073432408 -0.013762744
56.657814860 0.997119249 -0.013118020 0.073430564 -0.013750356
56.678076956 0.997117608 -0.013129757 0.073449874 -0.013755014
56.698256299 0.997118200 -0.013130295 0.073440532 -0.013761473
56.718284210 0.997118002 -0.013129658 0.073442530 -0.013765798
56.738366348 0.997118442 -0.013128792 0.073434886 -0.013775528
56.758755677 0.997117913 -0.013130162 0.073443294 -0.013767706
56.778768358 0.997117999 -0.013108027 0.073444650 -0.013775306
56.798972941 0.997118583 -0.013107083 0.073433501 -0.013793342
56.819145376 0.997118801 -0.013126742 0.073428866 -0.013783573
56.839266121 0.997118748 -0.013131480 0.073429217 -0.013781024
56.859563333 0.997117638 -0.013132014 0.073442681 -0.013789063
56.879854082 0.997117549 -0.013095017 0.073450989 -0.013786479
56.900011533 0.997117852 -0.013105376 0.073448062 -0.013770312
56.920142708 0.997117231 -0.013101285 0.073457410 -0.013769253
56.940234839 0.997116472 -0.013099541 0.073467549 -0.013771808
56.960366744 0.997116869 -0.013104534 0.073461320 -0.013771556
56.980613632 0.997115975 -0.013114613 0.073469214 -0.013784551
57.000722417 0.997115467 -0.013135868 0.073474318 -0.013773846
57.020915164 0.997115873 -0.013126387 0.073473225 -0.013759293
57.041056014 0.997116130 -0.013110754 0.073477152 -0.013734627
57.061530301 0.997116592 -0.013103573 0.073477992 -0.013703431
57.081565236 0.997115702 -0.013117866 0.073485545 -0.013714009
57.101700074 0.997115327 -0.013106367 0.073489830 -0.013729244
57.121784423 0.997115359 -0.013093872 0.073493788 -0.013717657
57.142078012 0.997115832 -0.013111584 0.073482044 -0.013729297
57.162111902 0.997115618 -0.013112934 0.073483508 -0.013735675
57.182357577 0.997116603 -0.013091227 0.073474333 -0.013733963
57.202529379 0.997115877 -0.013087398 0.073485140 -0.013732487
57.222685587 0.997115392 -0.013097534 0.073492277 -0.013719856
57.242966603 0.997115664 -0.013102952 0.073488189 -0.013716835
57.263350814 0.997116247 -0.013108339 0.073475243 -0.013738604
57.283235762 0.997117524 -0.013121047 0.073459999 -0.013715344
57.303500426 0.997116332 -0.013122483 0.073475134 -0.013719518
57.323807464 0.997116064 -0.013138219 0.073475840 -0.013720180
57.343790540 0.997116525 -0.013142767 0.073468936 -0.013719276
57.363965427 0.997116339 -0.013152731 0.073474098 -0.013695555
57.384135989 0.997116310 -0.013136412 0.073474914 -0.013709004
57.404345401 0.997116180 -0.013113700 0.073478390 -0.013721563
57.424519718 0.997116014 -0.013115163 0.073480371 -0.013721585
57.444999884 0.997115182 -0.013105512 0.073494537 -0.013715403
57.464821001 0.997114936 -0.013117049 0.073494618 -0.013721825
57.485038458 0.997115182 -0.013124262 0.073492202 -0.013709969
57.505192254 0.997114145 -0.013122281 0.073500200 -0.013744415
57.525433783 0.997112849 -0.013124914 0.073512477 -0.013770231
57.545502651 0.997113011 -0.013129048 0.073509717 -0.013769266
57.565666305 0.997113001 -0.013129716 0.073510582 -0.013764747
57.585934765 0.997112437 -0.013118495 0.073521804 -0.013756374
57.606098174 0.997112478 -0.013122612 0.073519067 -0.013764051
57.626177339 0.997111908 -0.013133835 0.073526791 -0.013753390
57.646665315 0.997112567 -0.013148097 0.073516494 -0.013747084
57.666871097 0.997113338 -0.013136391 0.073510996 -0.013731723
57.686749361 0.997112845 -0.013120712 0.073520929 -0.013729347
57.707110131 0.997112305 -0.013114933 0.073531886 -0.013715343
57.727115823 0.997112162 -0.013106822 0.073535349 -0.013714939
57.747260186 0.997112111 -0.013105418 0.073537245 -0.013709834
57.767453719 0.997112113 -0.013101442 0.073535534 -0.013722649
57.787653570 0.997112858 -0.013069005 0.073534781 -0.013703456
57.807815175 0.997112406 -0.013082485 0.073539658 -0.013697349
57.828283585 0.997112635 -0.013073115 0.073537678 -0.013700214
57.848444238 0.997112928 -0.013085044 0.073537417 -0.013668865
57.868436735 0.997111455 -0.013113012 0.073549516 -0.013684422
57.888594220 0.997111437 -0.013120835 0.073548762 -0.013682275
57.908730351 0.997111337 -0.013118481 0.073551027 -0.013679687
57.928890752 0.997110764 -0.013117993 0.073558387 -0.013682361
57.949013806 0.997109723 -0.013124058 0.073571049 -0.013684268
57.969238015 0.997109674 -0.013132821 0.073569426 -0.013688199
57.989432020 0.997109929 -0.013126542 0.073566966 -0.013688886
58.009634581 0.997109816 -0.013118362 0.073570928 -0.013683669
58.029797617 0.997108827 -0.013129081 0.073582262 -0.013684477
58.050033534 0.997109209 -0.013102423 0.073582162 -0.013682771
58.070327667 0.997108709 -0.013094693 0.073589347 -0.013687931
58.090400100 0.997108885 -0.013090847 0.073585863 -0.013697485
58.110753415 0.997108595 -0.013097712 0.073587920 -0.013700980
58.130752822 0.997108369 -0.013098162 0.073591152 -0.013699661
58.150873619 0.997108395 -0.013095088 0.073592592 -0.013693008
58.171039427 0.997108890 -0.013065325 0.073589564 -0.013701665
58.191152013 0.997108836 -0.013059786 0.073589197 -0.013712783
58.211668542 0.997109209 -0.013041498 0.073590647 -0.013695307
58.231546507 0.997109210 -0.013005644 0.073593263 -0.013715277
58.252039478 0.997109567 -0.013006808 0.073585026 -0.013732350
58.272004008 0.997109901 -0.013000371 0.073587222 -0.013702408
58.292094876 0.997109908 -0.013014847 0.073580175 -0.013725981
58.312352797 0.997110860 -0.013006159 0.073566712 -0.013737200
58.332497806 0.997110234 -0.013005206 0.073573782 -0.013745698
58.352698036 0.997110932 -0.013005670 0.073572064 -0.013703779
58.372830651 0.997111290 -0.013003393 0.073565550 -0.013714837
58.392961617 0.997110659 -0.012980789 0.073578990 -0.013710013
58.413093546 0.997111124 -0.012973266 0.073577181 -0.013693064
58.433441302 0.997111154 -0.012985174 0.073576660 -0.013682369
58.453629596 0.997111411 -0.012968476 0.073576652 -0.013679530
58.473863694 0.997112373 -0.012976820 0.073562842 -0.013675771
58.494282586 0.997112320 -0.012968051 0.073567456 -0.013663104
58.513983005 0.997112164 -0.012967297 0.073570452 -0.013659058
58.534189727 0.997112194 -0.012972620 0.073569739 -0.013655700
58.554462631 0.997111975 -0.012967976 0.073575168 -0.013646807
58.574696427 0.997111058 -0.012965441 0.073591983 -0.013625518
58.595055228 0.997111162 -0.012956237 0.073593487 -0.013618569
58.614887396 0.997111616 -0.012953655 0.073586399 -0.013626065
58.635222150 0.997111199 -0.012950931 0.073592016 -0.013628839
58.655402501 0.997110849 -0.012925563 0.073598671 -0.013642623
58.675664291 0.997110418 -0.012911934 0.073604101 -0.013657663
58.695779870 0.997109152 -0.012893425 0.073623255 -0.013664399
58.715774755 0.997109034 -0.012892999 0.073624865 -0.013664689
58.736034120 0.997108692 -0.012892913 0.073625185 -0.013687982
58.756111501 0.997109933 -0.012888618 0.073609342 -0.013686880
58.776299818 0.997108999 -0.012881072 0.073624575 -0.013680038
58.796557663 0.997108271 -0.012880833 0.073634020 -0.013682526
58.816764537 0.997108008 -0.012866128 0.073639494 -0.013686077
58.837097211 0.997109093 -0.012850241 0.073625493 -0.013697260
58.857296846 0.997109436 -0.012836919 0.073625237 -0.013686165
58.877194411 0.997109122 -0.012804445 0.073635411 -0.013684721
58.897374436 0.997109919 -0.012798446 0.073626341 -0.013681015
58.917540687 0.997109615 -0.012801557 0.073630763 -0.013676465
58.937748664 0.997110031 -0.012797858 0.073626092 -0.013674781
58.957970603 0.997109453 -0.012796405 0.073628921 -0.013703032
58.978435395 0.997109015 -0.012817344 0.073632504 -0.013696081
58.998265583 0.997108696 -0.012836708 0.073637289 -0.013675417
59.018443327 0.997109322 -0.012822536 0.073633423 -0.013663855
59.038674577 0.997109511 -0.012811073 0.073639770 -0.013626616
59.059222577 0.997109036 -0.012820811 0.073644045 -0.013629089
59.079126909 0.997109193 -0.012813522 0.073639207 -0.013650603
59.099128201 0.997109626 -0.012814201 0.073634434 -0.013644066
59.119308559 0.997109256 -0.012799216 0.073640700 -0.013651369
59.139517558 0.997109150 -0.012793580 0.073644081 -0.013646151
59.159707790 0.997108996 -0.012798277 0.073649273 -0.013624947
59.179915464 0.997108279 -0.012800781 0.073655522 -0.013641265
59.200128563 0.997110233 -0.012791280 0.073636149 -0.013611907
59.220192175 0.997111432 -0.012780244 0.073622519 -0.013608204
59.240454736 0.997110720 -0.012790961 0.073627885 -0.013621245
59.260804456 0.997109966 -0.012791830 0.073640530 -0.013607248
59.280925507 0.997109756 -0.012792981 0.073643326 -0.013606407
59.300955814 0.997109326 -0.012790196 0.073650096 -0.013603884
59.321116331 0.997109534 -0.012788757 0.073644567 -0.013619938
59.341308947 0.997110019 -0.012791095 0.073637464 -0.013620629
59.361641415 0.997110409 -0.012788541 0.073632045 -0.013623761
59.381790889 0.997111480 -0.012763843 0.073620782 -0.013629447
59.401842558 0.997111616 -0.012750635 0.073618667 -0.013643284
59.422078652 0.997110535 -0.012743256 0.073636857 -0.013631005
59.442250477 0.997110195 -0.012735866 0.073644157 -0.013623341
59.462417693 0.997109601 -0.012760578 0.073642912 -0.013650388
59.482525468 0.997109363 -0.012754852 0.073648804 -0.013641329
59.502746058 0.997109256 -0.012758974 0.073648708 -0.013645783
59.522853542 0.997109665 -0.012742776 0.073642103 -0.013666684
59.543138353 0.997109245 -0.012742323 0.073645459 -0.013679690
59.563202950 0.997109371 -0.012746491 0.073645828 -0.013664572
59.583428062 0.997109783 -0.012725169 0.073647736 -0.013644071
59.603616895 0.997109577 -0.012712687 0.073652595 -0.013644584
59.623834377 0.997108531 -0.012725741 0.073664140 -0.013646543
59.644023613 0.997108152 -0.012746193 0.073662140 -0.013665879
59.664148179 0.997106235 -0.012735972 0.073685447 -0.013689627
59.684390613 0.997105804 -0.012744569 0.073689672 -0.013690298
59.704511030 0.997105813 -0.012715210 0.073695024 -0.013688129
59.724686726 0.997106289 -0.012724389 0.073685856 -0.013694292
59.745149258 0.997107211 -0.012719774 0.073672688 -0.013702238
59.765047838 0.997108313 -0.012692008 0.073662430 -0.013702945
