0.000000000 0.999839714 -0.017065744 0.003952525 0.003699106
0.020257979 0.999840031 -0.017049565 0.003937282 0.003704351
0.040860048 0.999840061 -0.017048059 0.003934555 0.003706173
0.060724703 0.999840164 -0.017045097 0.003930019 0.003696793
0.080769394 0.999840509 -0.017023712 0.003926882 0.003705435
0.100976575 0.999840459 -0.017029050 0.003934305 0.003686411
0.121147613 0.999840984 -0.016996521 0.003940664 0.003687322
0.141289130 0.999841023 -0.016999537 0.003936216 0.003667583
0.161552295 0.999841251 -0.016988742 0.003931840 0.003660114
0.181516724 0.999841395 -0.016974647 0.003940881 0.003676297
0.201795469 0.999841319 -0.016986167 0.003923676 0.003662339
0.222003855 0.999841989 -0.016937260 0.003925235 0.003703808
0.242113641 0.999841797 -0.016951441 0.003916259 0.003700446
0.262371668 0.999841788 -0.016949295 0.003934961 0.003692746
0.282526125 0.999842421 -0.016921009 0.003923714 0.003662947
0.302660244 0.999842296 -0.016919459 0.003933406 0.003693709
0.322832634 0.999842109 -0.016939432 0.003921847 0.003664862
0.343146247 0.999842126 -0.016935167 0.003932809 0.003668333
0.363179996 0.999842189 -0.016929405 0.003943552 0.003666287
0.383330387 0.999842477 -0.016914086 0.003943366 0.003658401
0.403527217 0.999842111 -0.016927383 0.003940965 0.003699398
0.423688340 0.999842078 -0.016933108 0.003932742 0.003690901
0.443885036 0.999842274 -0.016925304 0.003929358 0.003677239
0.464038413 0.999842417 -0.016917921 0.003926600 0.003675190
0.484214028 0.999842156 -0.016934858 0.003929221 0.003665402
0.504374481 0.999842357 -0.016918988 0.003936953 0.003675399
0.524765430 0.999842166 -0.016930537 0.003932550 0.003679019
0.544908366 0.999841973 -0.016936072 0.003947908 0.003689632
0.564966883 0.999842006 -0.016935046 0.003951604 0.003681234
0.585152206 0.999842240 -0.016922104 0.003950852 0.003678133
0.605349883 0.999842363 -0.016923001 0.003931589 0.003661134
0.625430292 0.999841971 -0.016946590 0.003923621 0.003667598
0.645642260 0.999841880 -0.016952482 0.003919031 0.003670164
0.665856371 0.999841682 -0.016965035 0.003900598 0.003685748
0.686038917 0.999842047 -0.016939074 0.003904247 0.003701989
0.706185451 0.999842199 -0.016940221 0.003902141 0.003657747
0.726346451 0.999842376 -0.016925477 0.003901112 0.003678802
0.746512309 0.999842066 -0.016945995 0.003898040 0.003671599
0.766711008 0.999842141 -0.016944878 0.003907044 0.003646720
0.807291001 0.999842545 -0.016921997 0.003897272 0.003652768
0.827255452 0.999842656 -0.016920443 0.003896126 0.003630702
0.847374111 0.999843209 -0.016890638 0.003878000 0.003636592
0.867625739 0.999843125 -0.016891706 0.003883102 0.003649241
0.887796752 0.999842916 -0.016904012 0.003889995 0.003642186
0.908209094 0.999843014 -0.016891089 0.003895245 0.003669645
0.928131664 0.999843220 -0.016880862 0.003892603 0.003663261
0.948462621 0.999843047 -0.016896584 0.003889623 0.003641208
0.968516354 0.999843076 -0.016893310 0.003891727 0.003646010
0.988736810 0.999842651 -0.016914314 0.003898241 0.003658198
1.008932138 0.999842471 -0.016923177 0.003905910 0.003658259
1.029059155 0.999842544 -0.016915467 0.003915974 0.003663376
1.049208533 0.999842566 -0.016909965 0.003924857 0.003673111
1.069346404 0.999842245 -0.016927488 0.003929024 0.003675222
1.089567500 0.999842265 -0.016928430 0.003929328 0.003665322
1.109722217 0.999842204 -0.016926939 0.003938846 0.003678544
1.129899710 0.999842509 -0.016916076 0.003936467 0.003647977
1.150171855 0.999842449 -0.016920877 0.003936466 0.003642169
1.170382923 0.999842519 -0.016916524 0.003938295 0.003641188
1.190654425 0.999842266 -0.016921268 0.003951099 0.003674673
1.210768253 0.999842147 -0.016927432 0.003959009 0.003669939
1.230905169 0.999841654 -0.016954338 0.003974641 0.003663333
1.251254410 0.999841839 -0.016940668 0.003976967 0.003673418
1.271169602 0.999841903 -0.016940083 0.003977192 0.003658574
1.291619045 0.999842034 -0.016939480 0.003955685 0.003648780
1.311551117 0.999841972 -0.016940171 0.003972505 0.003644318
1.331689424 0.999842256 -0.016921607 0.003985671 0.003638348
1.351899425 0.999842163 -0.016928452 0.003985851 0.003631772
1.372080821 0.999842336 -0.016919757 0.003975033 0.003636404
1.392384755 0.999842450 -0.016916405 0.003962506 0.003634405
1.412374332 0.999842178 -0.016932278 0.003972961 0.003623971
1.432554029 0.999841910 -0.016939511 0.003978677 0.003657652
1.452762061 0.999841674 -0.016958242 0.003967726 0.003647244
1.473026993 0.999841603 -0.016959533 0.003968297 0.003660100
1.493198724 0.999841730 -0.016948844 0.003969084 0.003673873
1.513273309 0.999841863 -0.016941704 0.003974109 0.003665190
1.533436766 0.999842110 -0.016927677 0.003970748 0.003666389
1.553654189 0.999842445 -0.016907950 0.003967586 0.003669312
1.573951311 0.999842298 -0.016913551 0.003971591 0.003679329
1.594010905 0.999842523 -0.016901955 0.003973875 0.003668922
1.614187349 0.999842595 -0.016898798 0.003979959 0.003657379
1.634371953 0.999842369 -0.016915656 0.003973000 0.003648561
1.654606746 0.999842128 -0.016925311 0.003969436 0.003673821
1.674925256 0.999842006 -0.016929409 0.003976306 0.003680730
1.694892095 0.999842220 -0.016915444 0.003975807 0.003687209
1.715031312 0.999842174 -0.016914548 0.003995685 0.003682468
1.735342669 0.999842112 -0.016906941 0.004008464 0.003720090
1.755393480 0.999841762 -0.016926652 0.004011018 0.003721605
1.775620989 0.999842268 -0.016902664 0.004002091 0.003704367
1.795749010 0.999842378 -0.016884778 0.004008870 0.003748551
1.815944817 0.999842232 -0.016895908 0.004006408 0.003740056
1.836141038 0.999842310 -0.016886103 0.004007977 0.003761712
1.856730046 0.999842228 -0.016892248 0.004006445 0.003757634
1.876815015 0.999842211 -0.016901110 0.004006653 0.003721892
1.896619191 0.999842332 -0.016892704 0.004002716 0.003731748
1.916772760 0.999842282 -0.016889383 0.004004865 0.003757788
1.936962291 0.999841958 -0.016907023 0.003999806 0.003770050
1.957236623 0.999841991 -0.016904880 0.003987647 0.003783731
1.977517890 0.999842145 -0.016897683 0.003985213 0.003777769
1.997483108 0.999842094 -0.016898778 0.003995668 0.003775257
2.017696691 0.999841599 -0.016921607 0.004011325 0.003787410
2.037908027 0.999841302 -0.016934330 0.004011092 0.003809147
2.058315746 0.999841771 -0.016910382 0.004018607 0.003784577
2.078246212 0.999842015 -0.016895901 0.004022521 0.003780534
2.098475147 0.999842122 -0.016879975 0.004030856 0.003814315
2.118673621 0.999842483 -0.016857399 0.004019938 0.003831032
2.138806930 0.999842628 -0.016853020 0.004003150 0.003830035
2.159148840 0.999842493 -0.016860008 0.004016759 0.003820433
2.179117450 0.999842551 -0.016862282 0.004006571 0.003805716
2.199313665 0.999842513 -0.016866880 0.004003661 0.003798384
2.219441332 0.999842564 -0.016858932 0.004013052 0.003810343
2.239626483 0.999842598 -0.016858239 0.004012569 0.003805129
2.260017252 0.999842623 -0.016856461 0.004001954 0.003817518
2.280032135 0.999842492 -0.016858298 0.004013135 0.003831990
2.300286903 0.999842584 -0.016849906 0.004008112 0.003849933
2.320414839 0.999842441 -0.016860115 0.004013026 0.003837294
2.340726593 0.999842632 -0.016843161 0.004024599 0.003849857
2.360928963 0.999843039 -0.016818770 0.004033192 0.003841712
2.380924417 0.999843071 -0.016817891 0.004045963 0.003823760
2.401040820 0.999842970 -0.016825826 0.004044110 0.003817413
2.421329366 0.999842811 -0.016829895 0.004042790 0.003842477
2.441765604 0.999843005 -0.016823884 0.004046873 0.003813778
2.461640425 0.999843095 -0.016815632 0.004041672 0.003832046
2.481771090 0.999843344 -0.016798094 0.004034977 0.003850922
2.501948330 0.999843615 -0.016781558 0.004050595 0.003836347
2.522214294 0.999843717 -0.016773599 0.004045780 0.003849509
2.542583822 0.999843541 -0.016795251 0.004043816 0.003802754
2.562460353 0.999843585 -0.016784383 0.004053789 0.003828480
2.582693207 0.999843645 -0.016782822 0.004042530 0.003831535
2.602856459 0.999843990 -0.016760349 0.004025101 0.003858093
2.623318716 0.999844272 -0.016746114 0.004018432 0.003853763
2.643603366 0.999844352 -0.016742093 0.004008473 0.003860900
2.663430151 0.999844621 -0.016730751 0.004014168 0.003834356
2.683516147 0.999844299 -0.016745660 0.004025192 0.003841794
2.703732322 0.999844282 -0.016743577 0.004010658 0.003870195
2.723958446 0.999844249 -0.016745360 0.004024985 0.003856228
2.744101245 0.999844106 -0.016750987 0.004036023 0.003857210
2.764225635 0.999844189 -0.016745984 0.004041411 0.003851751
2.784423082 0.999844258 -0.016742147 0.004022865 0.003869937
2.804632370 0.999843872 -0.016763438 0.004023835 0.003876465
2.824969046 0.999843826 -0.016768732 0.004025883 0.003863414
2.845017564 0.999843994 -0.016760693 0.004031127 0.003849281
2.865196573 0.999843598 -0.016782298 0.004053547 0.003834377
2.885491795 0.999843710 -0.016780041 0.004054950 0.003813679
2.905513148 0.999843787 -0.016776552 0.004042467 0.003821828
2.926061320 0.999843784 -0.016769659 0.004044994 0.003850126
2.945891263 0.999843786 -0.016770944 0.004048324 0.003840455
2.966061501 0.999843487 -0.016787371 0.004041751 0.003853673
2.986226001 0.999843201 -0.016804337 0.004046038 0.003849246
3.006632220 0.999843389 -0.016802266 0.004029981 0.003826175
3.026777659 0.999843287 -0.016805692 0.004038199 0.003829359
3.046744222 0.999842463 -0.016846115 0.004046160 0.003858364
3.066949376 0.999842271 -0.016861357 0.004050708 0.003836717
3.087094199 0.999841910 -0.016876066 0.004063411 0.003852462
3.107411419 0.999841717 -0.016891286 0.004055332 0.003844519
3.127461616 0.999841725 -0.016889095 0.004065968 0.003840862
3.147671299 0.999841820 -0.016886570 0.004060977 0.003832510
3.167854765 0.999841417 -0.016903099 0.004075030 0.003849741
3.188022176 0.999841066 -0.016917769 0.004089831 0.003860712
3.208206419 0.999841004 -0.016919531 0.004101287 0.003856980
3.228396712 0.999841202 -0.016907478 0.004107603 0.003851677
3.248507007 0.999841524 -0.016889995 0.004115995 0.003835935
3.268687976 0.999841568 -0.016884960 0.004119977 0.003842153
3.288985305 0.999841320 -0.016899779 0.004121925 0.003839558
3.309430023 0.999841395 -0.016894239 0.004129417 0.003836285
3.329277690 0.999841644 -0.016881497 0.004123494 0.003833850
3.349362900 0.999841600 -0.016883433 0.004135160 0.003824295
3.369569383 0.999841622 -0.016882213 0.004138324 0.003820351
3.390247897 0.999841349 -0.016896378 0.004142501 0.003824856
3.410302865 0.999840926 -0.016917584 0.004149145 0.003834332
3.430255034 0.999841021 -0.016921385 0.004137113 0.003805831
3.450427280 0.999841168 -0.016916657 0.004122577 0.003803816
3.470452216 0.999841229 -0.016909157 0.004131996 0.003811044
3.490804646 0.999841293 -0.016913517 0.004129968 0.003776912
3.510932333 0.999840944 -0.016929938 0.004130511 0.003795053
3.531102000 0.999840800 -0.016935653 0.004135970 0.003801700
3.551330934 0.999841238 -0.016914693 0.004127553 0.003788894
3.571531504 0.999841089 -0.016924073 0.004111091 0.003804012
3.591601072 0.999841581 -0.016894945 0.004125965 0.003788071
3.611696670 0.999841417 -0.016898966 0.004127203 0.003812130
3.631890897 0.999841358 -0.016898517 0.004139475 0.003816124
3.652116134 0.999841306 -0.016902792 0.004138378 0.003812177
3.672274663 0.999840920 -0.016926205 0.004137667 0.003810278
3.692413166 0.999841137 -0.016921981 0.004128688 0.003781742
3.712588276 0.999841308 -0.016914019 0.004115009 0.003787140
3.732776063 0.999840868 -0.016928690 0.004130212 0.003820861
3.753080776 0.999840874 -0.016931275 0.004122865 0.003815822
3.773360320 0.999840971 -0.016932790 0.004123759 0.003782640
3.793407019 0.999841316 -0.016915143 0.004108187 0.003787412
3.813452253 0.999841284 -0.016915534 0.004108710 0.003793295
3.833646004 0.999841265 -0.016913978 0.004116678 0.003796642
3.853803912 0.999841409 -0.016905063 0.004113440 0.003802085
3.874075448 0.999841473 -0.016899167 0.004116845 0.003807596
3.894260603 0.999841540 -0.016901349 0.004112658 0.003784974
3.914367814 0.999841431 -0.016895025 0.004122148 0.003831340
3.934525004 0.999841745 -0.016877874 0.004121921 0.003825126
3.954830519 0.999841634 -0.016890970 0.004122371 0.003795803
3.975164695 0.999841781 -0.016877213 0.004134193 0.003805481
3.995485332 0.999842029 -0.016859256 0.004137887 0.003815869
4.015388358 0.999842053 -0.016858513 0.004136584 0.003814228
4.035430962 0.999841999 -0.016861777 0.004132888 0.003817911
4.055703049 0.999842434 -0.016838217 0.004139252 0.003801131
4.075772192 0.999842433 -0.016834628 0.004142060 0.003814156
4.095924058 0.999842362 -0.016840522 0.004151140 0.003796727
4.116122250 0.999842374 -0.016843896 0.004136920 0.003794339
4.136343507 0.999842598 -0.016831284 0.004151426 0.003775380
4.156829271 0.999842227 -0.016851858 0.004160854 0.003771363
4.176689124 0.999842200 -0.016850974 0.004168202 0.003774276
4.196873438 0.999841538 -0.016889890 0.004163177 0.003781215
4.217042352 0.999841905 -0.016866407 0.004158340 0.003794320
4.237314584 0.999841743 -0.016872578 0.004166551 0.003800615
4.257695916 0.999842142 -0.016850184 0.004175488 0.003785298
4.278054481 0.999842069 -0.016850363 0.004188394 0.003789387
4.297909682 0.999841957 -0.016856318 0.004192085 0.003788307
4.317920391 0.999841981 -0.016852742 0.004187540 0.003802989
4.338108242 0.999841986 -0.016848088 0.004186408 0.003823595
4.358384068 0.999841771 -0.016861121 0.004192681 0.003815423
4.378443350 0.999841974 -0.016849118 0.004178535 0.003830637
4.398610276 0.999841618 -0.016876824 0.004172655 0.003807976
4.418832383 0.999841603 -0.016871609 0.004159349 0.003849447
4.439010394 0.999841643 -0.016869127 0.004159952 0.003849154
4.459256531 0.999841597 -0.016877202 0.004153416 0.003832884
4.479323325 0.999841702 -0.016869356 0.004148613 0.003845100
4.499577791 0.999841287 -0.016897528 0.004157105 0.003820074
4.519723985 0.999841383 -0.016892350 0.004143579 0.003832551
4.539874041 0.999841372 -0.016895406 0.004143613 0.003821914
4.560055984 0.999841521 -0.016883856 0.004134537 0.003843597
4.580210517 0.999841175 -0.016902137 0.004135087 0.003852683
4.600372063 0.999841061 -0.016910072 0.004136863 0.003845503
4.620583601 0.999840962 -0.016916562 0.004139130 0.003840361
4.640989117 0.999840854 -0.016920832 0.004138702 0.003850209
4.661335343 0.999841021 -0.016913588 0.004143849 0.003832938
4.681089207 0.999841173 -0.016903435 0.004143977 0.003837950
4.701343500 0.999840847 -0.016918263 0.004153104 0.003847741
4.721774520 0.999840476 -0.016939045 0.004144460 0.003862066
4.741659031 0.999840659 -0.016931391 0.004138197 0.003854946
4.761869295 0.999840762 -0.016930141 0.004123087 0.003849800
4.782019200 0.999841132 -0.016909793 0.004121265 0.003845210
4.802198523 0.999841381 -0.016903446 0.004095672 0.003835629
4.822602619 0.999841291 -0.016903305 0.004097769 0.003857332
4.842533482 0.999841002 -0.016927022 0.004107312 0.003817906
4.862704207 0.999841143 -0.016920866 0.004106994 0.003808687
4.882897338 0.999841002 -0.016922001 0.004116983 0.003829865
4.903035566 0.999840924 -0.016927792 0.004125933 0.003814964
4.923247013 0.999841367 -0.016903231 0.004139760 0.003792562
4.943730526 0.999841765 -0.016875994 0.004135988 0.003813015
4.963939427 0.999841836 -0.016878165 0.004127586 0.003793953
4.983765297 0.999841738 -0.016885959 0.004121328 0.003791705
5.003928462 0.999841707 -0.016885980 0.004120601 0.003800678
5.024232280 0.999841824 -0.016879912 0.004119324 0.003798256
5.044398997 0.999841363 -0.016914635 0.004109034 0.003776221
5.064487216 0.999841510 -0.016904211 0.004108692 0.003784243
5.084674741 0.999841602 -0.016900951 0.004107232 0.003776194
5.104860661 0.999841388 -0.016915720 0.004123609 0.003748655
5.125151927 0.999840973 -0.016930747 0.004128473 0.003786097
5.145336790 0.999840804 -0.016946182 0.004121902 0.003768682
5.165417029 0.999840948 -0.016940725 0.004131162 0.003744797
5.185570872 0.999841208 -0.016926405 0.004124497 0.003747483
5.205792230 0.999841010 -0.016933063 0.004121057 0.003774004
5.226045616 0.999840865 -0.016948804 0.004122566 0.003739868
5.246277643 0.999840838 -0.016944609 0.004121031 0.003767709
5.266300728 0.999840893 -0.016943745 0.004107496 0.003771933
5.286419858 0.999840847 -0.016946518 0.004106673 0.003772512
5.306671098 0.999840842 -0.016941743 0.004105785 0.003796245
5.326791700 0.999840379 -0.016971501 0.004104217 0.003786766
5.347084767 0.999840820 -0.016952019 0.004105609 0.003755980
5.367138504 0.999840837 -0.016953462 0.004097143 0.003754266
5.387312844 0.999840909 -0.016949147 0.004090859 0.003761314
5.407603140 0.999841037 -0.016946842 0.004072486 0.003757630
5.427815719 0.999841136 -0.016940976 0.004066959 0.003763723
5.447854013 0.999841176 -0.016939484 0.004066810 0.003759910
5.468048851 0.999841713 -0.016913477 0.004073150 0.003727354
5.488276002 0.999841700 -0.016907134 0.004090269 0.003740751
5.508836891 0.999841555 -0.016914423 0.004092711 0.003743961
5.528727134 0.999841332 -0.016930682 0.004092939 0.003729742
5.548825511 0.999840957 -0.016954765 0.004093556 0.003720148
5.569016827 0.999841127 -0.016943235 0.004100102 0.003719851
5.589166661 0.999841301 -0.016931422 0.004107740 0.003718467
5.609379267 0.999841329 -0.016934748 0.004099556 0.003704580
5.629458260 0.999841517 -0.016925280 0.004106248 0.003689699
5.649925562 0.999841171 -0.016948485 0.004099361 0.003684648
5.670010110 0.999840999 -0.016957894 0.004098161 0.003689324
5.690114645 0.999840947 -0.016964543 0.004099307 0.003671725
5.710413876 0.999841178 -0.016952986 0.004096315 0.003665407
5.730416027 0.999841211 -0.016951328 0.004091414 0.003669439
5.750562211 0.999841346 -0.016943994 0.004073176 0.003686784
5.770702948 0.999840969 -0.016970211 0.004081330 0.003659375
5.791087748 0.999840818 -0.016977447 0.004085412 0.003662594
5.811074802 0.999840809 -0.016979814 0.004082050 0.003657693
5.831197009 0.999840806 -0.016978479 0.004082981 0.003663768
5.851369396 0.999840995 -0.016972088 0.004085273 0.003639270
5.871731129 0.999841338 -0.016950673 0.004078410 0.003652441
5.891912853 0.999841137 -0.016962065 0.004076889 0.003656165
5.912328132 0.999841198 -0.016958553 0.004080476 0.003651773
5.932176558 0.999840706 -0.016985949 0.004083938 0.003655398
5.952575496 0.999840353 -0.017001154 0.004089658 0.003674897
5.972448078 0.999840489 -0.016994025 0.004085817 0.003674972
5.992658613 0.999840760 -0.016975198 0.004091250 0.003682385
6.012861794 0.999840886 -0.016962240 0.004095294 0.003703171
6.033027305 0.999841152 -0.016947672 0.004092838 0.003700890
6.053176407 0.999841169 -0.016941201 0.004107130 0.003710008
6.073327778 0.999841110 -0.016940580 0.004108106 0.003727477
6.093730217 0.999840909 -0.016952834 0.004106774 0.003727149
6.114083789 0.999841309 -0.016927010 0.004112392 0.003731070
6.134007576 0.999841349 -0.016917754 0.004117305 0.003756897
6.154047186 0.999841282 -0.016921220 0.004119892 0.003756186
6.174444918 0.999841534 -0.016904612 0.004117714 0.003766371
6.194421538 0.999841792 -0.016888813 0.004104273 0.003783493
6.214624232 0.999841851 -0.016893661 0.004103627 0.003746749
6.234756286 0.999842396 -0.016862848 0.004099941 0.003743938
6.255156646 0.999842539 -0.016855056 0.004098301 0.003742700
6.275347665 0.999842700 -0.016845582 0.004093070 0.003748064
6.295346573 0.999842515 -0.016852825 0.004095433 0.003762416
6.315452679 0.999842604 -0.016853945 0.004099865 0.003728673
6.335704303 0.999842399 -0.016870586 0.004084919 0.003724751
6.355892709 0.999842566 -0.016856785 0.004080327 0.003747474
6.376034516 0.999842561 -0.016857968 0.004080564 0.003743090
6.396244731 0.999842516 -0.016867389 0.004061525 0.003733393
6.416399168 0.999842154 -0.016888814 0.004063304 0.003731686
6.436510548 0.999842241 -0.016877589 0.004079997 0.003740825
6.456789289 0.999841960 -0.016891396 0.004082858 0.003750526
6.476915914 0.999842316 -0.016873913 0.004074422 0.003743472
6.497082318 0.999842533 -0.016866581 0.004057244 0.003737298
6.517371844 0.999842425 -0.016876841 0.004058127 0.003718702
6.537456778 0.999842699 -0.016863785 0.004049577 0.003713565
6.557996902 0.999843135 -0.016829796 0.004052555 0.003746978
6.577829890 0.999843018 -0.016835300 0.004062713 0.003742636
6.597931442 0.999842661 -0.016852291 0.004071631 0.003751752
6.618130551 0.999842626 -0.016855489 0.004053430 0.003766468
6.638339904 0.999842576 -0.016853484 0.004036996 0.003805933
6.658703650 0.999842564 -0.016857729 0.004037269 0.003790008
6.678894696 0.999842580 -0.016859578 0.004035855 0.003779148
6.698983549 0.999842794 -0.016848567 0.004021825 0.003786493
6.719084576 0.999842902 -0.016840984 0.004014523 0.003799611
6.739333749 0.999842499 -0.016860362 0.004015061 0.003819109
6.759689780 0.999842611 -0.016851114 0.004024647 0.003820311
6.779578350 0.999842791 -0.016836502 0.004040653 0.003820715
6.799809262 0.999842908 -0.016834508 0.004029566 0.003810730
6.820068314 0.999842719 -0.016835710 0.004037290 0.003846686
6.840136616 0.999842553 -0.016845799 0.004050146 0.003831992
6.860309113 0.999842599 -0.016839268 0.004053020 0.003845814
6.880560220 0.999842564 -0.016841565 0.004064632 0.003832338
6.900772086 0.999842533 -0.016841297 0.004072628 0.003833324
6.920984323 0.999842561 -0.016838150 0.004064512 0.003848358
6.941136170 0.999842643 -0.016832769 0.004064123 0.003850936
6.961231242 0.999842585 -0.016838600 0.004058549 0.003846403
6.981379033 0.999842609 -0.016836846 0.004069978 0.003835823
7.001526336 0.999842535 -0.016836891 0.004075959 0.003848578
7.021744525 0.999842454 -0.016841290 0.004068864 0.003857899
7.042091468 0.999842734 -0.016831403 0.004075183 0.003821601
7.062267031 0.999842591 -0.016836349 0.004070161 0.003842317
7.082318733 0.999842815 -0.016823360 0.004074923 0.003835880
7.102420780 0.999842908 -0.016817628 0.004052914 0.003860033
7.122576539 0.999842809 -0.016825128 0.004059163 0.003846513
7.142771178 0.999842770 -0.016826684 0.004068331 0.003840256
7.162976207 0.999843063 -0.016816186 0.004054225 0.003824831
7.183124907 0.999842875 -0.016822040 0.004055274 0.003846846
7.203320918 0.999842741 -0.016826114 0.004060472 0.003858346
7.223447532 0.999842521 -0.016833417 0.004043903 0.003900706
7.243742571 0.999842521 -0.016839649 0.004044658 0.003873095
7.263969370 0.999842624 -0.016835796 0.004042095 0.003865784
7.284038744 0.999842169 -0.016859852 0.004053185 0.003867114
7.304276983 0.999842079 -0.016866188 0.004042500 0.003873760
7.324387471 0.999841876 -0.016875619 0.004059846 0.003867171
7.344626481 0.999841827 -0.016882723 0.004050719 0.003858302
7.364758673 0.999841538 -0.016894910 0.004045130 0.003885637
7.384907640 0.999842040 -0.016865201 0.004056510 0.003873694
7.405079535 0.999841401 -0.016897857 0.004064338 0.003887863
7.425375882 0.999841433 -0.016900293 0.004053109 0.003880807
7.445434769 0.999841207 -0.016908061 0.004062728 0.003895276
7.465647691 0.999841121 -0.016909462 0.004051844 0.003922370
7.485745549 0.999841573 -0.016891855 0.004042047 0.003893005
7.506079825 0.999841945 -0.016868765 0.004041040 0.003898750
7.526215983 0.999841669 -0.016887438 0.004032544 0.003897477
7.546318666 0.999841536 -0.016894290 0.004038280 0.003896004
7.566479639 0.999841265 -0.016911500 0.004027872 0.003901609
7.586754214 0.999841196 -0.016915973 0.004026215 0.003901538
7.606965096 0.999841078 -0.016926165 0.004012055 0.003902161
7.626995265 0.999840908 -0.016942985 0.004012022 0.003872744
7.647360789 0.999840408 -0.016963206 0.004030856 0.003893670
7.667479699 0.999840523 -0.016952691 0.004037875 0.003902659
7.687683880 0.999840538 -0.016951729 0.004028253 0.003912784
7.707742221 0.999840545 -0.016951427 0.004027029 0.003913752
7.727937867 0.999840991 -0.016924805 0.004027561 0.003914499
7.748072261 0.999840961 -0.016926501 0.004028825 0.003913354
7.768270327 0.999840894 -0.016927624 0.004035684 0.003918524
7.788393910 0.999841378 -0.016898884 0.004039061 0.003915647
7.808663606 0.999841586 -0.016884964 0.004051372 0.003909926
7.828759565 0.999841795 -0.016872366 0.004067675 0.003893865
7.849394639 0.999842040 -0.016858643 0.004062951 0.003895378
7.869247350 0.999842058 -0.016855082 0.004065275 0.003903736
7.889492902 0.999842004 -0.016855725 0.004063312 0.003916804
7.909617201 0.999842114 -0.016861169 0.004047034 0.003882018
7.929739314 0.999842084 -0.016862734 0.004048339 0.003881496
7.949898913 0.999841937 -0.016874431 0.004038628 0.003878667
7.970031449 0.999841812 -0.016877990 0.004039429 0.003894470
7.990247788 0.999841805 -0.016876754 0.004043429 0.003897510
8.010382964 0.999841439 -0.016895972 0.004041844 0.003909665
8.030568699 0.999841337 -0.016903633 0.004035764 0.003909146
8.051059423 0.999841055 -0.016924406 0.004026838 0.003900568
8.070964147 0.999841108 -0.016924658 0.004019010 0.003893872
8.091249939 0.999841064 -0.016928861 0.004008832 0.003897267
8.111405045 0.999841349 -0.016916925 0.004006878 0.003878118
8.131464809 0.999841253 -0.016924430 0.004002157 0.003874988
8.151655311 0.999841489 -0.016909917 0.004002573 0.003876887
8.171763649 0.999841888 -0.016887918 0.003989444 0.003883487
8.192035019 0.999841771 -0.016896175 0.003989069 0.003878105
8.212237126 0.999841718 -0.016901901 0.003964839 0.003891594
8.232314539 0.999841599 -0.016912697 0.003954081 0.003886207
8.252605013 0.999841736 -0.016911750 0.003942789 0.003866616
8.272880642 0.999841830 -0.016908523 0.003943125 0.003855861
8.293191657 0.999841694 -0.016916748 0.003964214 0.003833514
8.313043270 0.999841908 -0.016902904 0.003966544 0.003836257
8.333266875 0.999841890 -0.016909255 0.003951073 0.003828895
8.353457852 0.999842113 -0.016890023 0.003949541 0.003857079
8.373617407 0.999842408 -0.016873759 0.003953737 0.003847624
8.393755559 0.999842810 -0.016850099 0.003960981 0.003839155
8.414225616 0.999842997 -0.016841390 0.003950656 0.003839411
8.434160634 0.999843378 -0.016816719 0.003940051 0.003859169
8.454348329 0.999843239 -0.016828360 0.003943059 0.003841422
8.474654791 0.999843087 -0.016832611 0.003955797 0.003849066
8.494669064 0.999843009 -0.016831876 0.003961410 0.003866936
8.514846346 0.999842882 -0.016836220 0.003965926 0.003876213
8.534985714 0.999842810 -0.016846744 0.003966580 0.003848151
8.555211101 0.999842755 -0.016843426 0.003976532 0.003866746
8.575310842 0.999842882 -0.016838491 0.003967010 0.003865065
8.595620768 0.999843144 -0.016822350 0.003973806 0.003860655
8.615844872 0.999843200 -0.016812946 0.003972577 0.003888215
8.636223309 0.999843035 -0.016826355 0.003984996 0.003859854
8.656379790 0.999842955 -0.016829516 0.003975065 0.003876989
8.676577753 0.999842661 -0.016844179 0.003972481 0.003891875
8.696528868 0.999842516 -0.016860753 0.003967267 0.003862601
8.716702384 0.999842351 -0.016868583 0.003952165 0.003886422
8.736877749 0.999842250 -0.016872418 0.003962055 0.003885724
8.756961914 0.999842378 -0.016869733 0.003959351 0.003867034
8.777118464 0.999842337 -0.016869936 0.003959114 0.003877007
8.797307679 0.999842796 -0.016836870 0.003962988 0.003898482
8.817474776 0.999842981 -0.016832068 0.003958699 0.003876017
8.837829793 0.999843299 -0.016816357 0.003955886 0.003865149
8.857989803 0.999843222 -0.016827156 0.003929851 0.003864634
8.878018938 0.999843197 -0.016827369 0.003928733 0.003871120
8.898173840 0.999842800 -0.016848190 0.003931037 0.003880804
8.918393157 0.999843063 -0.016834169 0.003929246 0.003875594
8.938554153 0.999843536 -0.016809830 0.003934583 0.003853848
8.958814911 0.999843545 -0.016803936 0.003936578 0.003875037
8.978942006 0.999843330 -0.016820869 0.003920686 0.003873189
8.999110226 0.999843806 -0.016803469 0.003909837 0.003836698
9.019303471 0.999843821 -0.016789789 0.003924681 0.003877408
9.039730331 0.999844179 -0.016769373 0.003940643 0.003857115
9.060358362 0.999844319 -0.016766627 0.003946039 0.003827095
9.079881561 0.999844302 -0.016762453 0.003950406 0.003845403
9.099940049 0.999844258 -0.016763772 0.003941813 0.003859655
9.120241087 0.999843963 -0.016771199 0.003958215 0.003886948
9.140298984 0.999843888 -0.016775712 0.003957260 0.003887825
9.160671567 0.999843751 -0.016778645 0.003969958 0.003897531
9.180724297 0.999843475 -0.016800266 0.003972865 0.003872061
9.200882116 0.999843489 -0.016801741 0.003958670 0.003876702
9.221092771 0.999842903 -0.016830687 0.003955899 0.003904991
9.241469885 0.999843412 -0.016806519 0.003952615 0.003881973
9.261477497 0.999843243 -0.016815909 0.003964181 0.003873069
9.281669956 0.999843377 -0.016810620 0.003962521 0.003862908
9.301789209 0.999843519 -0.016802693 0.003967591 0.003855621
9.321999132 0.999843207 -0.016823843 0.003962713 0.003849188
9.342218536 0.999843106 -0.016828482 0.003961753 0.003856138
9.362305223 0.999842951 -0.016834165 0.003962772 0.003870466
9.382427689 0.999842264 -0.016878227 0.003962741 0.003856175
9.402844783 0.999842110 -0.016880311 0.003956707 0.003892788
9.422901038 0.999842132 -0.016886826 0.003948424 0.003867275
9.443474880 0.999841994 -0.016899546 0.003947054 0.003848889
9.463241470 0.999841963 -0.016895519 0.003949494 0.003871996
9.483373607 0.999841837 -0.016898081 0.003965252 0.003877196
9.503678252 0.999841943 -0.016893677 0.003962016 0.003872394
9.523685339 0.999842325 -0.016869262 0.003950127 0.003892274
9.543862358 0.999842406 -0.016869319 0.003935161 0.003886407
9.564078153 0.999842228 -0.016880956 0.003941263 0.003875416
9.584255303 0.999842081 -0.016883158 0.003951279 0.003893451
9.604372619 0.999842335 -0.016863451 0.003945907 0.003919028
9.624584187 0.999841820 -0.016895530 0.003955090 0.003902866
9.644992307 0.999841953 -0.016890484 0.003960557 0.003885279
9.665054319 0.999841650 -0.016902176 0.003974560 0.003898087
9.685107106 0.999841525 -0.016910164 0.003970339 0.003899738
9.705359912 0.999841496 -0.016913779 0.003979144 0.003882368
9.725468643 0.999841456 -0.016918406 0.003969201 0.003882869
9.745697481 0.999841513 -0.016917227 0.003962749 0.003879723
9.765818654 0.999841599 -0.016908014 0.003998651 0.003860961
9.786040784 0.999841842 -0.016889299 0.004009996 0.003868095
9.806301720 0.999841964 -0.016881681 0.004018364 0.003861164
9.826648176 0.999841576 -0.016907745 0.004018956 0.003846951
9.846881840 0.999841991 -0.016880733 0.004015132 0.003861802
9.866886132 0.999841967 -0.016880228 0.004008856 0.003876502
9.886889600 0.999842321 -0.016860969 0.004008909 0.003869019
9.907053800 0.999842180 -0.016868373 0.004009819 0.003872339
9.927269726 0.999842047 -0.016871445 0.004011957 0.003890867
9.947615610 0.999842036 -0.016878051 0.004004338 0.003872867
9.967649446 0.999841863 -0.016883843 0.004005519 0.003891198
9.987745377 0.999842186 -0.016867537 0.004004601 0.003879800
10.008029560 0.999842678 -0.016844014 0.004005888 0.003853664
10.028212369 0.999842924 -0.016828486 0.004011160 0.003852210
10.048367700 0.999842668 -0.016839948 0.004016648 0.003862941
10.068872303 0.999842944 -0.016828358 0.004019274 0.003839037
10.088697109 0.999843169 -0.016818133 0.004025431 0.003818925
10.109121583 0.999842942 -0.016829288 0.004013011 0.003842076
10.128973495 0.999842867 -0.016836567 0.004013094 0.003829637
10.149252494 0.999842853 -0.016834066 0.004019682 0.003837485
10.169357702 0.999842685 -0.016841723 0.004012385 0.003855090
10.189547971 0.999842547 -0.016855773 0.004005930 0.003836143
10.209773022 0.999842261 -0.016873407 0.004014278 0.003824393
10.230002037 0.999842481 -0.016859003 0.004018920 0.003825611
10.250216141 0.999842608 -0.016846545 0.004014245 0.003852252
10.270262763 0.999842521 -0.016854999 0.004015544 0.003836240
10.290428238 0.999842334 -0.016870317 0.004017750 0.003815285
10.310613191 0.999842152 -0.016876196 0.004022048 0.003832512
10.330829281 0.999842120 -0.016876807 0.004030564 0.003829102
10.351018863 0.999842046 -0.016881196 0.004028040 0.003831942
10.371196431 0.999842104 -0.016867512 0.004033634 0.003870904
10.411531079 0.999841769 -0.016896964 0.004034341 0.003827891
10.431787011 0.999841773 -0.016893296 0.004032589 0.003845064
10.451842257 0.999841950 -0.016884260 0.004030830 0.003840415
10.472033583 0.999841764 -0.016903675 0.004024009 0.003810433
10.492239451 0.999841899 -0.016888115 0.004023614 0.003844294
10.512406360 0.999842102 -0.016875836 0.004028327 0.003840480
10.532666795 0.999842003 -0.016884921 0.004018529 0.003836623
10.553007344 0.999842381 -0.016862095 0.004009418 0.003848138
10.573076873 0.999842449 -0.016858991 0.004027633 0.003824757
10.593135368 0.999842471 -0.016857660 0.004036176 0.003815950
10.613303860 0.999842156 -0.016872804 0.004030273 0.003837846
10.633411196 0.999842537 -0.016849848 0.004027094 0.003842573
10.653632569 0.999842612 -0.016845099 0.004044889 0.003825342
10.673960806 0.999842981 -0.016821516 0.004038224 0.003839701
10.694072473 0.999843033 -0.016815751 0.004032696 0.003857012
10.714233661 0.999843046 -0.016814970 0.004036826 0.003852740
10.734381207 0.999842835 -0.016829924 0.004032440 0.003846944
10.754488310 0.999843005 -0.016824716 0.004022621 0.003835760
10.774941801 0.999842776 -0.016835104 0.004028073 0.003844055
10.794867155 0.999842823 -0.016830955 0.004032301 0.003845723
10.815057636 0.999842814 -0.016829720 0.004025361 0.003860510
10.835412508 0.999843288 -0.016803612 0.004018568 0.003858689
10.855603172 0.999843107 -0.016818506 0.004023780 0.003835229
10.875717261 0.999843467 -0.016790908 0.004044218 0.003840832
10.895729156 0.999843095 -0.016801652 0.004048343 0.003886070
10.915976516 0.999843215 -0.016796154 0.004047183 0.003879956
10.936142313 0.999842688 -0.016830692 0.004050071 0.003863114
10.956334541 0.999842458 -0.016834622 0.004056987 0.003898243
10.976466553 0.999842342 -0.016846223 0.004046804 0.003888303
10.996819763 0.999842185 -0.016852739 0.004050455 0.003896700
11.017147998 0.999842283 -0.016851179 0.004037956 0.003891245
11.037115780 0.999842283 -0.016851585 0.004044312 0.003882839
11.057266519 0.999842105 -0.016860640 0.004044394 0.003889358
11.077367784 0.999842238 -0.016851449 0.004030589 0.003909166
11.097623401 0.999842050 -0.016869451 0.004035533 0.003874429
11.117689599 0.999841382 -0.016904887 0.004048162 0.003879154
11.137923029 0.999841667 -0.016883762 0.004049204 0.003896606
11.158364148 0.999841874 -0.016878043 0.004039308 0.003878474
11.178548043 0.999842525 -0.016840190 0.004037475 0.003876995
11.198482297 0.999842143 -0.016866725 0.004029348 0.003868699
11.218654498 0.999842399 -0.016850541 0.004035076 0.003867184
11.238753449 0.999842315 -0.016855625 0.004042262 0.003859144
11.259132387 0.999842745 -0.016835470 0.004040671 0.003837223
11.279139365 0.999843010 -0.016821489 0.004035729 0.003834714
11.299331848 0.999843124 -0.016812167 0.004044327 0.003836945
11.319433614 0.999843195 -0.016809185 0.004037108 0.003838996
11.339768810 0.999843216 -0.016805365 0.004040509 0.003846804
11.359960933 0.999843271 -0.016810902 0.004027768 0.003821517
11.400205643 0.999843669 -0.016784091 0.004033522 0.003829280
11.420370802 0.999843740 -0.016785933 0.004013278 0.003823737
11.440570870 0.999843730 -0.016785849 0.004007596 0.003832690
11.460728048 0.999843637 -0.016795590 0.004005014 0.003817110
11.480877407 0.999843686 -0.016792362 0.003992472 0.003831614
11.501206648 0.999843516 -0.016798818 0.004005878 0.003833645
11.521486912 0.999843105 -0.016816713 0.004014641 0.003853091
11.541428880 0.999843142 -0.016816257 0.004010359 0.003849807
11.561609923 0.999843380 -0.016805934 0.003992083 0.003852253
11.581788198 0.999843377 -0.016804679 0.004001777 0.003848449
11.601921503 0.999843406 -0.016797078 0.004005621 0.003869968
11.622210768 0.999843205 -0.016801107 0.004019772 0.003889592
11.642390726 0.999843111 -0.016815506 0.004017894 0.003853303
11.662604432 0.999843349 -0.016804656 0.004003242 0.003854099
11.683083216 0.999843411 -0.016789751 0.004007464 0.003898578
11.702840076 0.999843539 -0.016782560 0.004007991 0.003895987
11.723035713 0.999843716 -0.016770048 0.004014569 0.003897758
11.743319117 0.999843782 -0.016765348 0.004014111 0.003901470
11.763346144 0.999843832 -0.016778700 0.004005970 0.003839248
11.783617843 0.999844246 -0.016749307 0.004010481 0.003854884
11.803713567 0.999844439 -0.016733867 0.003999732 0.003882916
11.823931804 0.999844606 -0.016723804 0.003994503 0.003888817
11.844164448 0.999844498 -0.016730904 0.004005265 0.003874772
11.864289284 0.999844415 -0.016733424 0.004009226 0.003881376
11.884411721 0.999844431 -0.016730808 0.004011879 0.003885724
11.904581709 0.999844612 -0.016717053 0.004012070 0.003898007
11.925076796 0.999844481 -0.016726444 0.004002775 0.003901059
11.945343492 0.999844734 -0.016709970 0.004002594 0.003906868
11.965248005 0.999844888 -0.016708125 0.004007191 0.003870642
11.985339817 0.999845154 -0.016693940 0.003996040 0.003874557
12.005593076 0.999845101 -0.016698530 0.004006125 0.003857995
12.025701597 0.999844987 -0.016702690 0.004016870 0.003858475
12.045866436 0.999845184 -0.016695243 0.004019550 0.003836670
12.066005755 0.999845195 -0.016690650 0.004018001 0.003855281
12.086245852 0.999845623 -0.016666829 0.004006885 0.003858896
12.106434471 0.999845484 -0.016676590 0.003999742 0.003860374
12.126738795 0.999845566 -0.016673597 0.003977935 0.003874371
12.146836035 0.999845842 -0.016653396 0.003994576 0.003872892
12.167013894 0.999845938 -0.016644526 0.004014376 0.003865831
12.187114114 0.999845827 -0.016649517 0.004019784 0.003867484
12.207286314 0.999845803 -0.016652617 0.004028021 0.003851705
12.227432710 0.999845737 -0.016656929 0.004025801 0.003852558
12.247690165 0.999845855 -0.016648525 0.004000233 0.003884660
12.267851969 0.999845948 -0.016647609 0.003984470 0.003880878
12.288016428 0.999846325 -0.016635894 0.003970919 0.003847666
12.308239838 0.999846736 -0.016605903 0.003976834 0.003864345
12.328514128 0.999846702 -0.016609789 0.003975114 0.003858331
12.348478639 0.999846751 -0.016606045 0.003974412 0.003862432
12.368692892 0.999846869 -0.016599153 0.003960821 0.003875270
12.388851000 0.999846996 -0.016593602 0.003968222 0.003858770
12.409066128 0.999846924 -0.016598516 0.003966108 0.003858563
12.429243721 0.999847117 -0.016587623 0.003953103 0.003868597
12.449516821 0.999847161 -0.016582856 0.003960995 0.003869652
12.469691447 0.999847167 -0.016580845 0.003970115 0.003867345
12.489778335 0.999847118 -0.016581628 0.003977611 0.003869044
12.509972532 0.999846979 -0.016593862 0.003971652 0.003858572
12.530161867 0.999847257 -0.016576008 0.003972909 0.003861997
12.550403287 0.999847239 -0.016578757 0.003967141 0.003860818
12.570440570 0.999847421 -0.016574587 0.003970355 0.003828085
12.590666337 0.999847631 -0.016558803 0.003963807 0.003848334
12.611037421 0.999847381 -0.016575682 0.003972545 0.003831606
12.631135764 0.999847053 -0.016593375 0.003983651 0.003829090
12.651220994 0.999846996 -0.016601283 0.003977110 0.003816364
12.671462978 0.999846736 -0.016620411 0.003985450 0.003792329
12.691520500 0.999846663 -0.016624678 0.003988202 0.003790191
12.711702422 0.999846503 -0.016629465 0.003989865 0.003809522
12.731970720 0.999846357 -0.016635302 0.003994753 0.003817101
12.752244814 0.999846405 -0.016634638 0.004001068 0.003800958
12.772303605 0.999845936 -0.016662412 0.004005789 0.003797714
12.792409557 0.999845595 -0.016677157 0.003997728 0.003831075
12.812562193 0.999845492 -0.016682101 0.004000435 0.003833608
12.832748496 0.999845429 -0.016680766 0.004010111 0.003845784
12.852924277 0.999845302 -0.016691692 0.004001744 0.003839880
12.873197490 0.999845137 -0.016704334 0.003993930 0.003835998
12.893317210 0.999845430 -0.016681133 0.003984348 0.003870460
12.913462089 0.999845268 -0.016694668 0.003992286 0.003845633
12.933699678 0.999845337 -0.016692539 0.003986655 0.003843008
12.953992387 0.999845672 -0.016673540 0.003981993 0.003843061
12.974148151 0.999845517 -0.016672282 0.003992901 0.003877487
12.994219442 0.999845529 -0.016665090 0.004009685 0.003887883
13.014329755 0.999845524 -0.016662496 0.004019633 0.003890046
13.034567278 0.999845365 -0.016673545 0.004027899 0.003874996
13.054861159 0.999845709 -0.016656905 0.004021575 0.003864318
13.075178688 0.999846115 -0.016627088 0.004030647 0.003878113
13.095141613 0.999846206 -0.016620281 0.004042806 0.003871103
13.115389830 0.999846245 -0.016618485 0.004038932 0.003872962
13.135435820 0.999846174 -0.016621027 0.004042781 0.003876300
13.155818642 0.999846255 -0.016616169 0.004032023 0.003887496
13.175817610 0.999846184 -0.016625536 0.004026149 0.003871610
13.196016625 0.999846024 -0.016636388 0.004029875 0.003862586
13.216204175 0.999845931 -0.016641663 0.004037057 0.003856475
13.236420345 0.999845709 -0.016647594 0.004033778 0.003891604
13.256654495 0.999845345 -0.016668701 0.004046865 0.003881044
13.277018102 0.999845367 -0.016677447 0.004046934 0.003837615
13.297050964 0.999845229 -0.016691384 0.004055781 0.003803359
13.317123133 0.999845342 -0.016681809 0.004065197 0.003805790
13.337361881 0.999845127 -0.016690667 0.004065739 0.003822722
13.357495488 0.999845259 -0.016679790 0.004075917 0.003824828
13.377523075 0.999845073 -0.016691361 0.004074861 0.003824033
13.397723113 0.999845181 -0.016686446 0.004073394 0.003818919
13.417925066 0.999845139 -0.016692663 0.004077113 0.003798702
13.438123640 0.999845196 -0.016691235 0.004083798 0.003782810
13.458414785 0.999844981 -0.016706211 0.004094190 0.003762202
13.478499117 0.999844606 -0.016725333 0.004093298 0.003777918
13.498652869 0.999844565 -0.016722279 0.004091719 0.003803768
13.518845123 0.999844541 -0.016723914 0.004090786 0.003803901
13.538972446 0.999844636 -0.016723556 0.004091561 0.003779751
13.559483598 0.999844320 -0.016738201 0.004092155 0.003797661
13.579353277 0.999844199 -0.016748756 0.004082768 0.003793119
13.599508787 0.999843590 -0.016782021 0.004086568 0.003802629
13.619656412 0.999843517 -0.016774938 0.004092588 0.003846318
13.639962436 0.999843096 -0.016798647 0.004124090 0.003818504
13.660461342 0.999843132 -0.016795960 0.004129760 0.003814759
13.680274248 0.999843049 -0.016803746 0.004115803 0.003817356
13.700509124 0.999843248 -0.016796223 0.004107375 0.003807334
13.720621257 0.999843066 -0.016810402 0.004098961 0.003801601
13.740787727 0.999842921 -0.016816782 0.004109258 0.003800420
13.761310518 0.999843013 -0.016813900 0.004092839 0.003806719
13.781128091 0.999843179 -0.016803475 0.004085859 0.003816620
13.801250330 0.999843031 -0.016814726 0.004078403 0.003813809
13.821477535 0.999842916 -0.016821957 0.004073584 0.003817240
13.842048295 0.999842378 -0.016853058 0.004081147 0.003812973
13.861893641 0.999842252 -0.016862426 0.004082842 0.003802563
13.882029036 0.999842252 -0.016858033 0.004082579 0.003822325
13.902482184 0.999841879 -0.016878836 0.004090845 0.003819260
13.922368443 0.999841862 -0.016881584 0.004086734 0.003815870
13.942630614 0.999841689 -0.016890143 0.004078616 0.003832172
13.962719142 0.999841314 -0.016911666 0.004081316 0.003832231
13.982852539 0.999841084 -0.016928106 0.004089599 0.003810720
14.003171236 0.999841124 -0.016927523 0.004092754 0.003799334
14.023353272 0.999841048 -0.016927482 0.004098345 0.003813613
14.043528295 0.999841021 -0.016929880 0.004098075 0.003810146
14.063632528 0.999841280 -0.016918025 0.004092233 0.003801088
14.083837757 0.999841408 -0.016911931 0.004097079 0.003789345
14.103987234 0.999841285 -0.016916663 0.004115403 0.003780944
14.124159726 0.999841393 -0.016906587 0.004128363 0.003783354
14.144766164 0.999840885 -0.016930313 0.004140768 0.003797756
14.164470205 0.999840620 -0.016948837 0.004143331 0.003782026
14.184703691 0.999840348 -0.016965108 0.004143361 0.003780950
14.204833997 0.999840172 -0.016973161 0.004147254 0.003787170
14.225296931 0.999840245 -0.016971937 0.004140253 0.003781080
14.245301116 0.999840616 -0.016953691 0.004140830 0.003764137
14.265370328 0.999840643 -0.016950155 0.004148421 0.003764458
14.285495736 0.999840559 -0.016953957 0.004144340 0.003774124
14.305722662 0.999840517 -0.016950964 0.004162979 0.003778164
14.325932475 0.999840185 -0.016964468 0.004166646 0.003801411
14.346449976 0.999840281 -0.016965249 0.004154142 0.003786355
14.366341674 0.999840392 -0.016964145 0.004142436 0.003774612
14.386600912 0.999840315 -0.016962153 0.004151861 0.003793584
14.406963392 0.999839829 -0.016997188 0.004139671 0.003778150
14.426816132 0.999839846 -0.016996226 0.004144975 0.003772136
14.447007215 0.999839803 -0.017003680 0.004138809 0.003756896
14.467155449 0.999840103 -0.016983427 0.004135369 0.003772283
14.487334631 0.999839932 -0.016996645 0.004139789 0.003753124
14.507488151 0.999839970 -0.017000208 0.004123458 0.003745042
14.527700609 0.999840090 -0.016992542 0.004120675 0.003750764
14.548029016 0.999840037 -0.016992953 0.004126545 0.003756649
14.568527597 0.999839669 -0.017005925 0.004130292 0.003791397
14.588316919 0.999839685 -0.017004821 0.004132980 0.003789193
14.608714557 0.999839735 -0.017011587 0.004124432 0.003754811
14.628544847 0.999839732 -0.017012920 0.004121418 0.003753100
14.648890967 0.999839490 -0.017024198 0.004133800 0.003752595
14.668932692 0.999839492 -0.017024950 0.004126462 0.003756731
14.689215689 0.999839500 -0.017023935 0.004121729 0.003764369
14.709346228 0.999839722 -0.017009194 0.004111511 0.003783378
14.729516839 0.999839628 -0.017012665 0.004116677 0.003786823
14.749761056 0.999839575 -0.017022136 0.004107826 0.003767781
14.769836826 0.999839355 -0.017030408 0.004115638 0.003780381
14.790017500 0.999839387 -0.017033796 0.004108670 0.003764159
14.810207584 0.999839474 -0.017022970 0.004104776 0.003794118
14.830395575 0.999839559 -0.017022775 0.004094362 0.003783780
14.850595217 0.999839425 -0.017037384 0.004087381 0.003761104
14.870698377 0.999839200 -0.017047238 0.004088376 0.003775053
14.891208216 0.999838995 -0.017061080 0.004088319 0.003766955
14.911228210 0.999838736 -0.017077586 0.004092117 0.003756607
14.931270663 0.999838999 -0.017064234 0.004091707 0.003747678
14.951454757 0.999838866 -0.017069644 0.004098340 0.003751376
14.971640546 0.999838717 -0.017079523 0.004094099 0.003750682
14.992035242 0.999838850 -0.017072409 0.004114331 0.003725511
15.011982485 0.999838948 -0.017064721 0.004122906 0.003724864
15.032126628 0.999838702 -0.017078331 0.004132258 0.003718330
15.052381925 0.999838611 -0.017079743 0.004130728 0.003737741
15.072454523 0.999838283 -0.017096077 0.004149658 0.003729901
15.092792139 0.999838395 -0.017094831 0.004156524 0.003697807
15.112966088 0.999838266 -0.017102070 0.004151159 0.003705223
15.133387875 0.999838315 -0.017096266 0.004151822 0.003718075
15.153263898 0.999838363 -0.017093303 0.004154100 0.003716222
15.173434625 0.999837987 -0.017110662 0.004167085 0.003723047
15.193573509 0.999837771 -0.017116641 0.004184015 0.003734519
15.213706444 0.999838240 -0.017099431 0.004175676 0.003696995
15.233904362 0.999838310 -0.017093123 0.004176988 0.003705618
15.254151780 0.999838119 -0.017104021 0.004172649 0.003711779
15.274641404 0.999838052 -0.017108359 0.004173031 0.003709324
15.294487298 0.999837950 -0.017109957 0.004183126 0.003718261
15.314621430 0.999837726 -0.017115985 0.004189323 0.003743446
15.334890760 0.999837711 -0.017121170 0.004189705 0.003723463
15.355010469 0.999837701 -0.017124535 0.004184177 0.003716929
15.375284232 0.999838173 -0.017097270 0.004169645 0.003731713
15.395311460 0.999838416 -0.017083914 0.004177118 0.003719329
15.415444530 0.999839154 -0.017046095 0.004153956 0.003720406
15.435839183 0.999839217 -0.017045011 0.004137901 0.003726310
15.455838233 0.999839264 -0.017040790 0.004145665 0.003724515
15.476423199 0.999839288 -0.017040899 0.004154575 0.003707401
15.496782111 0.999839286 -0.017042011 0.004150015 0.003708036
15.516512764 0.999839229 -0.017049457 0.004141984 0.003698144
15.536496866 0.999839132 -0.017055804 0.004141406 0.003695620
15.556892073 0.999839148 -0.017053457 0.004141919 0.003701548
15.576908133 0.999839002 -0.017063017 0.004139391 0.003699847
15.597084942 0.999838953 -0.017069614 0.004124618 0.003699179
15.617254880 0.999838985 -0.017069954 0.004131983 0.003680612
15.637446673 0.999838895 -0.017075416 0.004134230 0.003677244
15.657802673 0.999838830 -0.017081941 0.004132700 0.003666455
15.678119993 0.999839071 -0.017073570 0.004130039 0.003642517
15.698119258 0.999839298 -0.017061466 0.004122737 0.003645288
15.718155570 0.999839357 -0.017056002 0.004129444 0.003647013
15.738345875 0.999839147 -0.017069505 0.004107523 0.003666157
15.758753570 0.999839652 -0.017036718 0.004093288 0.003696705
15.778722656 0.999839363 -0.017044024 0.004114676 0.003717402
15.798974523 0.999838908 -0.017068635 0.004115781 0.003725610
15.819023429 0.999838949 -0.017065339 0.004118181 0.003727178
15.839764466 0.999838563 -0.017090252 0.004119431 0.003714952
15.859603482 0.999838541 -0.017085398 0.004122938 0.003739222
15.879544570 0.999838723 -0.017072931 0.004128574 0.003741352
15.899713127 0.999838718 -0.017070976 0.004134163 0.003745330
15.920246210 0.999838653 -0.017069158 0.004146244 0.003757600
15.940143812 0.999838791 -0.017061225 0.004137142 0.003767177
15.960308616 0.999838523 -0.017076813 0.004146230 0.003757640
15.980402769 0.999838149 -0.017097768 0.004134121 0.003775105
16.000684916 0.999838013 -0.017108639 0.004131616 0.003764627
16.020826645 0.999838204 -0.017095722 0.004132899 0.003771011
16.041170396 0.999838278 -0.017088051 0.004145185 0.003772847
16.061231504 0.999838639 -0.017074422 0.004138068 0.003746583
16.081457614 0.999838999 -0.017052038 0.004136359 0.003754364
16.101473237 0.999838990 -0.017052902 0.004120415 0.003770174
16.121704035 0.999839546 -0.017014596 0.004128737 0.003786720
16.141899395 0.999839760 -0.017004592 0.004133321 0.003770069
16.162026469 0.999840001 -0.016995825 0.004124778 0.003755180
16.182236579 0.999839966 -0.016995318 0.004114483 0.003777904
16.202347599 0.999839992 -0.016996148 0.004119078 0.003762286
16.222599752 0.999839864 -0.017006419 0.004109077 0.003760887
16.243106189 0.999839384 -0.017026827 0.004119642 0.003784316
16.263013228 0.999839211 -0.017035992 0.004127081 0.003780740
16.283233417 0.999839157 -0.017039694 0.004122474 0.003783397
16.303413098 0.999839084 -0.017043369 0.004128739 0.003779320
16.323420848 0.999839104 -0.017044666 0.004126328 0.003770785
16.343757638 0.999838747 -0.017065466 0.004128978 0.003768496
16.363863842 0.999838889 -0.017055482 0.004127528 0.003777706
16.383994350 0.999838836 -0.017058753 0.004114807 0.003790620
16.404228156 0.999839182 -0.017031314 0.004116621 0.003820747
16.424432443 0.999839327 -0.017031289 0.004092047 0.003809322
16.444939052 0.999839297 -0.017034248 0.004085115 0.003811469
16.464762078 0.999839383 -0.017028095 0.004084274 0.003817291
16.484930073 0.999839547 -0.017015713 0.004076005 0.003838101
16.505171102 0.999839514 -0.017013295 0.004088624 0.003844071
16.525229059 0.999839371 -0.017021085 0.004087864 0.003847755
16.545449610 0.999839660 -0.016998443 0.004085958 0.003874459
16.565612131 0.999839557 -0.017002349 0.004082820 0.003887291
16.585808283 0.999839565 -0.017002519 0.004082895 0.003884308
16.605963507 0.999839604 -0.016994990 0.004074694 0.003915793
16.626553034 0.999839359 -0.017008511 0.004078172 0.003916130
16.646652144 0.999839239 -0.017020638 0.004086718 0.003884833
16.666467321 0.999839101 -0.017030130 0.004074027 0.003892139
16.686857231 0.999839165 -0.017026082 0.004079168 0.003888092
16.706890756 0.999839263 -0.017022229 0.004082569 0.003876202
16.727030263 0.999839314 -0.017020536 0.004080522 0.003872694
16.747189993 0.999839999 -0.016986135 0.004059215 0.003869103
16.767308875 0.999840141 -0.016978555 0.004062320 0.003862390
16.787559243 0.999840441 -0.016962618 0.004055304 0.003862162
16.808049562 0.999840102 -0.016978948 0.004057823 0.003875475
16.827930363 0.999840368 -0.016963504 0.004062998 0.003869125
16.848173019 0.999840399 -0.016967515 0.004055786 0.003851170
16.868346703 0.999840465 -0.016960581 0.004040991 0.003879879
16.888540369 0.999840680 -0.016952094 0.004034594 0.003868237
16.908606585 0.999840634 -0.016956354 0.004037531 0.003858265
16.928769256 0.999840901 -0.016938254 0.004024497 0.003882277
16.948949100 0.999841159 -0.016928270 0.004012322 0.003871898
16.969173054 0.999841128 -0.016932127 0.004000090 0.003875621
16.989331460 0.999841035 -0.016935362 0.003982769 0.003903263
17.009461286 0.999841206 -0.016937536 0.003965113 0.003867977
17.029685242 0.999841203 -0.016933952 0.003951249 0.003898440
17.050005177 0.999841091 -0.016936008 0.003959296 0.003910074
17.070126398 0.999840862 -0.016956611 0.003949023 0.003889504
17.090411311 0.999841031 -0.016943300 0.003949835 0.003903279
17.110448575 0.999841184 -0.016942019 0.003951691 0.003867612
17.130651404 0.999841107 -0.016942845 0.003971842 0.003863357
17.150793650 0.999841246 -0.016937137 0.003965277 0.003859186
17.170954847 0.999840639 -0.016969967 0.003975599 0.003861536
17.191104177 0.999840438 -0.016982189 0.003976631 0.003858746
17.211312632 0.999840127 -0.016993992 0.003971595 0.003892556
17.231548754 0.999840465 -0.016975537 0.003973527 0.003884174
17.251724348 0.999840603 -0.016970279 0.003950515 0.003895012
17.271841314 0.999840683 -0.016963799 0.003960323 0.003892693
17.292012125 0.999840679 -0.016957026 0.003971705 0.003911753
17.312195316 0.999840664 -0.016958749 0.003965903 0.003913996
17.332336057 0.999840465 -0.016971366 0.003956857 0.003919136
17.352463951 0.999840330 -0.016984072 0.003956469 0.003899001
17.372747344 0.999840647 -0.016960500 0.003959186 0.003917429
17.392906776 0.999841010 -0.016942602 0.003937551 0.003924001
17.413094536 0.999841262 -0.016935464 0.003936742 0.003891440
17.433273755 0.999840988 -0.016944833 0.003952374 0.003905240
17.453504000 0.999841003 -0.016941637 0.003963124 0.003904287
17.473677012 0.999841044 -0.016942926 0.003968916 0.003882168
17.493771995 0.999841068 -0.016941394 0.003977241 0.003874166
17.513966405 0.999841191 -0.016941106 0.003966563 0.003854529
17.534263865 0.999841019 -0.016949297 0.003965693 0.003863993
17.554314837 0.999841059 -0.016943127 0.003962816 0.003883653
17.574714161 0.999841221 -0.016938077 0.003964527 0.003862268
17.594621820 0.999841759 -0.016910276 0.003972973 0.003835937
17.615110857 0.999841674 -0.016915009 0.003977109 0.003833047
17.635097186 0.999841760 -0.016915020 0.003969281 0.003818624
17.655303216 0.999842039 -0.016898720 0.003964533 0.003822673
17.675477308 0.999842024 -0.016898466 0.003972370 0.003819624
17.695495275 0.999841693 -0.016913024 0.003985331 0.003828266
17.715669034 0.999841653 -0.016916750 0.003984051 0.003823519
17.735964719 0.999841519 -0.016930759 0.003971652 0.003809454
17.756054871 0.999841546 -0.016935166 0.003969179 0.003785438
17.776247605 0.999841604 -0.016927429 0.003973205 0.003800399
17.796561546 0.999841718 -0.016916510 0.003984902 0.003806602
17.816705941 0.999841286 -0.016937435 0.004000099 0.003811148
17.837125351 0.999841392 -0.016936350 0.003987076 0.003801875
17.857461826 0.999841333 -0.016938220 0.003996930 0.003798796
17.877101847 0.999841243 -0.016943962 0.003996934 0.003796710
17.897293899 0.999841021 -0.016946591 0.004020643 0.003818278
17.917425624 0.999840966 -0.016955319 0.004013693 0.003801290
17.937607916 0.999840745 -0.016959653 0.004025850 0.003827306
17.958046761 0.999841132 -0.016933330 0.004022314 0.003846397
17.977983571 0.999841502 -0.016917119 0.004022467 0.003821343
17.998211925 0.999841757 -0.016903650 0.004003881 0.003833732
18.018373088 0.999841689 -0.016909211 0.003994204 0.003836843
18.038619880 0.999841550 -0.016916921 0.004004900 0.003828009
18.058836114 0.999841718 -0.016901301 0.003998732 0.003859468
18.078914806 0.999841708 -0.016898174 0.004008785 0.003865261
18.099074641 0.999841668 -0.016901803 0.004008452 0.003860127
18.119225702 0.999841549 -0.016907190 0.004032708 0.003842016
18.139452119 0.999841885 -0.016890679 0.004021746 0.003838598
18.159597876 0.999841940 -0.016898009 0.004007078 0.003807341
18.179805214 0.999842236 -0.016879411 0.004009522 0.003809482
18.200056786 0.999842598 -0.016859643 0.004009687 0.003801752
18.220472725 0.999842636 -0.016849507 0.004019747 0.003826041
18.240379201 0.999842563 -0.016852195 0.004029581 0.003822894
18.260716470 0.999842739 -0.016844557 0.004016951 0.003823937
18.280640600 0.999842914 -0.016839474 0.004017231 0.003800229
18.300836007 0.999842990 -0.016836840 0.004022533 0.003786171
18.321000020 0.999843162 -0.016831679 0.004014286 0.003772349
18.341482072 0.999843004 -0.016840532 0.004006745 0.003782808
18.361360816 0.999842765 -0.016853944 0.004005676 0.003787357
18.381508560 0.999842708 -0.016862013 0.004012582 0.003759016
18.401735539 0.999842487 -0.016875199 0.004018444 0.003752434
18.421918857 0.999842448 -0.016879051 0.004010737 0.003753658
18.442120867 0.999842602 -0.016872177 0.004012924 0.003741392
18.462238502 0.999842399 -0.016879091 0.004019415 0.003757460
18.482401291 0.999842386 -0.016881639 0.004018585 0.003750207
18.502625292 0.999842033 -0.016903127 0.004041391 0.003723075
18.522825311 0.999841953 -0.016906467 0.004038168 0.003732903
18.543008630 0.999841737 -0.016919339 0.004036526 0.003734029
18.563278489 0.999841725 -0.016921240 0.004021368 0.003744899
18.583380489 0.999842026 -0.016906498 0.004017898 0.003734911
18.603506738 0.999842072 -0.016906479 0.004023957 0.003716275
18.623752711 0.999842090 -0.016903248 0.004020711 0.003729364
18.643952807 0.999842093 -0.016909671 0.004017071 0.003703391
18.664073432 0.999841907 -0.016917537 0.004026876 0.003706976
18.684246123 0.999841528 -0.016932898 0.004032173 0.003733412
18.704352799 0.999841561 -0.016929034 0.004027608 0.003746842
18.724666480 0.999841609 -0.016933971 0.004019389 0.003720430
18.744776514 0.999841592 -0.016936916 0.004011868 0.003719748
18.764960178 0.999841425 -0.016942436 0.004020887 0.003729761
18.785122007 0.999841392 -0.016940403 0.004016719 0.003752308
18.805514617 0.999841510 -0.016937688 0.004012506 0.003737561
18.825450697 0.999841506 -0.016936078 0.004014381 0.003744009
18.845775066 0.999841765 -0.016923816 0.004013918 0.003730729
18.865840764 0.999841733 -0.016928192 0.004010265 0.003723338
18.886009290 0.999842229 -0.016896847 0.003998264 0.003745271
18.906164363 0.999842322 -0.016887316 0.004005625 0.003755576
18.926385035 0.999842270 -0.016891994 0.004001349 0.003753110
18.946508966 0.999842354 -0.016886230 0.004012866 0.003744362
18.966674052 0.999842429 -0.016878632 0.004011990 0.003759498
18.986928997 0.999842004 -0.016899914 0.004021975 0.003766108
19.007240226 0.999841906 -0.016907573 0.004029332 0.003749906
19.027347085 0.999842056 -0.016897438 0.004027284 0.003757864
19.047363277 0.999841958 -0.016902953 0.004027893 0.003758472
19.067550960 0.999842410 -0.016888614 0.004003149 0.003728768
19.087756877 0.999841986 -0.016917560 0.004003620 0.003710779
19.107963594 0.999841592 -0.016937061 0.004010868 0.003720301
19.128217307 0.999841246 -0.016952240 0.004016972 0.003737375
19.148314624 0.999840921 -0.016972636 0.004015735 0.003733108
19.168450775 0.999840994 -0.016966782 0.004012516 0.003743731
19.188676824 0.999841037 -0.016967440 0.004004195 0.003738012
19.208880861 0.999841236 -0.016964105 0.003985695 0.003719772
19.229155841 0.999841274 -0.016957683 0.003984328 0.003740180
19.249339309 0.999841429 -0.016956925 0.003974512 0.003712472
19.269374605 0.999841359 -0.016957968 0.003981126 0.003719621
19.289531350 0.999841473 -0.016948954 0.003971158 0.003740572
19.309718024 0.999841808 -0.016934448 0.003967553 0.003720580
19.329908722 0.999841252 -0.016967714 0.003958181 0.003728237
19.350149366 0.999840942 -0.016985672 0.003942892 0.003745923
19.370354471 0.999840418 -0.017014924 0.003945563 0.003750006
19.390644597 0.999840750 -0.017000868 0.003930379 0.003741340
19.410980012 0.999840779 -0.016998750 0.003939546 0.003733434
19.430830906 0.999840573 -0.017011383 0.003929934 0.003741274
19.451082389 0.999840941 -0.016988077 0.003926228 0.003752626
19.471123070 0.999840785 -0.016995585 0.003931773 0.003754384
19.491708426 0.999840707 -0.017002564 0.003937528 0.003737426
19.511449473 0.999840931 -0.016987535 0.003940066 0.003743358
19.531690482 0.999840975 -0.016982622 0.003942275 0.003751478
19.551980624 0.999841022 -0.016979696 0.003937093 0.003757722
19.572050022 0.999841157 -0.016971874 0.003930265 0.003764245
19.592217227 0.999841425 -0.016958344 0.003923714 0.003760797
19.612427381 0.999841345 -0.016961482 0.003921444 0.003770178
19.632713037 0.999841043 -0.016983165 0.003911212 0.003763320
19.652691370 0.999841292 -0.016971506 0.003910634 0.003750535
19.672897165 0.999841026 -0.016980334 0.003916442 0.003775133
19.693084781 0.999841039 -0.016975275 0.003917407 0.003793538
19.713239032 0.999841407 -0.016948425 0.003923139 0.003810659
19.733428375 0.999841167 -0.016964466 0.003938838 0.003785965
19.753736684 0.999841184 -0.016964975 0.003938863 0.003779136
19.773919468 0.999841021 -0.016974689 0.003946469 0.003770632
19.794147962 0.999840855 -0.016983514 0.003958497 0.003762475
19.814364466 0.999841101 -0.016967145 0.003963062 0.003766050
19.834415105 0.999841102 -0.016971825 0.003952794 0.003755391
19.854456427 0.999841062 -0.016974108 0.003955958 0.003752390
19.874910243 0.999841123 -0.016970372 0.003947441 0.003761931
19.894867533 0.999841012 -0.016978149 0.003944818 0.003759298
19.915005188 0.999841136 -0.016977925 0.003940773 0.003731438
19.935368798 0.999841075 -0.016975294 0.003939969 0.003760332
19.955507058 0.999841444 -0.016954607 0.003940247 0.003755441
19.975539361 0.999841471 -0.016957406 0.003943503 0.003732024
19.996090794 0.999841607 -0.016948700 0.003937214 0.003741735
20.015952381 0.999841453 -0.016963675 0.003935270 0.003716978
20.036170809 0.999841439 -0.016965014 0.003938576 0.003711231
20.056527465 0.999841579 -0.016953473 0.003928934 0.003736213
20.076412017 0.999841862 -0.016937810 0.003925369 0.003735317
20.096599828 0.999841815 -0.016945894 0.003918275 0.003718810
20.116830188 0.999841788 -0.016952749 0.003904371 0.003709267
20.137115404 0.999841806 -0.016955488 0.003901023 0.003695412
20.157280817 0.999841655 -0.016963061 0.003894211 0.003708709
20.177770118 0.999841723 -0.016957734 0.003886640 0.003722747
20.197648034 0.999841547 -0.016964951 0.003894906 0.003728290
20.217698243 0.999841749 -0.016955325 0.003885898 0.003727480
20.237908894 0.999841705 -0.016959854 0.003887717 0.003716795
20.258218897 0.999842015 -0.016946707 0.003878028 0.003703278
20.278248910 0.999841796 -0.016957180 0.003879787 0.003712793
20.298372075 0.999841382 -0.016977708 0.003885917 0.003723893
20.318583169 0.999841372 -0.016982013 0.003872967 0.003720564
20.338871100 0.999841360 -0.016984604 0.003867087 0.003718036
20.359061412 0.999841525 -0.016976834 0.003865260 0.003711134
20.379202266 0.999841124 -0.016996375 0.003857575 0.003737514
20.399473756 0.999840758 -0.017022690 0.003859921 0.003713124
20.419536529 0.999841236 -0.017002580 0.003835934 0.003701361
20.439670584 0.999841261 -0.016997944 0.003834337 0.003717701
20.460216024 0.999841584 -0.016985191 0.003833143 0.003690200
20.480143976 0.999842088 -0.016956134 0.003826788 0.003693877
20.500178737 0.999841961 -0.016966193 0.003821834 0.003687154
20.520323324 0.999842162 -0.016953141 0.003815250 0.003699493
20.540664924 0.999842929 -0.016910635 0.003813042 0.003688998
20.561098541 0.999842745 -0.016918446 0.003824920 0.003690597
20.580870409 0.999842308 -0.016947816 0.003828008 0.003670994
20.601073915 0.999842355 -0.016944867 0.003836756 0.003662806
20.621349769 0.999842807 -0.016917177 0.003830455 0.003673909
20.641479763 0.999842862 -0.016916668 0.003830250 0.003661631
20.661817134 0.999842576 -0.016928794 0.003848493 0.003664432
20.681778985 0.999842278 -0.016945951 0.003856183 0.003658480
20.701956506 0.999842647 -0.016924679 0.003858069 0.003654040
20.722265046 0.999842661 -0.016921382 0.003866340 0.003656689
20.742365155 0.999842276 -0.016944474 0.003875220 0.003645609
20.762469099 0.999842117 -0.016952480 0.003870816 0.003656738
20.782752372 0.999841944 -0.016969228 0.003865617 0.003631777
20.802856339 0.999842220 -0.016954857 0.003864588 0.003624016
20.822975317 0.999842111 -0.016958876 0.003861965 0.003638029
20.843275568 0.999841999 -0.016960677 0.003874587 0.003646996
20.863510394 0.999842054 -0.016963035 0.003875190 0.003620215
20.883607939 0.999842017 -0.016958454 0.003891608 0.003634164
20.903755024 0.999842453 -0.016938217 0.003885628 0.003614944
20.923959611 0.999842234 -0.016948861 0.003879910 0.003631695
20.944124682 0.999842163 -0.016951979 0.003894418 0.003621104
20.964296727 0.999842317 -0.016945910 0.003889925 0.003611961
20.984392910 0.999842315 -0.016939636 0.003903927 0.003626662
21.004578585 0.999842080 -0.016956611 0.003897671 0.003618870
21.024889103 0.999842121 -0.016954170 0.003886741 0.003630833
21.045046849 0.999842054 -0.016955796 0.003902649 0.003624526
21.065295923 0.999841998 -0.016960910 0.003888119 0.003631642
21.085517415 0.999842053 -0.016954121 0.003886302 0.003650059
21.105844155 0.999842182 -0.016945695 0.003895839 0.003643815
21.125850336 0.999842491 -0.016930725 0.003897444 0.003626665
21.145998142 0.999842513 -0.016930315 0.003897107 0.003623119
21.166137312 0.999842392 -0.016936160 0.003892247 0.003634340
21.186354419 0.999842503 -0.016927815 0.003894631 0.003640012
21.206443969 0.999842569 -0.016922338 0.003892237 0.003650085
21.226595912 0.999842666 -0.016923111 0.003890625 0.003621531
21.247218803 0.999842458 -0.016934269 0.003891803 0.003625278
21.266992019 0.999842445 -0.016934518 0.003887570 0.003632443
21.287110261 0.999842276 -0.016940450 0.003902508 0.003635099
21.307310392 0.999842432 -0.016932210 0.003901888 0.003631475
21.327496648 0.999842027 -0.016950980 0.003904506 0.003652420
21.347762387 0.999842023 -0.016949071 0.003915638 0.003650401
21.367780247 0.999842059 -0.016943375 0.003918209 0.003664185
21.388151941 0.999842363 -0.016926516 0.003917926 0.003659563
21.408270520 0.999842138 -0.016944027 0.003913145 0.003645099
21.428482721 0.999841785 -0.016956572 0.003918034 0.003678074
21.448496237 0.999841918 -0.016955633 0.003897073 0.003668603
21.468673498 0.999841800 -0.016962610 0.003899771 0.003665637
21.488836030 0.999842094 -0.016953292 0.003895781 0.003632716
21.509094066 0.999842018 -0.016959939 0.003878010 0.003641505
21.529210222 0.999841689 -0.016979203 0.003884553 0.003635120
21.549462337 0.999841187 -0.017014258 0.003875610 0.003618720
21.569717087 0.999841073 -0.017024725 0.003867463 0.003609822
21.589847209 0.999841426 -0.017002550 0.003887564 0.003594813
21.610013955 0.999841454 -0.016996484 0.003891220 0.003611777
21.630085094 0.999841623 -0.016985981 0.003885508 0.003620569
21.650242173 0.999841399 -0.016997684 0.003882072 0.003631105
21.670505397 0.999840994 -0.017015205 0.003902865 0.003638376
21.690618001 0.999841184 -0.017008440 0.003904031 0.003616266
21.710843605 0.999841094 -0.017013716 0.003915429 0.003604146
21.731030992 0.999841651 -0.016982502 0.003918309 0.003593658
21.751162101 0.999841478 -0.016990875 0.003926125 0.003593611
21.771405484 0.999841594 -0.016980108 0.003934545 0.003603202
21.791638757 0.999841253 -0.016991513 0.003950248 0.003626701
21.811723268 0.999841817 -0.016963389 0.003941763 0.003612033
21.831867411 0.999841676 -0.016970031 0.003941468 0.003620223
21.852049018 0.999841947 -0.016959543 0.003937205 0.003599011
21.872253462 0.999841841 -0.016965197 0.003931400 0.003608185
21.892373629 0.999841638 -0.016978089 0.003930101 0.003605171
21.912546539 0.999841450 -0.016989245 0.003928229 0.003606869
21.932762986 0.999841677 -0.016977986 0.003925954 0.003599434
21.953111608 0.999841857 -0.016964649 0.003939067 0.003597986
21.973300382 0.999841620 -0.016972562 0.003961375 0.003601983
21.993298722 0.999841630 -0.016971141 0.003961746 0.003605612
22.013453102 0.999842008 -0.016951646 0.003961286 0.003592777
22.033615274 0.999841773 -0.016963120 0.003957884 0.003607896
22.053936540 0.999841962 -0.016955041 0.003958722 0.003592413
22.074013564 0.999841955 -0.016952083 0.003953632 0.003614097
22.094196609 0.999841690 -0.016966437 0.003952826 0.003620734
22.114672160 0.999841901 -0.016954362 0.003952553 0.003619513
22.134828362 0.999841888 -0.016953476 0.003953089 0.003626667
22.154859775 0.999842027 -0.016949593 0.003948318 0.003611437
22.175412571 0.999841971 -0.016948227 0.003962536 0.003617941
22.195039959 0.999841882 -0.016952727 0.003967278 0.003616209
22.215250502 0.999841593 -0.016967594 0.003982526 0.003609669
22.235401636 0.999841525 -0.016977141 0.003965706 0.003602178
22.255659210 0.999842022 -0.016945063 0.003962543 0.003618483
22.275822464 0.999841864 -0.016961050 0.003965063 0.003584407
22.296041778 0.999841613 -0.016971706 0.003957309 0.003612519
22.316211776 0.999841180 -0.016991938 0.003962507 0.003631547
22.336437727 0.999840858 -0.017009046 0.003966181 0.003636020
22.357212451 0.999840587 -0.017023010 0.003961487 0.003650264
22.376653247 0.999840569 -0.017023388 0.003963164 0.003651590
22.396948559 0.999840936 -0.017001576 0.003958837 0.003657334
22.416985751 0.999841041 -0.016995903 0.003950503 0.003664199
22.437240488 0.999840423 -0.017031771 0.003942235 0.003674949
22.457528194 0.999840283 -0.017038833 0.003942017 0.003680739
22.477525880 0.999840186 -0.017048791 0.003941912 0.003660910
22.497703966 0.999840146 -0.017051026 0.003948706 0.003654196
22.518065592 0.999840147 -0.017053850 0.003953054 0.003635802
22.538186821 0.999840021 -0.017061234 0.003956518 0.003632264
22.558270069 0.999839802 -0.017071324 0.003966982 0.003633504
22.578572693 0.999839566 -0.017081855 0.003976325 0.003638774
22.598646062 0.999839637 -0.017079684 0.003982777 0.003622561
22.618767877 0.999839710 -0.017073747 0.003986262 0.003626392
22.638960371 0.999839857 -0.017057515 0.003998167 0.003649097
22.659520098 0.999839934 -0.017056262 0.004004583 0.003626819
22.679396812 0.999839893 -0.017059623 0.003998984 0.003628551
22.699516984 0.999839972 -0.017056375 0.003999393 0.003621609
22.719692805 0.999839943 -0.017055196 0.004003293 0.003630696
22.739923904 0.999840140 -0.017044032 0.004008848 0.003622789
22.760316944 0.999840404 -0.017028177 0.004004945 0.003628838
22.780232047 0.999840319 -0.017030894 0.004000684 0.003644142
22.800359440 0.999840063 -0.017042992 0.003992115 0.003667066
22.820626886 0.999840210 -0.017042398 0.003982226 0.003640395
22.841127901 0.999840152 -0.017044806 0.003983761 0.003643574
22.861067879 0.999839926 -0.017055104 0.003999348 0.003640056
22.881062516 0.999839963 -0.017052280 0.004005784 0.003636169
22.901289307 0.999839920 -0.017059407 0.003995621 0.003625862
22.921428698 0.999839986 -0.017055825 0.003981701 0.003639704
22.941745107 0.999839588 -0.017077854 0.003987899 0.003638985
22.961881163 0.999839413 -0.017082379 0.003992712 0.003660451
22.981984949 0.999839196 -0.017103336 0.003992877 0.003621437
23.002321197 0.999839421 -0.017088780 0.003997931 0.003622530
23.022332666 0.999839379 -0.017083714 0.004005772 0.003649343
23.042576077 0.999839540 -0.017080116 0.003997907 0.003630617
23.062760302 0.999839431 -0.017086939 0.003993598 0.003633163
23.082874489 0.999839206 -0.017098411 0.003995949 0.003638547
23.103060985 0.999839112 -0.017105588 0.003986153 0.003641452
23.123289363 0.999838633 -0.017127593 0.004009802 0.003643573
23.143666555 0.999838621 -0.017129315 0.004002257 0.003647071
23.163547097 0.999838819 -0.017121025 0.004010049 0.003622991
23.183771794 0.999838678 -0.017130801 0.004003931 0.003622483
23.203944707 0.999838168 -0.017148600 0.004031367 0.003648606
23.224488977 0.999838326 -0.017145219 0.004026464 0.003626460
23.244452112 0.999838453 -0.017135269 0.004035001 0.003628951
23.264466176 0.999838605 -0.017126562 0.004033726 0.003629713
23.284682810 0.999838633 -0.017122613 0.004032767 0.003641611
23.304868854 0.999838345 -0.017130638 0.004042539 0.003671862
23.325401779 0.999837877 -0.017159107 0.004034644 0.003675067
23.345555064 0.999838095 -0.017150107 0.004017215 0.003676911
23.365446078 0.999838139 -0.017150153 0.004011036 0.003671365
23.385530964 0.999838627 -0.017124715 0.003991963 0.003678110
23.405765630 0.999838271 -0.017134228 0.003998483 0.003723147
23.425958939 0.999838392 -0.017127093 0.004000441 0.003721473
23.446083962 0.999838360 -0.017127207 0.003993136 0.003737256
23.466336523 0.999838436 -0.017126841 0.003982306 0.003730169
23.486375229 0.999838613 -0.017116334 0.003981602 0.003731830
23.506605742 0.999839043 -0.017093894 0.003982330 0.003718577
23.526893728 0.999839158 -0.017087076 0.003983044 0.003718163
23.546960289 0.999839536 -0.017065866 0.003988465 0.003708190
23.567188285 0.999839574 -0.017063710 0.003979517 0.003717417
23.587665940 0.999839583 -0.017063388 0.003987241 0.003708245
23.607456824 0.999839522 -0.017066188 0.003989628 0.003709260
23.627702691 0.999839392 -0.017070899 0.003994871 0.003717026
23.648004888 0.999839398 -0.017076536 0.004002697 0.003680704
23.668051253 0.999839263 -0.017086530 0.003990003 0.003684992
23.688231161 0.999839272 -0.017080895 0.003999065 0.003698714
23.708388695 0.999839238 -0.017085639 0.003992803 0.003692755
23.728863671 0.999839079 -0.017099153 0.003985140 0.003681648
23.748742432 0.999838949 -0.017107859 0.003987966 0.003673315
23.769079188 0.999838746 -0.017116951 0.004002607 0.003670168
23.789191821 0.999838470 -0.017138446 0.004007447 0.003639846
23.809318591 0.999838657 -0.017130598 0.004002784 0.003630602
23.829411282 0.999838767 -0.017123244 0.004014372 0.003621930
23.849738596 0.999838841 -0.017112390 0.004030974 0.003634448
23.869933501 0.999838834 -0.017107889 0.004030417 0.003658039
23.890050247 0.999838733 -0.017114094 0.004032747 0.003654206
23.910286257 0.999839070 -0.017098241 0.004019796 0.003650305
23.930423340 0.999839028 -0.017092798 0.004029649 0.003676393
23.950637273 0.999838960 -0.017094528 0.004030296 0.003686114
23.970699474 0.999838887 -0.017099153 0.004028647 0.003686224
23.991130740 0.999838851 -0.017105370 0.004028567 0.003667318
24.011042215 0.999838723 -0.017112111 0.004027028 0.003672387
24.031239546 0.999838968 -0.017104557 0.004021472 0.003646918
24.051433527 0.999839109 -0.017097893 0.004005368 0.003657322
24.071797331 0.999839565 -0.017069950 0.003997862 0.003671176
24.091770926 0.999839202 -0.017083189 0.004008179 0.003697104
24.111944109 0.999839079 -0.017088816 0.004010925 0.003701346
24.132166621 0.999838891 -0.017096941 0.004014315 0.003711086
24.152281433 0.999839183 -0.017088770 0.003998322 0.003687246
24.172426502 0.999839161 -0.017084476 0.004000446 0.003710694
24.192698592 0.999839376 -0.017067561 0.004020771 0.003708556
24.212859446 0.999839112 -0.017086175 0.004014491 0.003700962
24.233018348 0.999839223 -0.017073835 0.004017137 0.003724869
24.253231511 0.999839086 -0.017088436 0.004005774 0.003706923
24.273558850 0.999839362 -0.017066195 0.004011538 0.003728660
24.293596284 0.999839276 -0.017069302 0.004000659 0.003749017
24.313704308 0.999839039 -0.017090817 0.004002809 0.003711773
24.333873907 0.999839119 -0.017084397 0.004003916 0.003718643
24.354131712 0.999839003 -0.017087397 0.004014254 0.003724902
24.374508875 0.999838696 -0.017106927 0.004014243 0.003717603
24.394378700 0.999838776 -0.017104434 0.004019079 0.003702442
24.414561999 0.999838517 -0.017120400 0.004012396 0.003705769
24.434862823 0.999838276 -0.017136338 0.004012999 0.003696530
24.455156778 0.999838434 -0.017125647 0.004001963 0.003715285
24.475409004 0.999838539 -0.017118902 0.004001684 0.003718196
24.495643568 0.999838569 -0.017113306 0.003997704 0.003740115
24.515621749 0.999838802 -0.017102320 0.003989517 0.003736776
24.535672813 0.999838729 -0.017105590 0.003984633 0.003746697
24.556139806 0.999838653 -0.017107370 0.003980897 0.003762787
24.576032270 0.999838589 -0.017111592 0.003999459 0.003740706
24.596264157 0.999838582 -0.017119268 0.004006093 0.003700336
24.616497141 0.999838406 -0.017129894 0.003991967 0.003713764
24.636906669 0.999838622 -0.017118306 0.003990449 0.003710765
24.656840060 0.999838494 -0.017128038 0.003986344 0.003704838
24.676923896 0.999838711 -0.017118568 0.003972717 0.003704569
24.697074670 0.999838982 -0.017104576 0.003975910 0.003692648
24.717278340 0.999839147 -0.017095680 0.003974715 0.003690384
24.737396451 0.999838926 -0.017108121 0.003976720 0.003690462
24.757614842 0.999838689 -0.017122335 0.003979864 0.003685426
24.777994419 0.999838821 -0.017115747 0.003973024 0.003687471
24.797971033 0.999838721 -0.017119321 0.003966349 0.003705269
24.818267750 0.999838921 -0.017112579 0.003962166 0.003686940
24.838452356 0.999839202 -0.017092447 0.003957008 0.003709623
24.858612040 0.999838943 -0.017104875 0.003964192 0.003714377
24.878759569 0.999838313 -0.017139546 0.003974948 0.003712496
24.899027816 0.999838531 -0.017128066 0.003975159 0.003706575
24.919024768 0.999838858 -0.017108719 0.003980872 0.003701633
24.939288108 0.999838790 -0.017113260 0.003986797 0.003692636
24.959775601 0.999838930 -0.017105292 0.003988789 0.003689489
24.979866250 0.999838506 -0.017124534 0.003992185 0.003711351
24.999719832 0.999838442 -0.017128860 0.003971771 0.003730635
25.019880921 0.999838456 -0.017121896 0.003969768 0.003760666
25.040061423 0.999838567 -0.017116139 0.003974292 0.003752779
25.060544359 0.999838418 -0.017127876 0.003978497 0.003734430
25.080445808 0.999838308 -0.017127442 0.003991419 0.003752022
25.100607016 0.999838181 -0.017129722 0.004008789 0.003756977
25.120923149 0.999838123 -0.017132498 0.004008482 0.003759936
25.141046003 0.999838185 -0.017131598 0.004005832 0.003750516
25.161346849 0.999837980 -0.017147337 0.003993932 0.003745914
25.181455142 0.999838360 -0.017127132 0.003985313 0.003745954
25.201521539 0.999838288 -0.017130857 0.003978761 0.003755177
25.221680971 0.999838431 -0.017120650 0.003984798 0.003757186
25.241945539 0.999838304 -0.017131236 0.003977740 0.003750252
25.262046997 0.999838241 -0.017140869 0.003972878 0.003728098
25.282162680 0.999838095 -0.017145611 0.003979278 0.003738489
25.302350432 0.999838136 -0.017144713 0.003971509 0.003740007
25.322587635 0.999837817 -0.017159149 0.003967372 0.003763391
25.342837148 0.999838182 -0.017140864 0.003958178 0.003759575
25.362925698 0.999838127 -0.017140900 0.003970762 0.003760720
25.383132092 0.999837552 -0.017178229 0.003966004 0.003748077
25.403292754 0.999837631 -0.017173497 0.003967290 0.003747434
25.423414821 0.999837571 -0.017175435 0.003978238 0.003742904
25.443793087 0.999837467 -0.017182104 0.003988210 0.003729537
25.463874392 0.999837245 -0.017191921 0.003994794 0.003736691
25.483982678 0.999837391 -0.017184270 0.003989951 0.003738013
25.504331450 0.999837296 -0.017189823 0.004002505 0.003724376
25.524529262 0.999837055 -0.017204904 0.003995349 0.003727104
25.544647172 0.999836897 -0.017215003 0.003996508 0.003721666
25.564722902 0.999836570 -0.017229053 0.004000209 0.003740555
25.584906181 0.999836492 -0.017231640 0.004007679 0.003741363
25.605104610 0.999836581 -0.017227250 0.004004659 0.003741223
25.625240214 0.999836776 -0.017220027 0.004003919 0.003722982
25.645463012 0.999836357 -0.017244818 0.004001560 0.003723220
25.665650696 0.999836297 -0.017247026 0.003990952 0.003740562
25.686004701 0.999836159 -0.017251230 0.003986190 0.003762920
25.705983087 0.999836510 -0.017231816 0.003993186 0.003751215
25.726368993 0.999836613 -0.017232716 0.003986530 0.003726696
25.746320121 0.999836799 -0.017214064 0.003988095 0.003761270
25.766424223 0.999836695 -0.017220712 0.003987769 0.003758709
25.786641555 0.999836583 -0.017228651 0.003983295 0.003756992
25.806837266 0.999836289 -0.017245199 0.003978864 0.003763932
25.826997404 0.999836513 -0.017232314 0.003981447 0.003760686
25.847257923 0.999836727 -0.017214834 0.003998981 0.003765349
25.867358594 0.999837118 -0.017198359 0.003988901 0.003747267
25.887566489 0.999837024 -0.017202856 0.003989200 0.003751594
25.927900381 0.999837155 -0.017198438 0.003978876 0.003747637
25.948201708 0.999837098 -0.017203485 0.003974643 0.003744242
25.968235968 0.999837373 -0.017190329 0.003972510 0.003733587
25.988394572 0.999837340 -0.017196264 0.003964364 0.003723749
26.008943507 0.999837422 -0.017196260 0.003963443 0.003702492
26.028814779 0.999837410 -0.017194780 0.003968826 0.003706949
26.049291523 0.999837142 -0.017209316 0.003986705 0.003692667
26.069357788 0.999837019 -0.017216354 0.003996642 0.003682288
26.089342240 0.999837128 -0.017208242 0.003996715 0.003690414
26.109450198 0.999836879 -0.017225332 0.003983994 0.003692169
26.129679531 0.999836868 -0.017235940 0.003975538 0.003654301
26.149828990 0.999836880 -0.017234049 0.003961789 0.003675015
26.170098757 0.999836840 -0.017235033 0.003951966 0.003691771
26.190296835 0.999836796 -0.017238785 0.003947583 0.003690837
26.210517171 0.999836981 -0.017220394 0.003940824 0.003733463
26.230805534 0.999836863 -0.017227527 0.003945114 0.003727654
26.250861615 0.999836702 -0.017237900 0.003944721 0.003723267
26.270960504 0.999836817 -0.017231136 0.003950504 0.003717620
26.291278166 0.999837272 -0.017210439 0.003936761 0.003705718
26.311332927 0.999837196 -0.017219601 0.003935213 0.003685232
26.331400193 0.999837299 -0.017211921 0.003936003 0.003692372
26.351660730 0.999837416 -0.017199052 0.003939377 0.003717039
26.371785105 0.999838018 -0.017167089 0.003937680 0.003704555
26.392240175 0.999837965 -0.017166478 0.003948622 0.003709923
26.412589471 0.999837989 -0.017156952 0.003968904 0.003726044
26.432367866 0.999837713 -0.017179288 0.003964139 0.003702042
26.452471228 0.999837482 -0.017197905 0.003961789 0.003680356
26.472691059 0.999837501 -0.017196329 0.003963149 0.003681320
26.492895648 0.999837497 -0.017197935 0.003951519 0.003687385
26.513035362 0.999837245 -0.017208701 0.003969876 0.003685774
26.533219133 0.999837470 -0.017195036 0.003975058 0.003682912
26.553470920 0.999837831 -0.017179288 0.003968230 0.003665668
26.573604678 0.999837858 -0.017176179 0.003968140 0.003672804
26.593789285 0.999837991 -0.017156130 0.003980109 0.003717111
26.614118113 0.999837712 -0.017171643 0.003985640 0.003714765
26.634085639 0.999837832 -0.017169780 0.003983992 0.003692582
26.654424607 0.999837533 -0.017192649 0.003992108 0.003658286
26.674729393 0.999837389 -0.017199837 0.003979301 0.003677915
26.694625862 0.999837410 -0.017197874 0.003974831 0.003686095
26.714804096 0.999837345 -0.017193253 0.003970430 0.003729696
26.734980043 0.999837553 -0.017183786 0.003964476 0.003724064
26.755160745 0.999837211 -0.017199901 0.003966649 0.003739113
26.775461848 0.999837196 -0.017200021 0.003980261 0.003728154
26.795620954 0.999837473 -0.017188121 0.003966112 0.003723583
26.815697777 0.999837854 -0.017162678 0.003959592 0.003745731
26.836013888 0.999837922 -0.017158216 0.003960520 0.003747055
26.856410815 0.999838029 -0.017144070 0.003965202 0.003778154
26.876307883 0.999838085 -0.017142112 0.003963220 0.003774239
26.896441142 0.999838161 -0.017140782 0.003950459 0.003773364
26.916624023 0.999838100 -0.017153862 0.003949289 0.003731234
26.936944728 0.999838508 -0.017125752 0.003951263 0.003748828
26.957117604 0.999838260 -0.017141284 0.003960338 0.003734430
26.977097289 0.999838326 -0.017138906 0.003966628 0.003721051
26.997406186 0.999838441 -0.017131706 0.003955415 0.003735190
27.017547659 0.999838071 -0.017153259 0.003959509 0.003730858
27.037745045 0.999837929 -0.017154026 0.003972500 0.003751465
27.057928815 0.999837781 -0.017162683 0.003973619 0.003750247
27.077996775 0.999837251 -0.017185298 0.003974647 0.003786841
27.098208506 0.999837500 -0.017173701 0.003974512 0.003773600
27.118333038 0.999837294 -0.017188524 0.003969891 0.003765733
27.138533119 0.999837407 -0.017183105 0.003971310 0.003758985
27.158759219 0.999837316 -0.017196717 0.003967712 0.003724555
27.178999276 0.999837293 -0.017190481 0.003972585 0.003754105
27.199124751 0.999837110 -0.017196145 0.003984161 0.003764611
27.219375935 0.999837277 -0.017189215 0.003978398 0.003758019
27.239525072 0.999837680 -0.017163864 0.003980760 0.003764187
27.259845410 0.999837562 -0.017169958 0.003982459 0.003765835
27.279948507 0.999837856 -0.017154244 0.003985780 0.003755945
27.300016689 0.999838164 -0.017140321 0.003982170 0.003741370
27.320267071 0.999838450 -0.017124904 0.003974764 0.003743285
27.340499643 0.999838447 -0.017125560 0.003974281 0.003741787
27.360472824 0.999838541 -0.017124150 0.003973181 0.003724134
27.381109095 0.999838429 -0.017129432 0.003975336 0.003727632
27.401070232 0.999838611 -0.017119229 0.003979489 0.003721325
27.421503114 0.999838258 -0.017139435 0.003976349 0.003726518
27.441235389 0.999838239 -0.017136462 0.003978386 0.003742991
27.461452816 0.999838534 -0.017125647 0.003981485 0.003710257
27.481535145 0.999838901 -0.017107571 0.003964545 0.003712769
27.501707368 0.999838575 -0.017123557 0.003973487 0.003717364
27.521878562 0.999838721 -0.017108887 0.003979670 0.003739090
27.542122325 0.999838402 -0.017127331 0.003978924 0.003740630
27.562618024 0.999838786 -0.017110580 0.003973799 0.003720184
27.582471426 0.999838737 -0.017110015 0.003973169 0.003736561
27.602646880 0.999838465 -0.017121596 0.003986462 0.003742037
27.622909568 0.999838693 -0.017110031 0.003977725 0.003743354
27.642944728 0.999838818 -0.017102817 0.003982572 0.003737642
27.663141433 0.999838508 -0.017125602 0.003959002 0.003741326
27.683307570 0.999838533 -0.017116562 0.003960169 0.003774812
27.703540114 0.999838691 -0.017107908 0.003948628 0.003784073
27.723707123 0.999839006 -0.017095399 0.003932783 0.003773899
27.743875922 0.999838848 -0.017101953 0.003934485 0.003784413
27.764145045 0.999838900 -0.017102941 0.003937621 0.003762753
27.784218057 0.999838756 -0.017107757 0.003928972 0.003788152
27.804352850 0.999838829 -0.017107998 0.003918730 0.003778480
27.824682465 0.999838761 -0.017114842 0.003905190 0.003779505
27.844737869 0.999839131 -0.017089410 0.003901856 0.003800030
27.864927145 0.999838978 -0.017097596 0.003906538 0.003798631
27.885139332 0.999838662 -0.017117636 0.003908133 0.003789900
27.905306186 0.999838608 -0.017119918 0.003907173 0.003794795
27.925403976 0.999838658 -0.017115003 0.003904196 0.003806819
27.945757275 0.999838646 -0.017116951 0.003913277 0.003791967
27.965966808 0.999838687 -0.017112285 0.003900477 0.003815190
27.986029906 0.999839220 -0.017086102 0.003901199 0.003791965
28.006226991 0.999839200 -0.017086957 0.003900541 0.003794277
28.026310396 0.999839266 -0.017082727 0.003896728 0.003799710
28.046500799 0.999839485 -0.017070745 0.003894836 0.003798024
28.066673688 0.999839484 -0.017072625 0.003899963 0.003784525
28.086885050 0.999839635 -0.017054973 0.003904513 0.003819281
28.107096362 0.999839608 -0.017059117 0.003901556 0.003810818
28.127244013 0.999839669 -0.017050560 0.003900776 0.003833868
28.147523677 0.999839722 -0.017044310 0.003897851 0.003850837
28.167715118 0.999839208 -0.017072304 0.003892737 0.003865469
28.187757688 0.999839267 -0.017068830 0.003882526 0.003875601
28.207987561 0.999839333 -0.017066548 0.003889604 0.003861614
28.228101423 0.999839288 -0.017066538 0.003894078 0.003868739
28.248393760 0.999839152 -0.017072477 0.003893055 0.003878861
28.268474456 0.999839454 -0.017056379 0.003896331 0.003868313
28.288640674 0.999839443 -0.017062811 0.003885902 0.003853385
28.308787040 0.999839394 -0.017065201 0.003895920 0.003845396
28.329002513 0.999838823 -0.017086508 0.003903188 0.003891698
28.349514038 0.999838571 -0.017099298 0.003907861 0.003895557
28.369552937 0.999838648 -0.017098954 0.003908967 0.003876068
28.389636780 0.999838480 -0.017107540 0.003929754 0.003860500
28.409674804 0.999838657 -0.017093958 0.003918545 0.003885965
28.429909732 0.999838691 -0.017088292 0.003928874 0.003891785
28.450055147 0.999838644 -0.017094418 0.003922121 0.003883720
28.470301752 0.999838647 -0.017101537 0.003908055 0.003865854
28.490401135 0.999838647 -0.017100280 0.003911391 0.003867883
28.510608947 0.999838621 -0.017099318 0.003911347 0.003879087
28.530751894 0.999838801 -0.017091663 0.003910544 0.003867070
28.551243419 0.999838788 -0.017091046 0.003915718 0.003867893
28.571255446 0.999838663 -0.017091078 0.003934760 0.003880827
28.591393815 0.999838556 -0.017092901 0.003947667 0.003887349
28.611441064 0.999838530 -0.017092938 0.003946592 0.003894921
28.631642242 0.999838375 -0.017108516 0.003939670 0.003873263
28.651902757 0.999838736 -0.017089465 0.003929905 0.003873915
28.672000430 0.999838301 -0.017110664 0.003948574 0.003873828
28.692437158 0.999838226 -0.017114643 0.003961548 0.003862321
28.712344802 0.999838598 -0.017095202 0.003957459 0.003856138
28.732507204 0.999838509 -0.017098922 0.003957649 0.003862540
28.752774078 0.999838722 -0.017096266 0.003966262 0.003809922
28.773100111 0.999838659 -0.017094943 0.003978571 0.003819713
28.793233490 0.999838543 -0.017097066 0.003981485 0.003837491
28.813270272 0.999838475 -0.017098541 0.003988168 0.003841755
28.833387503 0.999838152 -0.017122407 0.003991734 0.003815622
28.853617297 0.999838030 -0.017125843 0.003996846 0.003826686
28.873813056 0.999838257 -0.017113582 0.004008118 0.003810503
28.894005042 0.999838073 -0.017126505 0.004003554 0.003805554
28.914145827 0.999838127 -0.017118228 0.004009734 0.003822047
28.934405475 0.999837988 -0.017129772 0.004013382 0.003802691
28.954600308 0.999837982 -0.017130466 0.004007317 0.003807565
28.974813510 0.999837967 -0.017129119 0.003998307 0.003827055
28.995017977 0.999838065 -0.017131308 0.004000831 0.003788940
29.015295745 0.999837980 -0.017136531 0.004003172 0.003785140
29.035348064 0.999837877 -0.017139498 0.004008251 0.003793482
29.055605381 0.999837969 -0.017132578 0.004016454 0.003791878
29.075539474 0.999838069 -0.017131559 0.004008503 0.003778499
29.095752686 0.999838291 -0.017118152 0.004006697 0.003782452
29.115946459 0.999838543 -0.017112789 0.004001647 0.003745339
29.136128696 0.999838090 -0.017135265 0.004015511 0.003748616
29.156370875 0.999838398 -0.017124172 0.004007438 0.003725600
29.176645302 0.999838490 -0.017119792 0.003993759 0.003735842
29.196718104 0.999838691 -0.017112934 0.003985514 0.003722184
29.237046197 0.999838553 -0.017117107 0.003993047 0.003731912
29.257337619 0.999838917 -0.017101755 0.004004770 0.003692074
29.277436864 0.999838526 -0.017126537 0.004005012 0.003682985
29.297521804 0.999838833 -0.017109922 0.004006504 0.003675043
29.317810429 0.999838928 -0.017099190 0.004007482 0.003698047
29.338113068 0.999838792 -0.017103793 0.004006634 0.003714327
29.358560964 0.999838990 -0.017095777 0.004012420 0.003691758
29.378291356 0.999838748 -0.017113672 0.003999019 0.003688991
29.398370821 0.999838705 -0.017114134 0.004002064 0.003694987
29.418534523 0.999838926 -0.017100222 0.004013117 0.003687620
29.438763627 0.999838592 -0.017119663 0.004016739 0.003684174
29.459076521 0.999838267 -0.017132150 0.004025343 0.003704934
29.479142913 0.999838003 -0.017151228 0.004047003 0.003664069
29.499271325 0.999838109 -0.017145914 0.004051124 0.003655463
29.519569210 0.999838340 -0.017131959 0.004046702 0.003662522
29.539870343 0.999838257 -0.017135199 0.004046608 0.003670100
29.560032459 0.999838695 -0.017112239 0.004033037 0.003672809
29.580034071 0.999838500 -0.017125230 0.004026821 0.003672245
29.600196340 0.999838498 -0.017126115 0.004028467 0.003666899
29.620320353 0.999838430 -0.017135982 0.004015827 0.003653085
29.640622897 0.999838211 -0.017150299 0.004012650 0.003649271
29.661062940 0.999838169 -0.017157979 0.004011806 0.003625483
29.680909296 0.999838498 -0.017136636 0.004009296 0.003638645
29.701094510 0.999838903 -0.017115725 0.003995138 0.003641321
29.721265797 0.999839158 -0.017102582 0.003983184 0.003646012
29.741627063 0.999839489 -0.017079122 0.003980416 0.003668161
29.761767482 0.999839875 -0.017061303 0.003972944 0.003653988
29.781787673 0.999839869 -0.017061500 0.003973701 0.003653875
29.801938937 0.999839620 -0.017073912 0.003978285 0.003659235
29.822226634 0.999839441 -0.017084441 0.003961344 0.003677283
29.842436094 0.999839747 -0.017069004 0.003956591 0.003670921
29.862542276 0.999839247 -0.017097297 0.003961171 0.003670252
29.882771841 0.999839130 -0.017106651 0.003945396 0.003675583
29.902930580 0.999839047 -0.017115987 0.003942871 0.003657332
29.923071185 0.999838752 -0.017123794 0.003946134 0.003697808
29.943223362 0.999838436 -0.017134313 0.003968082 0.003711067
29.963463186 0.999838453 -0.017138949 0.003965262 0.003687914
29.983667442 0.999838731 -0.017124828 0.003968766 0.003674459
30.003736644 0.999838646 -0.017134753 0.003961751 0.003658660
30.023917440 0.999838971 -0.017110533 0.003970134 0.003674155
30.044379827 0.999839010 -0.017111410 0.003983110 0.003645297
30.064262095 0.999839095 -0.017105530 0.003985645 0.003646771
30.084481306 0.999838821 -0.017121128 0.003983215 0.003651325
30.104606942 0.999838844 -0.017118526 0.003992459 0.003647174
30.125154791 0.999838645 -0.017129254 0.003997179 0.003646353
30.145056042 0.999838891 -0.017115145 0.004011723 0.003629061
30.165161322 0.999838716 -0.017125778 0.004015222 0.003623207
30.185384585 0.999838770 -0.017134253 0.004012404 0.003570891
30.205487578 0.999838799 -0.017130891 0.004015408 0.003575659
30.225678239 0.999838911 -0.017122728 0.004012904 0.003586315
30.245982005 0.999838617 -0.017132563 0.004034404 0.003597085
30.266154980 0.999838599 -0.017136866 0.004032799 0.003583280
30.286313510 0.999838769 -0.017124684 0.004043087 0.003582469
30.306364699 0.999838885 -0.017123009 0.004047150 0.003553367
30.326580485 0.999839223 -0.017102255 0.004055147 0.003549162
30.346800569 0.999839027 -0.017115905 0.004044250 0.003551176
30.367051776 0.999838968 -0.017124055 0.004044472 0.003528142
30.387078456 0.999839034 -0.017119406 0.004040760 0.003536095
30.407407653 0.999838917 -0.017126691 0.004041482 0.003533252
30.427490309 0.999838875 -0.017129434 0.004054578 0.003516664
30.447602222 0.999838770 -0.017141663 0.004041815 0.003501519
30.467780541 0.999838408 -0.017158204 0.004057969 0.003505205
30.487951239 0.999838334 -0.017169276 0.004045166 0.003487039
30.508455209 0.999838344 -0.017167333 0.004047627 0.003490871
30.528339264 0.999838485 -0.017151776 0.004058364 0.003514253
30.548596676 0.999838467 -0.017155358 0.004056417 0.003504229
30.568831385 0.999838520 -0.017145339 0.004067775 0.003524715
30.588868097 0.999838523 -0.017142954 0.004077963 0.003523917
30.609039458 0.999838605 -0.017133018 0.004091187 0.003533511
30.629218870 0.999838887 -0.017117648 0.004086266 0.003533798
30.649351804 0.999839130 -0.017103959 0.004082886 0.003535214
30.669551543 0.999839161 -0.017105766 0.004079697 0.003521591
30.689848933 0.999839101 -0.017111339 0.004072254 0.003520114
30.710062367 0.999839208 -0.017100304 0.004072260 0.003543239
30.730360625 0.999838723 -0.017125256 0.004087479 0.003542049
30.750531992 0.999838968 -0.017116044 0.004083794 0.003521738
30.770423704 0.999838887 -0.017119527 0.004090853 0.003519473
30.790661207 0.999838913 -0.017117722 0.004084235 0.003528587
30.810802409 0.999838843 -0.017119089 0.004090059 0.003534869
30.831031483 0.999839143 -0.017107538 0.004071695 0.003527308
30.851425378 0.999838753 -0.017124864 0.004089996 0.003532479
30.871326625 0.999838676 -0.017129570 0.004091044 0.003530296
30.891832879 0.999838985 -0.017110979 0.004103937 0.003517951
30.912090754 0.999839443 -0.017083922 0.004102465 0.003520892
30.932028723 0.999839529 -0.017076207 0.004097527 0.003539606
30.952043489 0.999839693 -0.017065982 0.004101639 0.003538005
30.972258964 0.999839269 -0.017094694 0.004097128 0.003524486
30.992368056 0.999839356 -0.017087844 0.004102910 0.003526277
31.012566943 0.999839485 -0.017086832 0.004106056 0.003490580
31.032757478 0.999839386 -0.017093843 0.004090905 0.003502582
31.053206446 0.999839037 -0.017111623 0.004100964 0.003503593
31.073410809 0.999838738 -0.017128153 0.004108419 0.003499393
31.093399733 0.999838545 -0.017137301 0.004104515 0.003514212
31.113564055 0.999838642 -0.017132827 0.004119995 0.003490275
31.133656736 0.999838538 -0.017139775 0.004137293 0.003465424
31.153806861 0.999838512 -0.017140434 0.004140170 0.003466291
31.174123362 0.999839035 -0.017105713 0.004127925 0.003501399
31.194181521 0.999838574 -0.017136573 0.004124193 0.003486439
31.214335409 0.999838875 -0.017123441 0.004124789 0.003463804
31.234582839 0.999838704 -0.017123910 0.004123714 0.003511774
31.254978389 0.999838631 -0.017130192 0.004133620 0.003490085
31.275033803 0.999838752 -0.017128160 0.004123745 0.003477180
31.295316641 0.999838966 -0.017118878 0.004117003 0.003469383
31.315322405 0.999839093 -0.017112311 0.004121376 0.003459981
31.335379645 0.999839127 -0.017110893 0.004116929 0.003462562
31.355655449 0.999839090 -0.017114529 0.004110941 0.003462357
31.375769064 0.999839138 -0.017107012 0.004114015 0.003481699
31.395960775 0.999839267 -0.017096493 0.004111570 0.003499382
31.416119974 0.999839022 -0.017112148 0.004110346 0.003494135
31.436431860 0.999839266 -0.017098821 0.004111452 0.003488409
31.456449994 0.999839064 -0.017103871 0.004113898 0.003518566
31.476656694 0.999839073 -0.017102414 0.004117954 0.003518370
31.497007910 0.999839014 -0.017099449 0.004126874 0.003539031
31.517326368 0.999839380 -0.017075503 0.004131981 0.003545166
31.537155662 0.999839561 -0.017064620 0.004128901 0.003549977
31.557614215 0.999840253 -0.017023841 0.004130138 0.003549573
31.577526361 0.999840458 -0.017009555 0.004135190 0.003554306
31.597780796 0.999840588 -0.017001083 0.004147646 0.003543707
31.618071081 0.999840881 -0.016984189 0.004159298 0.003528447
31.638081253 0.999841144 -0.016964442 0.004163110 0.003544384
31.658438110 0.999840962 -0.016985721 0.004151319 0.003507504
31.678453575 0.999840740 -0.016996947 0.004155037 0.003512106
31.698713313 0.999840833 -0.016990719 0.004168028 0.003500151
31.718919963 0.999840971 -0.016984098 0.004176815 0.003482425
31.738953118 0.999841066 -0.016973796 0.004186538 0.003493678
31.759155025 0.999841024 -0.016972827 0.004190208 0.003506083
31.779321242 0.999840924 -0.016978681 0.004196010 0.003499161
31.799479609 0.999840966 -0.016970452 0.004184278 0.003540855
31.819752569 0.999841125 -0.016960381 0.004185971 0.003542356
31.839963057 0.999841332 -0.016954139 0.004173345 0.003528728
31.860420336 0.999841006 -0.016982991 0.004157908 0.003500432
31.880306342 0.999841134 -0.016965650 0.004168052 0.003535781
31.900402388 0.999840622 -0.016985543 0.004188596 0.003560660
31.920588652 0.999840361 -0.017003965 0.004179349 0.003556781
31.940857801 0.999840475 -0.016998454 0.004182918 0.003546849
31.960967132 0.999840456 -0.017002887 0.004174232 0.003541286
31.981211982 0.999840346 -0.017005785 0.004180420 0.003550910
32.001314997 0.999840369 -0.017004005 0.004179954 0.003553597
32.021426238 0.999840032 -0.017024897 0.004182388 0.003545515
32.041817455 0.999839744 -0.017043914 0.004170357 0.003549435
32.061847346 0.999839756 -0.017038906 0.004167021 0.003574182
32.081994070 0.999839839 -0.017037389 0.004180528 0.003542213
32.102147963 0.999839857 -0.017033071 0.004189772 0.003546921
32.122566722 0.999839815 -0.017035035 0.004183236 0.003557062
32.142720074 0.999840343 -0.017005849 0.004202344 0.003525480
32.162693060 0.999840433 -0.016999461 0.004203912 0.003529144
32.182937325 0.999840355 -0.017004129 0.004189716 0.003545596
32.203096939 0.999840400 -0.017001434 0.004195547 0.003538864
32.223270419 0.999840470 -0.016998539 0.004190678 0.003538601
32.243816374 0.999840246 -0.017002161 0.004206680 0.003565622
32.263698260 0.999840293 -0.017005459 0.004215216 0.003526248
32.283791567 0.999840049 -0.017016532 0.004222589 0.003533259
32.303914151 0.999839972 -0.017020912 0.004215982 0.003541954
32.324140392 0.999840045 -0.017017469 0.004217281 0.003536180
32.344335344 0.999839538 -0.017047833 0.004220287 0.003529819
32.364456444 0.999839473 -0.017043584 0.004223829 0.003564220
32.384598999 0.999838944 -0.017079078 0.004229253 0.003536065
32.404882949 0.999839093 -0.017070533 0.004231158 0.003532894
32.425087132 0.999838981 -0.017070793 0.004244233 0.003547694
32.445223856 0.999838876 -0.017074993 0.004254017 0.003545503
32.465465941 0.999838800 -0.017075787 0.004254951 0.003561954
32.485500059 0.999838693 -0.017080561 0.004253773 0.003570450
32.505758876 0.999838947 -0.017070077 0.004254342 0.003548648
32.525938156 0.999838988 -0.017062522 0.004256751 0.003570418
32.546163905 0.999838868 -0.017065842 0.004270374 0.003571952
32.566395332 0.999838823 -0.017074168 0.004273369 0.003541176
32.586404033 0.999838847 -0.017070886 0.004266594 0.003558152
32.606656144 0.999839197 -0.017053515 0.004262204 0.003548510
32.626885873 0.999838702 -0.017079302 0.004274530 0.003549090
32.646978006 0.999838671 -0.017078981 0.004278582 0.003554423
32.667121959 0.999838600 -0.017083316 0.004258012 0.003578118
32.687340673 0.999838703 -0.017088168 0.004255105 0.003529368
32.707584940 0.999839062 -0.017068757 0.004246466 0.003532145
32.727697700 0.999839214 -0.017064132 0.004241959 0.003516819
32.748511773 0.999839287 -0.017053319 0.004250682 0.003537754
32.768125740 0.999839198 -0.017048450 0.004265995 0.003567950
32.788234808 0.999839211 -0.017049543 0.004259747 0.003566604
32.808338364 0.999839159 -0.017052480 0.004262911 0.003563275
32.828540220 0.999839458 -0.017038391 0.004252182 0.003559659
32.849360205 0.999839385 -0.017042486 0.004259312 0.003551804
32.869169799 0.999839709 -0.017027789 0.004265971 0.003523091
32.889271386 0.999839881 -0.017012819 0.004270256 0.003541406
32.909874855 0.999840099 -0.016997200 0.004275237 0.003548928
32.929485444 0.999840145 -0.016996500 0.004279468 0.003534067
32.949929761 0.999840148 -0.016993450 0.004269313 0.003560151
32.970072885 0.999839954 -0.017013999 0.004263500 0.003523220
32.989957443 0.999839940 -0.017009981 0.004270079 0.003538413
33.010101066 0.999839482 -0.017028303 0.004277435 0.003570738
33.030442046 0.999839380 -0.017042007 0.004257147 0.003558337
33.050772136 0.999839188 -0.017053286 0.004265329 0.003548347
33.070814146 0.999839543 -0.017025362 0.004259241 0.003589390
33.091021076 0.999839792 -0.017014964 0.004258267 0.003570592
33.111049083 0.999839580 -0.017023607 0.004270319 0.003574278
33.131236608 0.999839533 -0.017023002 0.004259775 0.003602725
33.151403276 0.999839650 -0.017015576 0.004270548 0.003592689
33.171550596 0.999839738 -0.017011735 0.004263692 0.003594538
33.191813693 0.999839754 -0.017013282 0.004274157 0.003570223
33.211927907 0.999839731 -0.017017711 0.004273093 0.003556665
33.232577874 0.999839690 -0.017019265 0.004273773 0.003560123
33.252319750 0.999840161 -0.016997432 0.004274819 0.003530557
33.272480048 0.999840489 -0.016974383 0.004282821 0.003538904
33.292849854 0.999840891 -0.016946237 0.004281868 0.003561375
33.312879765 0.999840825 -0.016950372 0.004289614 0.003550842
33.333036280 0.999840617 -0.016967788 0.004288740 0.003527223
33.353452128 0.999840718 -0.016956503 0.004294762 0.003545382
33.373395375 0.999840648 -0.016958036 0.004307163 0.003542857
33.393561491 0.999840495 -0.016963435 0.004317201 0.003548038
33.413702129 0.999840336 -0.016970171 0.004336161 0.003537422
33.433856401 0.999840289 -0.016974178 0.004331191 0.003537560
33.454106584 0.999840564 -0.016961144 0.004318987 0.003537166
33.474518303 0.999840561 -0.016967299 0.004299975 0.003531662
33.494406556 0.999840970 -0.016943388 0.004299488 0.003531349
33.514724247 0.999841329 -0.016929873 0.004298816 0.003495245
33.534845746 0.999840994 -0.016956109 0.004284270 0.003481814
33.555247703 0.999840990 -0.016959463 0.004284398 0.003466346
33.575297138 0.999840953 -0.016961122 0.004285094 0.003467914
33.595299994 0.999840719 -0.016967599 0.004293878 0.003492823
33.615467563 0.999840829 -0.016963853 0.004290339 0.003483953
33.635608316 0.999841030 -0.016952833 0.004290484 0.003479679
33.655868058 0.999841343 -0.016932042 0.004290766 0.003490460
33.675992463 0.999841565 -0.016921203 0.004283933 0.003488065
33.696147605 0.999841082 -0.016944714 0.004283835 0.003512420
33.716413343 0.999841184 -0.016933946 0.004289642 0.003528111
33.736528412 0.999841074 -0.016936716 0.004288539 0.003547366
33.756939310 0.999841018 -0.016939018 0.004290332 0.003549814
33.776941098 0.999840884 -0.016950758 0.004271676 0.003554005
33.797158956 0.999840722 -0.016961926 0.004271613 0.003546323
33.817277800 0.999840709 -0.016966447 0.004269432 0.003530911
33.837486213 0.999840287 -0.016985746 0.004266648 0.003561042
33.857936681 0.999839947 -0.017008544 0.004260872 0.003554625
33.877908846 0.999840055 -0.017003455 0.004261708 0.003547431
33.898148435 0.999840330 -0.016983795 0.004250586 0.003577378
33.918110304 0.999840039 -0.017000476 0.004249741 0.003580410
33.938307621 0.999840088 -0.017000980 0.004249923 0.003564074
33.958665099 0.999840271 -0.016990635 0.004256945 0.003553630
33.978645037 0.999840084 -0.016992464 0.004259643 0.003594070
33.998814625 0.999840090 -0.016998390 0.004260138 0.003563846
34.019276534 0.999840591 -0.016975439 0.004239040 0.003557798
34.039333556 0.999840662 -0.016970991 0.004251133 0.003544476
34.059799112 0.999840485 -0.016979777 0.004257211 0.003545059
34.079691619 0.999840571 -0.016970298 0.004269816 0.003551154
34.099728649 0.999840380 -0.016980870 0.004269955 0.003554188
34.119957734 0.999840475 -0.016979593 0.004263472 0.003541221
34.140108002 0.999841028 -0.016946867 0.004259581 0.003546740
34.160362353 0.999840985 -0.016951401 0.004259347 0.003537262
34.180455660 0.999840698 -0.016963080 0.004259649 0.003561989
34.200602195 0.999840528 -0.016974549 0.004258891 0.003556087
34.220875992 0.999840230 -0.016996159 0.004246096 0.003551751
34.241094132 0.999840656 -0.016969120 0.004240701 0.003567597
34.261164545 0.999840589 -0.016973955 0.004234872 0.003570254
34.281304036 0.999840642 -0.016970122 0.004235267 0.003573174
34.301467695 0.999840749 -0.016963193 0.004235185 0.003576252
34.321654449 0.999840936 -0.016948147 0.004244020 0.003584916
34.341905643 0.999840595 -0.016968951 0.004244845 0.003580574
34.362101415 0.999840409 -0.016977909 0.004234200 0.003602664
34.382295660 0.999840372 -0.016972557 0.004244276 0.003626064
34.402335703 0.999840420 -0.016966941 0.004253669 0.003628134
34.422554324 0.999840474 -0.016972042 0.004245698 0.003598759
34.443079024 0.999840419 -0.016977550 0.004237701 0.003597311
34.462954897 0.999840672 -0.016968454 0.004231522 0.003577144
34.483143886 0.999840501 -0.016982757 0.004230258 0.003558473
34.503249864 0.999840722 -0.016973111 0.004210271 0.003566309
34.523467623 0.999840932 -0.016958989 0.004199362 0.003587413
34.543756694 0.999841023 -0.016956558 0.004197641 0.003575543
34.563781429 0.999841073 -0.016952454 0.004195856 0.003583068
34.584016451 0.999840844 -0.016967477 0.004201485 0.003569277
34.604173785 0.999840721 -0.016968284 0.004202600 0.003598357
34.624565441 0.999840539 -0.016977342 0.004201300 0.003607571
34.644882567 0.999840535 -0.016977108 0.004197134 0.003614697
34.664800290 0.999840759 -0.016966182 0.004192121 0.003609856
34.684883550 0.999840953 -0.016967699 0.004169317 0.003575309
34.705143212 0.999840689 -0.016988222 0.004145970 0.003578915
34.725238056 0.999840721 -0.016982889 0.004156372 0.003583099
34.745381730 0.999840605 -0.016987296 0.004154825 0.003596484
34.765658499 0.999840606 -0.016987834 0.004160788 0.003586511
34.785713180 0.999840487 -0.017000655 0.004141545 0.003581341
34.805963729 0.999840211 -0.017013420 0.004148848 0.003589405
34.826081662 0.999839800 -0.017037054 0.004159846 0.003578964
34.846606908 0.999839732 -0.017038844 0.004163161 0.003585591
34.866425254 0.999839663 -0.017036417 0.004180812 0.003595820
34.886674985 0.999839733 -0.017031850 0.004173679 0.003606248
34.906907635 0.999839665 -0.017037217 0.004183133 0.003588720
34.927026809 0.999839892 -0.017025800 0.004179177 0.003584377
34.947278749 0.999839628 -0.017040619 0.004185835 0.003579750
34.967388475 0.999839273 -0.017058941 0.004200178 0.003574747
34.987508898 0.999839103 -0.017061803 0.004200762 0.003607924
35.007745604 0.999838832 -0.017074296 0.004207821 0.003615725
35.027861372 0.999838383 -0.017096709 0.004204047 0.003638249
35.048247773 0.999838638 -0.017088114 0.004197119 0.003616477
35.068297287 0.999838268 -0.017112581 0.004201102 0.003598284
35.088402128 0.999838403 -0.017102486 0.004205711 0.003603473
35.108598415 0.999839004 -0.017070147 0.004201777 0.003594720
35.128818805 0.999838758 -0.017088306 0.004200057 0.003578668
35.149021739 0.999838941 -0.017078936 0.004183298 0.003591835
35.169220229 0.999839003 -0.017074360 0.004184055 0.003595488
35.189419311 0.999838987 -0.017076312 0.004192844 0.003580586
35.209501773 0.999839169 -0.017064266 0.004195918 0.003583383
35.229910834 0.999839180 -0.017072452 0.004191037 0.003547071
35.249811536 0.999839366 -0.017064039 0.004186218 0.003540655
35.269985130 0.999839284 -0.017068284 0.004185438 0.003544336
35.290243219 0.999839211 -0.017069595 0.004195799 0.003546368
35.310334566 0.999839357 -0.017060637 0.004201465 0.003541491
35.330506389 0.999839171 -0.017069537 0.004195292 0.003558410
35.350823506 0.999839423 -0.017056962 0.004193530 0.003550117
35.370939553 0.999839219 -0.017067818 0.004195925 0.003552468
35.391157457 0.999839469 -0.017050057 0.004207000 0.003554205
35.411457507 0.999839381 -0.017064869 0.004205869 0.003509084
35.431505155 0.999839599 -0.017046514 0.004204838 0.003537117
35.451569675 0.999839446 -0.017055730 0.004202184 0.003539340
35.471809836 0.999839111 -0.017075016 0.004225195 0.003513335
35.491990122 0.999839328 -0.017070230 0.004203534 0.003500715
35.512199395 0.999839620 -0.017051871 0.004189821 0.003523395
35.532395058 0.999839495 -0.017059752 0.004180761 0.003531330
35.552711363 0.999839488 -0.017059666 0.004182378 0.003531821
35.572970678 0.999839525 -0.017055352 0.004185355 0.003538612
35.593034327 0.999839307 -0.017065974 0.004203570 0.003527506
35.613075142 0.999838797 -0.017097406 0.004200577 0.003523305
35.633490541 0.999839066 -0.017083034 0.004195549 0.003522564
35.653369813 0.999839146 -0.017079608 0.004198565 0.003512911
35.673590027 0.999839509 -0.017061647 0.004202653 0.003491957
35.693756848 0.999839569 -0.017055311 0.004196973 0.003512489
35.713919764 0.999839499 -0.017054562 0.004197251 0.003535755
35.734219808 0.999839188 -0.017068020 0.004207230 0.003546869
35.754284492 0.999839267 -0.017064166 0.004205545 0.003545207
35.774735350 0.999838980 -0.017081690 0.004206218 0.003540981
35.794882444 0.999838872 -0.017091410 0.004213347 0.003515776
35.815036964 0.999838851 -0.017091922 0.004199637 0.003535720
35.834966705 0.999838707 -0.017100467 0.004200621 0.003534056
35.855329208 0.999838725 -0.017101982 0.004192496 0.003531301
35.875333523 0.999838380 -0.017122997 0.004182304 0.003539031
35.895481711 0.999838302 -0.017130283 0.004169162 0.003541335
35.915760477 0.999838442 -0.017129852 0.004161003 0.003513413
35.936000844 0.999838325 -0.017135963 0.004164509 0.003512624
35.956044504 0.999837925 -0.017156476 0.004156462 0.003536001
35.976538800 0.999837569 -0.017175970 0.004151929 0.003547244
35.996477609 0.999837645 -0.017177966 0.004163086 0.003502860
36.016789816 0.999837686 -0.017174186 0.004154226 0.003520051
36.036788727 0.999837748 -0.017169533 0.004167003 0.003509994
36.057174149 0.999837956 -0.017157263 0.004168243 0.003509321
36.077170776 0.999837687 -0.017174414 0.004162124 0.003509337
36.097257222 0.999837677 -0.017174452 0.004164742 0.003509082
36.117441625 0.999837677 -0.017173446 0.004165027 0.003513505
36.137837413 0.999837857 -0.017164637 0.004153204 0.003519465
36.158129594 0.999837988 -0.017153965 0.004163732 0.003521824
36.178205218 0.999837970 -0.017151876 0.004169910 0.003529566
36.198428675 0.999837635 -0.017173968 0.004155631 0.003533962
36.218483059 0.999837621 -0.017176102 0.004164858 0.003516743
36.238587018 0.999837570 -0.017181209 0.004162391 0.003509254
36.258935256 0.999837736 -0.017174164 0.004152915 0.003507517
36.278910183 0.999837652 -0.017183846 0.004153623 0.003483228
36.299099353 0.999837812 -0.017169415 0.004171659 0.003486888
36.319237670 0.999838148 -0.017145344 0.004177120 0.003502475
36.339558482 0.999838310 -0.017133585 0.004171474 0.003520363
36.359903180 0.999838554 -0.017117102 0.004164953 0.003538836
36.379849823 0.999838676 -0.017113869 0.004174936 0.003508230
36.399957899 0.999839229 -0.017086684 0.004165403 0.003494361
36.420206440 0.999838556 -0.017120718 0.004156960 0.003530180
36.440258309 0.999838563 -0.017116040 0.004165640 0.003540607
36.460638927 0.999838818 -0.017112952 0.004148035 0.003504137
36.480632641 0.999838787 -0.017117069 0.004144178 0.003497301
36.500851905 0.999838616 -0.017125909 0.004143803 0.003503353
36.520996963 0.999838452 -0.017141137 0.004140742 0.003479180
36.541206907 0.999838900 -0.017112032 0.004136005 0.003499270
36.561784938 0.999838778 -0.017119081 0.004126948 0.003510509
36.581545881 0.999838615 -0.017133058 0.004124078 0.003491962
36.601732397 0.999838964 -0.017118510 0.004103072 0.003488205
36.621861600 0.999839074 -0.017117474 0.004087587 0.003479929
36.642082954 0.999839219 -0.017113624 0.004085639 0.003459420
36.662251229 0.999839021 -0.017122858 0.004071964 0.003487022
36.682423188 0.999839058 -0.017116482 0.004077011 0.003501777
36.702601686 0.999839019 -0.017118083 0.004078386 0.003503571
36.722808612 0.999839273 -0.017101180 0.004089667 0.003500424
36.743235473 0.999839710 -0.017081655 0.004087237 0.003473724
36.763207586 0.999839645 -0.017087491 0.004093792 0.003455793
36.783355792 0.999839630 -0.017088106 0.004095519 0.003455151
36.803673827 0.999839582 -0.017088031 0.004095113 0.003469835
36.823719410 0.999839800 -0.017075448 0.004099490 0.003463650
36.844220639 0.999839822 -0.017067328 0.004094527 0.003503192
36.864014181 0.999839809 -0.017075544 0.004078910 0.003485050
36.884294505 0.999839307 -0.017105196 0.004088635 0.003472008
36.904381725 0.999839059 -0.017117997 0.004096539 0.003471100
36.924820661 0.999838907 -0.017131608 0.004087568 0.003458257
36.945091725 0.999838539 -0.017149559 0.004097525 0.003464045
36.965056714 0.999838888 -0.017133796 0.004099330 0.003439061
36.985377529 0.999838658 -0.017139112 0.004125229 0.003448387
37.005288752 0.999838713 -0.017136914 0.004125805 0.003442741
37.025465459 0.999838685 -0.017136538 0.004132458 0.003444761
37.045834711 0.999838864 -0.017125201 0.004127884 0.003454667
37.065798227 0.999839187 -0.017104108 0.004135193 0.003456938
37.085947347 0.999839196 -0.017106639 0.004124177 0.003454977
37.106144545 0.999839544 -0.017088057 0.004112552 0.003460007
37.126360747 0.999839679 -0.017083379 0.004099194 0.003459794
37.146718095 0.999839400 -0.017103523 0.004102047 0.003437683
37.166664268 0.999839139 -0.017118256 0.004104226 0.003437558
37.187124319 0.999839041 -0.017126792 0.004091685 0.003438596
37.207067321 0.999838788 -0.017139298 0.004099046 0.003441067
37.227176423 0.999838657 -0.017145993 0.004096021 0.003449161
37.247401651 0.999838279 -0.017169301 0.004068875 0.003474926
37.267609370 0.999838261 -0.017174965 0.004059183 0.003463524
37.287737530 0.999838578 -0.017164936 0.004051005 0.003431081
37.308214582 0.999838390 -0.017171614 0.004050525 0.003452808
37.328077312 0.999838780 -0.017148186 0.004046752 0.003460715
37.348473521 0.999838579 -0.017159227 0.004046537 0.003464437
37.368744055 0.999838690 -0.017147680 0.004058243 0.003475869
37.388666513 0.999838760 -0.017144332 0.004064671 0.003464585
37.408803492 0.999838900 -0.017128236 0.004069498 0.003498231
37.429043692 0.999839107 -0.017119976 0.004054124 0.003497150
37.449202839 0.999838826 -0.017138196 0.004049663 0.003493499
37.469356257 0.999838445 -0.017157478 0.004073578 0.003479926
37.489581240 0.999838580 -0.017139448 0.004082997 0.003518840
37.509698290 0.999838562 -0.017141520 0.004094521 0.003500509
37.530118916 0.999838786 -0.017126045 0.004088905 0.003518701
37.550116805 0.999838759 -0.017124791 0.004083977 0.003538050
37.570439178 0.999838693 -0.017130398 0.004076035 0.003538865
37.590393822 0.999838694 -0.017136803 0.004066963 0.003517913
37.610558365 0.999838763 -0.017127317 0.004080109 0.003529307
37.630726428 0.999838938 -0.017113214 0.004094022 0.003532121
37.651032250 0.999839063 -0.017107047 0.004096642 0.003523568
37.671188949 0.999839346 -0.017095546 0.004074328 0.003524849
37.691514603 0.999838973 -0.017111087 0.004089150 0.003538086
37.711446750 0.999838471 -0.017141103 0.004090138 0.003533340
37.731711612 0.999838594 -0.017133768 0.004095862 0.003527682
37.751964316 0.999838450 -0.017139283 0.004106931 0.003528772
37.772084374 0.999838493 -0.017144178 0.004090730 0.003511528
37.792147473 0.999838404 -0.017152656 0.004083041 0.003504311
37.812336682 0.999838434 -0.017146324 0.004086167 0.003523232
37.832496336 0.999838371 -0.017153275 0.004088655 0.003504403
37.852700285 0.999838696 -0.017133880 0.004083901 0.003511943
37.872883527 0.999839013 -0.017113701 0.004069818 0.003536382
37.893158206 0.999838661 -0.017134868 0.004078632 0.003523316
37.913316191 0.999838513 -0.017146928 0.004059010 0.003529251
37.933795478 0.999838558 -0.017145722 0.004052070 0.003530174
37.953925135 0.999838683 -0.017136415 0.004056807 0.003534725
37.973778278 0.999839111 -0.017110266 0.004046480 0.003552055
37.993933668 0.999839126 -0.017111383 0.004048840 0.003539787
38.014143512 0.999839012 -0.017120753 0.004047046 0.003528634
38.034313049 0.999839397 -0.017099208 0.004041401 0.003530438
38.054469156 0.999839469 -0.017088114 0.004057591 0.003545152
38.074959056 0.999839689 -0.017081594 0.004049626 0.003523686
38.094857437 0.999839599 -0.017089187 0.004043258 0.003519746
38.115029496 0.999839590 -0.017087218 0.004039808 0.003535780
38.135402600 0.999839652 -0.017083328 0.004038082 0.003539047
38.155681295 0.999839508 -0.017086914 0.004031289 0.003569866
38.175531327 0.999839661 -0.017079532 0.004030663 0.003563069
38.195705754 0.999839203 -0.017104276 0.004025463 0.003578655
38.215901694 0.999839266 -0.017104766 0.004030912 0.003552484
38.236111417 0.999839386 -0.017095836 0.004017073 0.003577321
38.256236187 0.999839159 -0.017110984 0.004016521 0.003568959
38.276434089 0.999839315 -0.017105628 0.004011581 0.003556396
38.296644652 0.999839613 -0.017086207 0.004005170 0.003573265
38.316809896 0.999839583 -0.017091725 0.004004304 0.003556119
38.337046719 0.999839389 -0.017102194 0.004007237 0.003557267
38.357409798 0.999839323 -0.017100175 0.004002977 0.003589960
38.377330681 0.999839726 -0.017082621 0.003997542 0.003567426
38.397502747 0.999839670 -0.017082872 0.004005337 0.003572963
38.417695176 0.999839649 -0.017076377 0.004009048 0.003605808
38.437886313 0.999839789 -0.017068661 0.004004100 0.003608930
38.458336532 0.999840119 -0.017050886 0.004013962 0.003590578
38.478228941 0.999840036 -0.017051248 0.004020132 0.003604967
38.498444155 0.999840208 -0.017037509 0.004033405 0.003607417
38.518885881 0.999840257 -0.017036431 0.004041756 0.003589649
38.538774899 0.999840122 -0.017043963 0.004027459 0.003607358
38.559393168 0.999840391 -0.017026564 0.004018689 0.003624713
38.579245244 0.999840628 -0.017015565 0.004023930 0.003605028
38.599280721 0.999840678 -0.017009987 0.004023065 0.003618636
38.619470703 0.999840365 -0.017030188 0.003995178 0.003640860
38.639901378 0.999840158 -0.017038582 0.003998933 0.003654221
38.659837325 0.999840312 -0.017035560 0.003987830 0.003638428
38.680026774 0.999840196 -0.017034342 0.003997716 0.003664951
38.700149162 0.999840194 -0.017035052 0.003997211 0.003662828
38.720602867 0.999840036 -0.017043497 0.003999522 0.003664089
38.740786139 0.999840000 -0.017046025 0.003983037 0.003680001
38.760752071 0.999839607 -0.017068068 0.003992735 0.003674080
38.780888176 0.999839563 -0.017070043 0.003996648 0.003672562
38.801057938 0.999839589 -0.017059622 0.004000305 0.003709798
38.821359290 0.999839587 -0.017065329 0.003999119 0.003685330
38.841432230 0.999839645 -0.017065964 0.003999413 0.003666324
38.861621731 0.999839685 -0.017056404 0.004016977 0.003680553
38.881778195 0.999840238 -0.017029089 0.004024204 0.003648932
38.901974185 0.999839964 -0.017049750 0.004013533 0.003639129
38.922318221 0.999840136 -0.017040639 0.004004041 0.003645092
38.942342412 0.999840118 -0.017042821 0.004013793 0.003629174
38.962441945 0.999839729 -0.017054971 0.004011935 0.003680893
38.982665326 0.999839701 -0.017058039 0.004018265 0.003667417
39.002827111 0.999839822 -0.017052722 0.004008013 0.003670376
39.023135007 0.999839351 -0.017078774 0.004014234 0.003670551
39.043501922 0.999839672 -0.017050255 0.004018906 0.003710431
39.063417024 0.999839613 -0.017056431 0.004027983 0.003688149
39.083497656 0.999839778 -0.017050785 0.004030118 0.003667134
39.104020670 0.999840033 -0.017031363 0.004026578 0.003691457
39.123953474 0.999840334 -0.017014028 0.004044110 0.003670749
39.144063971 0.999840489 -0.017003574 0.004037333 0.003684365
39.164358774 0.999840452 -0.017006746 0.004031804 0.003685897
39.184404527 0.999840715 -0.016991435 0.004030555 0.003686471
39.204629847 0.999841065 -0.016968130 0.004061157 0.003665188
39.224966197 0.999841430 -0.016945636 0.004059109 0.003671981
39.245069794 0.999840883 -0.016976533 0.004064309 0.003672393
39.265173744 0.999840572 -0.017000486 0.004049978 0.003662337
39.285322975 0.999840499 -0.017005752 0.004038641 0.003670310
39.305492957 0.999840622 -0.017000835 0.004033825 0.003664718
39.325885982 0.999839992 -0.017032884 0.004055763 0.003663587
39.345891920 0.999839967 -0.017034222 0.004059976 0.003659625
39.366044753 0.999840083 -0.017028161 0.004045623 0.003671968
39.386239623 0.999839894 -0.017045760 0.004043610 0.003643928
39.406377666 0.999840018 -0.017039447 0.004038042 0.003645624
39.426521301 0.999839889 -0.017048654 0.004043758 0.003631514
39.446918192 0.999839669 -0.017065928 0.004044130 0.003610415
39.466873499 0.999839442 -0.017075610 0.004042990 0.003628718
39.487041966 0.999839577 -0.017071013 0.004027099 0.003630877
39.507301453 0.999839634 -0.017060116 0.004033659 0.003659115
39.527510483 0.999840125 -0.017031786 0.004028812 0.003662116
39.547613459 0.999840120 -0.017030745 0.004036823 0.003659616
39.567783272 0.999840047 -0.017037677 0.004037400 0.003646466
39.587988513 0.999840083 -0.017035768 0.004033407 0.003650083
39.608152857 0.999839937 -0.017044147 0.004047777 0.003635051
39.628337736 0.999840154 -0.017030851 0.004048710 0.003636485
39.648757681 0.999840328 -0.017022233 0.004046644 0.003631378
39.668685314 0.999840066 -0.017035413 0.004046768 0.003641407
39.689093695 0.999840189 -0.017032639 0.004060861 0.003604958
39.709075917 0.999840392 -0.017023476 0.004048180 0.003605984
39.729229204 0.999840047 -0.017043130 0.004043256 0.003614316
39.749497062 0.999840046 -0.017040358 0.004063775 0.003604787
39.769569240 0.999840114 -0.017035274 0.004069970 0.003602942
39.789811965 0.999840600 -0.017007916 0.004065540 0.003602203
39.810012772 0.999840809 -0.017000360 0.004061951 0.003584011
39.830217640 0.999841070 -0.016982465 0.004058907 0.003599310
39.850467601 0.999841226 -0.016967247 0.004074514 0.003610219
39.870562735 0.999841589 -0.016950856 0.004075037 0.003585907
39.890784238 0.999841471 -0.016955889 0.004087950 0.003580473
39.911164875 0.999841474 -0.016964201 0.004094572 0.003532404
39.931411071 0.999841504 -0.016962799 0.004087942 0.003538256
39.951212098 0.999841263 -0.016976416 0.004087986 0.003540846
39.971301445 0.999841455 -0.016965075 0.004082685 0.003547084
39.991679871 0.999840924 -0.016989918 0.004091700 0.003567534
40.011731167 0.999840919 -0.016996767 0.004091619 0.003536151
40.031849605 0.999841241 -0.016985055 0.004083613 0.003510609
40.052137522 0.999841193 -0.016984208 0.004080025 0.003532595
40.072291967 0.999841144 -0.016986411 0.004074665 0.003541880
40.092426989 0.999840980 -0.016998644 0.004069284 0.003535773
40.112679565 0.999840956 -0.017007503 0.004060544 0.003509923
40.132881075 0.999840917 -0.017010170 0.004056536 0.003512727
40.152944055 0.999840997 -0.017004359 0.004061949 0.003511839
40.173125410 0.999840907 -0.017008878 0.004057197 0.003521081
40.193289675 0.999840922 -0.017011207 0.004052612 0.003510705
40.213427497 0.999841397 -0.016983702 0.004040807 0.003522390
40.233747852 0.999841331 -0.016985838 0.004048745 0.003521590
40.253810145 0.999841289 -0.016990258 0.004054267 0.003505781
40.274257812 0.999841319 -0.016989874 0.004045321 0.003509364
40.294345356 0.999841216 -0.016999655 0.004036249 0.003501982
40.314661093 0.999840760 -0.017019873 0.004048567 0.003519510
40.334479545 0.999840715 -0.017022164 0.004049758 0.003519998
40.354740989 0.999840524 -0.017028308 0.004059258 0.003533458
40.375055019 0.999840735 -0.017017497 0.004069166 0.003514546
40.395061804 0.999841195 -0.016986362 0.004062487 0.003541790
40.415256328 0.999841368 -0.016972924 0.004067055 0.003552212
40.435503244 0.999841253 -0.016983189 0.004054383 0.003549961
40.455794486 0.999841158 -0.016993106 0.004040398 0.003545260
40.476010907 0.999841194 -0.016993161 0.004035462 0.003540504
40.495999794 0.999841441 -0.016970005 0.004051611 0.003563233
40.516126080 0.999841302 -0.016975955 0.004059251 0.003565280
40.536261772 0.999841215 -0.016978101 0.004061306 0.003576879
40.556614076 0.999840879 -0.016997908 0.004063587 0.003574352
40.576632982 0.999840937 -0.016984685 0.004074325 0.003608477
40.596951107 0.999840772 -0.016998487 0.004070632 0.003593298
40.617118474 0.999841101 -0.016974697 0.004078065 0.003605794
40.637271101 0.999841064 -0.016976985 0.004089756 0.003592030
40.657412983 0.999840969 -0.016990958 0.004079329 0.003564231
40.677690024 0.999840921 -0.016988722 0.004078448 0.003589098
40.697710476 0.999841089 -0.016989712 0.004076591 0.003539560
40.717910394 0.999840988 -0.016997511 0.004073668 0.003533813
40.738053572 0.999840943 -0.016996506 0.004074763 0.003550075
40.758539774 0.999840716 -0.017013533 0.004075796 0.003531360
40.778432282 0.999840856 -0.017004978 0.004061161 0.003549705
40.798596833 0.999840815 -0.017004649 0.004059566 0.003564753
40.818888031 0.999840596 -0.017019457 0.004063325 0.003551161
40.839135960 0.999840657 -0.017010882 0.004066739 0.003570944
40.859460138 0.999841033 -0.016987708 0.004070216 0.003571962
40.879426768 0.999841335 -0.016974860 0.004065664 0.003553908
40.899455142 0.999841048 -0.016989888 0.004069224 0.003558535
40.919661271 0.999840914 -0.016999438 0.004066252 0.003554142
40.939841217 0.999840853 -0.017005453 0.004055846 0.003554402
40.960390323 0.999840983 -0.016997562 0.004056795 0.003554557
40.980217054 0.999841271 -0.016976686 0.004074293 0.003553145
41.000361532 0.999841029 -0.016988104 0.004069859 0.003571804
41.020567012 0.999840800 -0.017002153 0.004065647 0.003573838
41.040836761 0.999841120 -0.016984496 0.004062351 0.003572052
41.061318491 0.999841110 -0.016983410 0.004073479 0.003567225
41.081139229 0.999841015 -0.016987327 0.004087859 0.003558854
41.101536822 0.999840765 -0.016997025 0.004103251 0.003564893
41.121440786 0.999840617 -0.017004214 0.004106768 0.003568086
41.141932290 0.999840743 -0.016999368 0.004105702 0.003557100
41.161794733 0.999840932 -0.016985321 0.004102271 0.003575096
41.182052534 0.999840736 -0.016994558 0.004098097 0.003590603
41.202165371 0.999840318 -0.017024167 0.004104718 0.003559201
41.222425735 0.999840378 -0.017016894 0.004105327 0.003576290
41.242840218 0.999840466 -0.017014842 0.004092504 0.003576321
41.262753766 0.999840472 -0.017008768 0.004113733 0.003579134
41.283060983 0.999840644 -0.017003112 0.004119377 0.003551239
41.303207024 0.999840688 -0.016997574 0.004124284 0.003559745
41.323215779 0.999840622 -0.017001984 0.004124223 0.003557128
41.343691884 0.999840732 -0.016993473 0.004122461 0.003569088
41.363537599 0.999840769 -0.016985687 0.004121646 0.003596502
41.383803305 0.999841068 -0.016968531 0.004129126 0.003585783
41.403934195 0.999840868 -0.016981350 0.004125365 0.003585260
41.424159263 0.999841186 -0.016963985 0.004117549 0.003587748
41.444474371 0.999841758 -0.016933144 0.004100236 0.003593868
41.464621647 0.999841602 -0.016941576 0.004106707 0.003590183
41.484803044 0.999841554 -0.016943899 0.004111210 0.003587403
41.504839897 0.999841433 -0.016946998 0.004114588 0.003602431
41.525364270 0.999841595 -0.016933475 0.004124876 0.003609382
41.545213185 0.999841614 -0.016937122 0.004134060 0.003576389
41.565420734 0.999841817 -0.016928497 0.004127989 0.003567542
41.585498277 0.999841570 -0.016945324 0.004118914 0.003567158
41.605723625 0.999841459 -0.016951804 0.004118946 0.003567465
41.625933037 0.999841589 -0.016937299 0.004122711 0.003595497
41.646119328 0.999841660 -0.016938227 0.004116409 0.003578546
41.666313150 0.999841845 -0.016934736 0.004106405 0.003555009
41.686410179 0.999841693 -0.016944221 0.004109571 0.003548730
41.706534242 0.999841772 -0.016940349 0.004101980 0.003553671
41.726770635 0.999841921 -0.016937219 0.004092954 0.003537130
41.747051765 0.999841867 -0.016943029 0.004080828 0.003538547
41.767150429 0.999841967 -0.016942592 0.004073956 0.003520241
41.787299950 0.999842077 -0.016932502 0.004079808 0.003530940
41.807497531 0.999842137 -0.016929394 0.004080776 0.003527631
41.828010204 0.999841959 -0.016937434 0.004092812 0.003525456
41.848103942 0.999842273 -0.016922328 0.004091828 0.003510109
41.868372711 0.999842217 -0.016929313 0.004090936 0.003493341
41.888210435 0.999842230 -0.016928316 0.004087367 0.003498773
41.908556649 0.999842447 -0.016914739 0.004086092 0.003503849
41.928555487 0.999842327 -0.016915280 0.004100526 0.003518420
41.948708010 0.999842159 -0.016921647 0.004103457 0.003532236
41.968925837 0.999842541 -0.016899150 0.004103116 0.003532163
41.989161007 0.999842303 -0.016914685 0.004099026 0.003530062
42.009671267 0.999842359 -0.016907684 0.004100261 0.003546113
42.029801586 0.999842583 -0.016896156 0.004107315 0.003529884
42.049724185 0.999842730 -0.016890488 0.004105003 0.003517823
42.069778850 0.999842815 -0.016881852 0.004113617 0.003525168
42.090035011 0.999842803 -0.016880353 0.004102625 0.003548532
42.110155321 0.999843037 -0.016870554 0.004106590 0.003524301
42.130350333 0.999842951 -0.016877452 0.004113540 0.003507588
42.150505162 0.999842863 -0.016881500 0.004109265 0.003518217
42.170799839 0.999842778 -0.016887700 0.004112314 0.003509180
42.190945464 0.999843414 -0.016849418 0.004107801 0.003517179
42.211063746 0.999843231 -0.016859274 0.004101852 0.003528829
42.231173138 0.999843645 -0.016834062 0.004100946 0.003533137
42.251336977 0.999843387 -0.016848169 0.004101565 0.003537992
42.271551176 0.999843346 -0.016849782 0.004096587 0.003547699
42.292050956 0.999843207 -0.016854523 0.004090416 0.003571285
42.311904753 0.999843292 -0.016858410 0.004083842 0.003536709
42.332112795 0.999842987 -0.016873818 0.004085243 0.003547710
42.352392954 0.999842905 -0.016876410 0.004096393 0.003545559
42.372630615 0.999842783 -0.016888945 0.004076382 0.003543340
42.392641628 0.999842777 -0.016886061 0.004068831 0.003567429
42.412920056 0.999842720 -0.016887741 0.004095679 0.003544765
42.432963025 0.999842594 -0.016894376 0.004102149 0.003541260
42.453255662 0.999842182 -0.016917752 0.004105585 0.003541765
42.473304415 0.999842415 -0.016907867 0.004099321 0.003530464
42.493503961 0.999842512 -0.016903502 0.004083973 0.003541747
42.513688944 0.999842789 -0.016891246 0.004080747 0.003525686
42.533958979 0.999842667 -0.016900436 0.004084266 0.003512193
42.554096426 0.999842623 -0.016898566 0.004084962 0.003532841
42.574496203 0.999842607 -0.016900300 0.004092007 0.003520953
42.594841564 0.999843127 -0.016875433 0.004079396 0.003507226
42.614581004 0.999843061 -0.016878148 0.004080502 0.003511533
42.634772657 0.999843567 -0.016847687 0.004068986 0.003527189
42.654947647 0.999843418 -0.016857358 0.004075344 0.003515812
42.675221823 0.999843467 -0.016852837 0.004077414 0.003520954
42.695244989 0.999843718 -0.016834958 0.004084334 0.003527417
42.715418083 0.999844021 -0.016817521 0.004096819 0.003510061
42.735647320 0.999844282 -0.016796777 0.004105848 0.003524371
42.755852164 0.999844534 -0.016778473 0.004106933 0.003538879
42.776007916 0.999844260 -0.016790419 0.004107433 0.003559058
42.796225140 0.999843962 -0.016807044 0.004111854 0.003559130
42.816366875 0.999843868 -0.016814384 0.004107021 0.003556426
42.836643552 0.999843912 -0.016805994 0.004120714 0.003567944
42.856944117 0.999844046 -0.016798959 0.004117855 0.003566872
42.877047860 0.999844011 -0.016803699 0.004103419 0.003570984
42.897107781 0.999843853 -0.016807229 0.004107091 0.003594331
42.917377568 0.999843965 -0.016798573 0.004112175 0.003597728
42.937383572 0.999843704 -0.016810036 0.004122666 0.003604805
42.957652088 0.999843434 -0.016834496 0.004115492 0.003573581
42.977727213 0.999843842 -0.016805641 0.004110335 0.003601026
42.997905995 0.999843672 -0.016813059 0.004113874 0.003609451
43.018082705 0.999843215 -0.016838848 0.004138944 0.003587247
43.038463735 0.999843181 -0.016838399 0.004139418 0.003598066
43.058781010 0.999843016 -0.016847060 0.004148023 0.003593507
43.078718817 0.999843195 -0.016833475 0.004151324 0.003603650
43.099045504 0.999843135 -0.016837908 0.004151284 0.003599547
43.119008731 0.999843023 -0.016839659 0.004157099 0.003615725
43.139211797 0.999842782 -0.016853427 0.004152515 0.003623386
43.159781796 0.999842771 -0.016856725 0.004157502 0.003605584
43.179504637 0.999842475 -0.016876558 0.004153666 0.003599112
43.199748355 0.999842671 -0.016857433 0.004161229 0.003625582
43.219909057 0.999842291 -0.016883315 0.004175331 0.003593650
43.240127769 0.999842195 -0.016891168 0.004182525 0.003575009
43.260423261 0.999842449 -0.016871867 0.004183493 0.003593807
43.280565840 0.999842663 -0.016861257 0.004173157 0.003595984
43.300726891 0.999842807 -0.016849426 0.004173165 0.003611366
43.320796331 0.999842871 -0.016845878 0.004175985 0.003607139
43.341359378 0.999843012 -0.016840240 0.004173842 0.003596781
43.361123394 0.999843014 -0.016839533 0.004172352 0.003601300
43.381347524 0.999843218 -0.016830545 0.004154919 0.003606715
43.401444133 0.999843078 -0.016841278 0.004161156 0.003588328
43.421741095 0.999843195 -0.016833126 0.004166247 0.003588020
43.441916907 0.999842993 -0.016847499 0.004172683 0.003569229
43.462049878 0.999842731 -0.016859062 0.004189850 0.003568000
43.482175040 0.999842631 -0.016867787 0.004181831 0.003564079
43.502344257 0.999842552 -0.016871831 0.004184067 0.003564653
43.522508597 0.999842800 -0.016859257 0.004193641 0.003543108
43.543001919 0.999843093 -0.016833699 0.004186798 0.003589917
43.563025290 0.999842665 -0.016858404 0.004196599 0.003581542
43.583136592 0.999842540 -0.016866127 0.004190107 0.003587846
43.603463151 0.999842605 -0.016864494 0.004174016 0.003596118
43.623806231 0.999842566 -0.016865282 0.004178124 0.003598442
43.643709711 0.999842278 -0.016881435 0.004186957 0.003592406
43.663808221 0.999842116 -0.016887280 0.004193885 0.003602069
43.684058087 0.999842475 -0.016870659 0.004200897 0.003571989
43.704189118 0.999842373 -0.016874539 0.004201990 0.003580905
43.724548616 0.999842532 -0.016859424 0.004218622 0.003588073
43.744496359 0.999842293 -0.016876120 0.004219722 0.003574961
43.764770949 0.999842420 -0.016867874 0.004215039 0.003583684
43.784907526 0.999842462 -0.016860846 0.004226114 0.003591969
43.805115104 0.999842765 -0.016845953 0.004232153 0.003570371
43.825277734 0.999842920 -0.016836248 0.004231256 0.003573973
43.845464164 0.999842863 -0.016840726 0.004224387 0.003576903
43.865538919 0.999842910 -0.016833840 0.004232925 0.003586032
43.885714552 0.999842797 -0.016834911 0.004244624 0.003598677
43.905892036 0.999842738 -0.016842899 0.004235684 0.003588307
43.926088495 0.999842759 -0.016849996 0.004227436 0.003558627
43.946311572 0.999842414 -0.016859695 0.004243319 0.003590626
43.966580296 0.999842308 -0.016870029 0.004231337 0.003585612
43.986640107 0.999842316 -0.016876143 0.004221301 0.003566525
44.006867987 0.999842186 -0.016880242 0.004219055 0.003586092
44.027142388 0.999842314 -0.016872784 0.004229482 0.003573170
44.047200168 0.999842250 -0.016874267 0.004242617 0.003568426
44.067391984 0.999842262 -0.016877205 0.004235954 0.003559307
44.087547363 0.999842363 -0.016874091 0.004218091 0.003566657
44.107981900 0.999842099 -0.016882933 0.004228137 0.003587123
44.128231686 0.999841963 -0.016889536 0.004248054 0.003570115
44.148143562 0.999842333 -0.016871635 0.004237361 0.003563862
44.168234881 0.999842378 -0.016865403 0.004248786 0.003567329
44.188383258 0.999842505 -0.016856805 0.004246776 0.003574675
44.208863476 0.999842643 -0.016846783 0.004250886 0.003578460
44.228763514 0.999842530 -0.016852364 0.004238616 0.003598118
44.249011988 0.999842448 -0.016860210 0.004223005 0.003602661
44.269157925 0.999842369 -0.016858191 0.004224711 0.003631913
44.289331323 0.999842015 -0.016875164 0.004232455 0.003641583
44.309936121 0.999842178 -0.016865572 0.004221051 0.003654313
44.329821499 0.999842639 -0.016840809 0.004204348 0.003661701
44.349828699 0.999842486 -0.016850355 0.004208625 0.003654584
44.370003821 0.999842846 -0.016835644 0.004202037 0.003631343
44.390171403 0.999843106 -0.016815013 0.004190766 0.003668361
44.410386752 0.999842747 -0.016830542 0.004205413 0.003678040
44.430493351 0.999843079 -0.016811989 0.004196776 0.003682615
44.450747800 0.999843432 -0.016785271 0.004205014 0.003699323
44.470963006 0.999843935 -0.016763976 0.004196228 0.003669708
44.491516954 0.999843941 -0.016763115 0.004201574 0.003665896
44.511360087 0.999843586 -0.016781940 0.004212277 0.003664342
44.531446181 0.999843589 -0.016784808 0.004207824 0.003655426
44.551603416 0.999843689 -0.016778397 0.004204632 0.003661275
44.571821978 0.999843748 -0.016776448 0.004207146 0.003651196
44.592111749 0.999843545 -0.016782589 0.004229841 0.003652191
44.612141361 0.999843985 -0.016768287 0.004211783 0.003618035
44.632351003 0.999843669 -0.016786964 0.004211917 0.003618778
44.652494244 0.999843455 -0.016803540 0.004213396 0.003599028
44.672642812 0.999843264 -0.016815720 0.004220472 0.003587003
44.693104830 0.999843209 -0.016818262 0.004224113 0.003586136
44.713228582 0.999842956 -0.016831503 0.004247109 0.003567206
44.733210604 0.999843083 -0.016823379 0.004251615 0.003564599
44.753394231 0.999842962 -0.016835277 0.004252854 0.003540913
44.773556051 0.999843021 -0.016825502 0.004263886 0.003557416
44.793753557 0.999842870 -0.016829688 0.004262500 0.003581735
44.813953809 0.999842658 -0.016845501 0.004260986 0.003568107
44.834242263 0.999842468 -0.016858596 0.004263386 0.003556775
44.854331905 0.999842427 -0.016856731 0.004264680 0.003575571
44.874706997 0.999842400 -0.016854590 0.004267319 0.003590042
44.894620588 0.999842341 -0.016855852 0.004282642 0.003582156
44.914821243 0.999842396 -0.016852296 0.004275477 0.003592098
44.934971917 0.999842154 -0.016865300 0.004274234 0.003600065
44.955203152 0.999842239 -0.016867643 0.004251120 0.003592816
44.975319276 0.999842441 -0.016855527 0.004240676 0.003605683
44.995469289 0.999842363 -0.016857543 0.004230858 0.003629432
45.015640346 0.999842182 -0.016869820 0.004240483 0.003610763
45.035965411 0.999842252 -0.016863807 0.004241482 0.003618554
45.056179195 0.999842243 -0.016858526 0.004232714 0.003655523
45.076349308 0.999842192 -0.016860812 0.004247989 0.003641189
45.096366762 0.999842166 -0.016863720 0.004244480 0.003638925
45.116566688 0.999842554 -0.016839882 0.004247548 0.003639121
45.136825677 0.999842286 -0.016844749 0.004252356 0.003684327
45.157398021 0.999842290 -0.016843931 0.004255503 0.003683396
45.177210552 0.999841931 -0.016871718 0.004258203 0.003650332
45.198033440 0.999842103 -0.016853667 0.004262078 0.003682164
45.217780033 0.999841567 -0.016885589 0.004269297 0.003673062
45.237693376 0.999841315 -0.016900586 0.004261375 0.003681840
45.257941256 0.999841502 -0.016893929 0.004264248 0.003658225
45.278090901 0.999841580 -0.016889352 0.004273157 0.003647679
45.298246743 0.999841518 -0.016899612 0.004265251 0.003626120
45.318451828 0.999841749 -0.016885420 0.004243478 0.003654123
45.338710425 0.999841543 -0.016898233 0.004229671 0.003667130
45.358688379 0.999841507 -0.016903452 0.004217194 0.003667231
45.378857936 0.999841467 -0.016908348 0.004219865 0.003652682
45.399385586 0.999841272 -0.016922762 0.004224604 0.003633726
45.419389367 0.999841043 -0.016932675 0.004233345 0.003640431
45.439415329 0.999840979 -0.016937112 0.004232250 0.003638661
45.460037133 0.999841129 -0.016934010 0.004216171 0.003630362
45.479822652 0.999840860 -0.016952800 0.004222379 0.003609634
45.499923442 0.999840671 -0.016966203 0.004213511 0.003609267
45.520158238 0.999840457 -0.016982818 0.004213179 0.003590779
45.540399368 0.999840422 -0.016982691 0.004218420 0.003595083
45.560918742 0.999840565 -0.016975524 0.004205310 0.003604459
45.580671003 0.999840189 -0.016997478 0.004191511 0.003621159
45.600962525 0.999840270 -0.016990548 0.004202230 0.003618925
45.621012814 0.999840459 -0.016980896 0.004190456 0.003625804
45.641542179 0.999840264 -0.016990555 0.004194924 0.003629014
45.661436283 0.999840121 -0.016995922 0.004184755 0.003654974
45.681501585 0.999840018 -0.017002730 0.004172014 0.003665998
45.701712778 0.999839914 -0.017004763 0.004175457 0.003680928
45.721994769 0.999840351 -0.016983357 0.004171658 0.003665402
45.742490117 0.999840359 -0.016984317 0.004180115 0.003649021
45.762245146 0.999840315 -0.016987351 0.004185460 0.003640834
45.782567531 0.999840313 -0.016987521 0.004188380 0.003637401
45.802845088 0.999839834 -0.017003134 0.004212581 0.003667959
45.822807780 0.999839907 -0.017002376 0.004204215 0.003661058
45.843253203 0.999839841 -0.017004956 0.004222918 0.003645544
45.863125467 0.999839913 -0.016997253 0.004237454 0.003645062
45.883298404 0.999839767 -0.017005391 0.004237040 0.003647603
45.903485852 0.999839756 -0.017001779 0.004241271 0.003662304
45.923740153 0.999839710 -0.017011803 0.004236442 0.003634049
45.943916265 0.999840201 -0.016988236 0.004221565 0.003626331
45.964080587 0.999840377 -0.016977849 0.004215418 0.003633649
45.984269858 0.999840454 -0.016973567 0.004220492 0.003626690
46.004393789 0.999840273 -0.016982968 0.004228119 0.003623658
46.024856158 0.999840225 -0.016984519 0.004242724 0.003612539
46.044737883 0.999840121 -0.016988978 0.004247543 0.003614541
46.064935196 0.999839995 -0.016995786 0.004240522 0.003625690
46.085163975 0.999840164 -0.016981361 0.004246916 0.003639272
46.105310567 0.999840450 -0.016966599 0.004244203 0.003632547
46.125386732 0.999840226 -0.016979893 0.004245255 0.003630794
46.145646476 0.999840140 -0.016982690 0.004248569 0.003637753
46.165854003 0.999840164 -0.016986286 0.004225345 0.003641331
46.185965307 0.999840229 -0.016983528 0.004224025 0.003637722
46.206121552 0.999839953 -0.017001457 0.004228426 0.003624688
46.226339296 0.999839807 -0.017009270 0.004217062 0.003641523
46.246784228 0.999839512 -0.017024727 0.004210586 0.003657789
46.266690080 0.999839821 -0.017006349 0.004207662 0.003662351
46.286980328 0.999839953 -0.017005318 0.004197095 0.003643040
46.307178109 0.999840205 -0.016988790 0.004186523 0.003662998
46.327259151 0.999840254 -0.016986984 0.004185528 0.003659244
46.347392492 0.999840269 -0.016985357 0.004181762 0.003666890
46.367596683 0.999840324 -0.016976181 0.004193595 0.003680889
46.387706484 0.999840627 -0.016960851 0.004197801 0.003664606
46.408235038 0.999840124 -0.016988343 0.004187896 0.003685690
46.428332001 0.999839888 -0.017006719 0.004183353 0.003670096
46.448687189 0.999840006 -0.016998843 0.004181891 0.003675986
46.468613597 0.999840287 -0.016988213 0.004177296 0.003654003
46.488928724 0.999840339 -0.016982405 0.004170761 0.003674001
46.508808726 0.999840400 -0.016977120 0.004177892 0.003673791
46.528997039 0.999840378 -0.016982769 0.004173246 0.003658947
46.549196334 0.999840469 -0.016977682 0.004181578 0.003648233
46.569351198 0.999840538 -0.016973472 0.004186512 0.003643296
46.589463211 0.999840430 -0.016981501 0.004180064 0.003642813
46.609680062 0.999840562 -0.016969281 0.004181264 0.003662042
46.629969906 0.999840640 -0.016962112 0.004193935 0.003659512
46.650078464 0.999840483 -0.016965952 0.004208316 0.003668232
46.670416108 0.999840596 -0.016954313 0.004216467 0.003681712
46.690386683 0.999840613 -0.016957402 0.004218656 0.003660289
46.710585417 0.999840700 -0.016957475 0.004210262 0.003645780
46.730816932 0.999840616 -0.016962890 0.004203661 0.003651412
46.750961081 0.999840471 -0.016973569 0.004204655 0.003640122
46.771145713 0.999840782 -0.016956007 0.004204243 0.003637094
46.791602071 0.999840880 -0.016949168 0.004209725 0.003635796
46.811440346 0.999840870 -0.016957047 0.004200580 0.003612324
46.831740129 0.999841091 -0.016945703 0.004186507 0.003620721
46.851966285 0.999841166 -0.016940160 0.004185553 0.003626966
46.872313854 0.999841186 -0.016943633 0.004173800 0.003618716
46.892373875 0.999841226 -0.016943861 0.004163870 0.003618082
46.912444308 0.999841722 -0.016918460 0.004156044 0.003608986
46.932616217 0.999841681 -0.016918883 0.004165044 0.003607914
46.953125052 0.999841172 -0.016952294 0.004170762 0.003585552
46.972899846 0.999840959 -0.016964287 0.004153556 0.003607985
46.993089752 0.999841146 -0.016958021 0.004146369 0.003594008
47.013246799 0.999840854 -0.016979624 0.004139766 0.003580606
47.033547139 0.999840807 -0.016980492 0.004142803 0.003586112
47.053678526 0.999840740 -0.016986764 0.004145008 0.003572596
47.074073508 0.999840810 -0.016978831 0.004158542 0.003575109
47.093934731 0.999840907 -0.016982102 0.004136714 0.003557594
47.114172061 0.999840899 -0.016984324 0.004133352 0.003553235
47.134543676 0.999840775 -0.016991616 0.004121874 0.003566514
47.154455875 0.999840568 -0.017001387 0.004127734 0.003571267
47.174939091 0.999840508 -0.016998028 0.004129759 0.003601430
47.194850325 0.999840575 -0.016993572 0.004132703 0.003600561
47.214977204 0.999840321 -0.017007869 0.004135804 0.003599905
47.235216958 0.999840515 -0.017000754 0.004123230 0.003594046
47.255479288 0.999840553 -0.016999473 0.004117655 0.003595936
47.276319811 0.999840603 -0.016995196 0.004113456 0.003607261
47.295742548 0.999840732 -0.016985645 0.004113612 0.003616096
47.315912772 0.999840670 -0.016984805 0.004119389 0.003630650
47.336075533 0.999840423 -0.017002273 0.004120686 0.003615384
47.356300752 0.999840164 -0.017023704 0.004103775 0.003605337
47.376493273 0.999839837 -0.017040911 0.004108849 0.003609015
47.396623243 0.999839585 -0.017049969 0.004116345 0.003627401
47.417021980 0.999839486 -0.017053474 0.004124951 0.003628480
47.437315448 0.999839331 -0.017056019 0.004146135 0.003634982
47.457316549 0.999839657 -0.017034843 0.004153898 0.003635857
47.477306886 0.999839824 -0.017028466 0.004145872 0.003628880
47.497487632 0.999839725 -0.017031430 0.004150726 0.003636743
47.517729771 0.999839978 -0.017020852 0.004149435 0.003618057
47.537921177 0.999840028 -0.017013724 0.004168837 0.003615611
47.558144687 0.999839661 -0.017032798 0.004148563 0.003650343
47.578213625 0.999839640 -0.017037043 0.004142153 0.003643495
47.598450249 0.999839618 -0.017043805 0.004132929 0.003628457
47.618701168 0.999839217 -0.017058158 0.004132115 0.003672203
47.639160626 0.999839208 -0.017056203 0.004143820 0.003670521
47.658918381 0.999839129 -0.017063165 0.004129244 0.003676001
47.679122172 0.999839120 -0.017062175 0.004125654 0.003687138
47.699260178 0.999839204 -0.017058684 0.004131488 0.003673957
47.719417213 0.999839240 -0.017059352 0.004137654 0.003654111
47.739593091 0.999839361 -0.017051423 0.004136233 0.003659592
47.759774317 0.999839521 -0.017048459 0.004123564 0.003644052
47.780003437 0.999839633 -0.017042481 0.004123199 0.003641653
47.800147576 0.999839521 -0.017048228 0.004125450 0.003643035
47.820559351 0.999839885 -0.017031217 0.004125681 0.003622177
47.840492239 0.999840097 -0.017018372 0.004130790 0.003618158
47.860827104 0.999839745 -0.017037648 0.004133009 0.003622326
47.880935176 0.999839743 -0.017038068 0.004132385 0.003621515
47.901139075 0.999839499 -0.017051037 0.004133275 0.003626925
47.921202421 0.999839731 -0.017033970 0.004108418 0.003671186
47.941575532 0.999839615 -0.017039795 0.004111116 0.003672603
47.961568691 0.999839719 -0.017037697 0.004105123 0.003660677
47.981785780 0.999839602 -0.017042317 0.004097888 0.003679248
48.001957141 0.999839561 -0.017042069 0.004099476 0.003689845
48.022378392 0.999839586 -0.017043647 0.004099927 0.003675282
48.042558338 0.999839499 -0.017054510 0.004088246 0.003661312
48.062612002 0.999839691 -0.017043486 0.004086570 0.003662094
48.082857125 0.999839555 -0.017053135 0.004060719 0.003683112
48.102923039 0.999839560 -0.017054737 0.004053113 0.003682739
48.123104425 0.999840193 -0.017020456 0.004038405 0.003685607
48.143457444 0.999840305 -0.017020991 0.004044601 0.003645780
48.163409961 0.999840346 -0.017015609 0.004048951 0.003654760
48.183639664 0.999839974 -0.017033157 0.004056052 0.003666834
48.203820622 0.999840315 -0.017014229 0.004057664 0.003660038
48.224038540 0.999840132 -0.017024150 0.004055460 0.003666211
48.244392093 0.999839859 -0.017044710 0.004050625 0.003650697
48.264350257 0.999840230 -0.017026431 0.004031246 0.003655685
48.284415478 0.999840232 -0.017025230 0.004034710 0.003657002
48.304651315 0.999840508 -0.017014431 0.004021684 0.003646180
48.324971058 0.999840574 -0.017012818 0.004025017 0.003631759
48.344950095 0.999840601 -0.017014031 0.004009828 0.003635565
48.365176525 0.999840652 -0.017011680 0.004016528 0.003625092
48.385328945 0.999840712 -0.017008696 0.004016161 0.003623010
48.405450004 0.999841102 -0.016988091 0.004017179 0.003610847
48.425751278 0.999841108 -0.016986145 0.004024865 0.003609814
48.445888987 0.999840635 -0.017011071 0.004035029 0.003611944
48.466014849 0.999840430 -0.017024372 0.004043219 0.003596821
48.486179448 0.999840419 -0.017024708 0.004043578 0.003597922
48.506405171 0.999840629 -0.017011795 0.004039075 0.003605761
48.526572669 0.999840911 -0.016998780 0.004043730 0.003583519
48.546683497 0.999840961 -0.016997944 0.004027483 0.003591867
48.566888085 0.999840444 -0.017026525 0.004027872 0.003599930
48.587281636 0.999840627 -0.017015165 0.004037487 0.003592198
48.607347846 0.999840767 -0.017008421 0.004025775 0.003598169
48.627565098 0.999840602 -0.017017508 0.004021052 0.003606512
48.647566200 0.999840616 -0.017016219 0.004013833 0.003616755
48.667748089 0.999840537 -0.017021558 0.004011023 0.003616413
48.688082731 0.999840655 -0.017010193 0.004012400 0.003635635
48.708258781 0.999840678 -0.017017883 0.004001670 0.003605100
48.728337170 0.999840445 -0.017035166 0.003999039 0.003590914
48.748602204 0.999840814 -0.017015795 0.003987873 0.003592641
48.768698829 0.999840778 -0.017021621 0.003989071 0.003573531
48.789054634 0.999840724 -0.017022943 0.003987798 0.003583829
48.809230421 0.999840699 -0.017029778 0.003976882 0.003570304
48.829298232 0.999840732 -0.017019244 0.004001695 0.003583712
48.849377632 0.999840849 -0.017011305 0.004005140 0.003584701
48.869518758 0.999840550 -0.017021180 0.004014845 0.003610430
48.889841225 0.999840536 -0.017019086 0.004029098 0.003608167
48.909906103 0.999840777 -0.017014354 0.004021099 0.003572449
48.930089994 0.999841113 -0.016993616 0.004020863 0.003577594
48.950251493 0.999840941 -0.017007135 0.004018001 0.003564519
48.970452552 0.999840981 -0.017002855 0.004020400 0.003571028
48.990880108 0.999841118 -0.016997338 0.004010697 0.003569876
49.030939205 0.999841077 -0.017002937 0.004003826 0.003562457
49.051136361 0.999840918 -0.017006804 0.004008351 0.003583474
49.071366195 0.999840999 -0.017006652 0.004001377 0.003569287
49.091726729 0.999840746 -0.017017938 0.003993357 0.003595272
49.111814588 0.999840416 -0.017036759 0.003994500 0.003596603
49.132375077 0.999840616 -0.017023542 0.004005489 0.003591299
49.152229817 0.999840543 -0.017028166 0.004012638 0.003581704
49.172354481 0.999840424 -0.017032627 0.004010084 0.003596595
49.192443212 0.999840220 -0.017045613 0.004009604 0.003592176
49.212544751 0.999840277 -0.017040481 0.004019319 0.003589979
49.232733109 0.999839729 -0.017068292 0.004030035 0.003598360
49.252918750 0.999839536 -0.017076739 0.004026844 0.003615545
49.273146371 0.999839397 -0.017086476 0.004023116 0.003611946
49.293304430 0.999839358 -0.017085557 0.004019543 0.003631161
49.313520566 0.999839229 -0.017086191 0.004033303 0.003648300
49.333683837 0.999839610 -0.017069857 0.004036231 0.003617014
49.354199242 0.999839905 -0.017052261 0.004046428 0.003607156
49.374055682 0.999839837 -0.017058025 0.004034730 0.003611925
49.394169052 0.999839855 -0.017055404 0.004037433 0.003616184
49.414436400 0.999840169 -0.017046785 0.004022197 0.003586901
49.434515449 0.999840489 -0.017021149 0.004019285 0.003622431
49.454885052 0.999840250 -0.017034872 0.004016171 0.003627496
49.475110416 0.999840035 -0.017057141 0.004012622 0.003585617
49.495064648 0.999840122 -0.017048516 0.004008339 0.003607065
49.515299270 0.999840168 -0.017047088 0.004010613 0.003598660
49.535450244 0.999839883 -0.017069074 0.003996086 0.003589744
49.555714747 0.999839994 -0.017057817 0.003986442 0.003622943
49.575734906 0.999839915 -0.017060897 0.003995354 0.003620278
49.595927267 0.999840110 -0.017050696 0.004006833 0.003602002
49.616149720 0.999840121 -0.017046325 0.004006759 0.003619683
49.636437292 0.999840039 -0.017043430 0.004006118 0.003656491
49.656648230 0.999840250 -0.017027026 0.004005829 0.003675318
49.676647676 0.999840481 -0.017009878 0.004014330 0.003682502
49.697028844 0.999840186 -0.017026103 0.004012349 0.003689968
49.717196226 0.999840432 -0.017011434 0.004032171 0.003669337
49.737245308 0.999840259 -0.017026805 0.004025136 0.003652723
49.757583569 0.999840435 -0.017020963 0.004015885 0.003642112
49.777515877 0.999840464 -0.017018737 0.004018051 0.003641966
49.797686136 0.999840508 -0.017012645 0.004021072 0.003655158
49.817951469 0.999839992 -0.017041721 0.004024839 0.003656571
49.838112026 0.999840180 -0.017022719 0.004036624 0.003680580
49.858312432 0.999840182 -0.017020541 0.004044230 0.003681702
49.878777100 0.999840017 -0.017031628 0.004042579 0.003677141
49.898647786 0.999839753 -0.017045016 0.004041930 0.003687754
49.918917382 0.999839407 -0.017057982 0.004054405 0.003707645
49.939274210 0.999839275 -0.017066511 0.004056531 0.003701647
49.959458757 0.999839200 -0.017072812 0.004059382 0.003689850
49.979342960 0.999839393 -0.017058035 0.004060199 0.003704891
49.999469460 0.999839794 -0.017040349 0.004063402 0.003674416
50.019661432 0.999839589 -0.017047827 0.004063180 0.003695749
50.039900806 0.999839401 -0.017058124 0.004064280 0.003697788
50.060147898 0.999839137 -0.017075616 0.004061446 0.003691738
50.080291735 0.999839138 -0.017078864 0.004057054 0.003681122
50.100376731 0.999839472 -0.017057679 0.004048173 0.003698330
50.120558744 0.999838927 -0.017093154 0.004048180 0.003681804
50.140792677 0.999839071 -0.017079621 0.004039720 0.003714639
50.160972272 0.999839001 -0.017082247 0.004046698 0.003713871
50.181132426 0.999839058 -0.017080414 0.004038224 0.003716193
50.201270383 0.999839098 -0.017083128 0.004044254 0.003686320
50.221411362 0.999839391 -0.017061784 0.004040139 0.003710047
50.241892836 0.999839397 -0.017066389 0.004038004 0.003689470
50.261853464 0.999839421 -0.017061275 0.004025150 0.003720718
50.281998697 0.999839868 -0.017029677 0.004032036 0.003737777
50.302249091 0.999840113 -0.017015120 0.004039837 0.003730222
50.322542280 0.999840569 -0.016990376 0.004044457 0.003715767
50.342758455 0.999840623 -0.016986510 0.004046700 0.003716358
50.362845483 0.999840485 -0.016996328 0.004052590 0.003702239
50.382902702 0.999840511 -0.016994093 0.004057743 0.003699817
50.403057113 0.999840318 -0.017008891 0.004042247 0.003700970
50.423342105 0.999840543 -0.016993801 0.004047529 0.003703566
50.443407087 0.999840746 -0.016987094 0.004044303 0.003683002
50.463573352 0.999840756 -0.016987745 0.004057711 0.003662539
50.483846633 0.999840646 -0.016991352 0.004064708 0.003668071
50.504006509 0.999840571 -0.017001721 0.004057686 0.003648146
50.524303386 0.999840518 -0.017011995 0.004047051 0.003626587
50.544324908 0.999840476 -0.017016927 0.004053369 0.003607945
50.564401521 0.999840320 -0.017022659 0.004063878 0.003612163
50.584611543 0.999840359 -0.017020559 0.004064134 0.003611015
50.604797797 0.999840357 -0.017026309 0.004051469 0.003598720
50.625054204 0.999840451 -0.017019400 0.004051664 0.003604975
50.645275067 0.999840564 -0.017015523 0.004053232 0.003590239
50.665574453 0.999840807 -0.017003480 0.004045124 0.003588846
50.685541401 0.999841009 -0.016991998 0.004049585 0.003581739
50.705695148 0.999841089 -0.016993812 0.004036912 0.003565193
50.726095866 0.999840672 -0.017014556 0.004031812 0.003588858
50.746062527 0.999840675 -0.017014366 0.004030688 0.003590091
50.766315788 0.999840920 -0.017004092 0.004020660 0.003581749
50.786373581 0.999840693 -0.017021968 0.004029655 0.003550073
50.806553146 0.999840653 -0.017023679 0.004019098 0.003565122
50.826757449 0.999840754 -0.017014185 0.004021174 0.003579815
50.846983935 0.999841077 -0.016995500 0.004015120 0.003585098
50.867216803 0.999841098 -0.016993721 0.004023053 0.003578783
50.887503262 0.999841087 -0.016994823 0.004031761 0.003566783
50.907502464 0.999841100 -0.016988610 0.004046382 0.003576015
50.927636716 0.999841449 -0.016975994 0.004032211 0.003554394
50.947816052 0.999841359 -0.016983061 0.004021021 0.003558562
50.968017072 0.999841325 -0.016985900 0.004036633 0.003536906
50.988157069 0.999841600 -0.016970635 0.004036389 0.003532572
51.008334445 0.999841256 -0.016996670 0.004021724 0.003521642
51.028495439 0.999841342 -0.016991444 0.004034728 0.003507621
51.049107360 0.999841102 -0.017001751 0.004040179 0.003519720
51.068986614 0.999841329 -0.016992468 0.004032913 0.003508393
51.089157031 0.999841336 -0.016993861 0.004020574 0.003513868
51.109330678 0.999841286 -0.016999495 0.004011153 0.003511417
51.129385621 0.999841236 -0.017003461 0.004007803 0.003510427
51.149558806 0.999841239 -0.017012040 0.004011737 0.003463023
51.169802223 0.999841504 -0.016993835 0.004007904 0.003480497
51.190013677 0.999841584 -0.016988652 0.004001318 0.003490270
51.210163673 0.999841599 -0.016991006 0.003997794 0.003478641
51.230327474 0.999841526 -0.016993540 0.003993553 0.003491870
51.250452928 0.999841638 -0.016986712 0.003990330 0.003496710
51.270674704 0.999841491 -0.017002289 0.003982018 0.003472494
51.290953805 0.999841628 -0.016997837 0.003971106 0.003467529
51.311154108 0.999841955 -0.016977678 0.003978368 0.003463618
51.331163129 0.999841881 -0.016982733 0.003980065 0.003458270
51.351358697 0.999841756 -0.016985256 0.003988447 0.003472232
51.371600383 0.999841388 -0.017000738 0.003992526 0.003497551
51.391932334 0.999841091 -0.017019250 0.003992162 0.003492864
51.411938013 0.999841505 -0.016999480 0.003989772 0.003473421
51.432098338 0.999841899 -0.016975991 0.003988236 0.003476630
51.452391791 0.999841998 -0.016978194 0.003980226 0.003446438
51.472503735 0.999842033 -0.016972895 0.003969428 0.003474689
51.492753415 0.999841836 -0.016978129 0.003960546 0.003515704
51.512953884 0.999841969 -0.016971805 0.003963253 0.003505482
51.533112415 0.999841933 -0.016966754 0.003968063 0.003534443
51.553135392 0.999841761 -0.016974459 0.003971797 0.003541872
51.573340872 0.999841902 -0.016977806 0.003954148 0.003505563
51.593495015 0.999841553 -0.016999045 0.003952764 0.003503836
51.613724954 0.999841446 -0.017000914 0.003942035 0.003537222
51.633909283 0.999841515 -0.017001210 0.003947766 0.003509854
51.654066292 0.999841432 -0.017003887 0.003950817 0.003517045
51.674460920 0.999841592 -0.016998633 0.003951451 0.003496236
51.694368921 0.999841792 -0.016994028 0.003938742 0.003475712
51.714656994 0.999841461 -0.017006936 0.003949846 0.003495119
51.734738014 0.999841569 -0.017002835 0.003949046 0.003485140
51.754988081 0.999841622 -0.017000287 0.003954676 0.003475978
51.775169426 0.999841722 -0.016999074 0.003946796 0.003462069
51.795258967 0.999842037 -0.016984038 0.003941053 0.003451410
51.815449947 0.999841895 -0.016991695 0.003932366 0.003464733
51.835653369 0.999841904 -0.016988227 0.003944177 0.003465618
51.856035529 0.999841843 -0.016999081 0.003920328 0.003457027
51.876003436 0.999841834 -0.017008021 0.003901934 0.003436465
51.896201534 0.999842158 -0.016986170 0.003901044 0.003451222
51.916326969 0.999842158 -0.016986684 0.003903263 0.003446299
51.936467113 0.999842303 -0.016982436 0.003902135 0.003426392
51.956742348 0.999842381 -0.016977349 0.003910572 0.003418955
51.976873676 0.999842633 -0.016959480 0.003911632 0.003432853
51.997072303 0.999842654 -0.016958032 0.003910191 0.003435552
52.017237428 0.999842608 -0.016954536 0.003921836 0.003452960
52.037517517 0.999842371 -0.016970064 0.003918005 0.003449520
52.057918034 0.999842616 -0.016953912 0.003911730 0.003464912
52.078198662 0.999842657 -0.016946940 0.003914854 0.003483872
52.097970148 0.999842200 -0.016970833 0.003916740 0.003496522
52.118121738 0.999841984 -0.016982196 0.003918564 0.003501117
52.138317367 0.999842208 -0.016966598 0.003925965 0.003504348
52.158624022 0.999842015 -0.016980016 0.003929669 0.003490176
52.178630704 0.999842408 -0.016962361 0.003926948 0.003466526
52.198791769 0.999842366 -0.016961924 0.003930237 0.003477027
52.218998155 0.999842556 -0.016957982 0.003937830 0.003432635
52.239221708 0.999842665 -0.016952598 0.003930869 0.003435673
52.259846965 0.999842814 -0.016949605 0.003923260 0.003415476
52.279613996 0.999842764 -0.016952938 0.003927683 0.003408658
52.299749565 0.999842700 -0.016958167 0.003928158 0.003400810
52.319901323 0.999842842 -0.016943211 0.003933153 0.003427853
52.340369826 0.999842885 -0.016941926 0.003929378 0.003425723
52.360263756 0.999843275 -0.016919306 0.003940507 0.003410973
52.380395452 0.999843241 -0.016922293 0.003927451 0.003421146
52.400602792 0.999843252 -0.016921905 0.003924411 0.003423345
52.420889808 0.999842911 -0.016934722 0.003940832 0.003440800
52.441158699 0.999842717 -0.016942040 0.003944633 0.003456635
52.461171668 0.999842778 -0.016939179 0.003939421 0.003458917
52.481306760 0.999842871 -0.016933639 0.003936902 0.003462032
52.501449504 0.999843135 -0.016923887 0.003931133 0.003440065
52.521658694 0.999843361 -0.016909466 0.003937988 0.003437303
52.541995989 0.999843320 -0.016907178 0.003951297 0.003445248
52.562296049 0.999843185 -0.016916447 0.003948010 0.003442752
52.582312782 0.999843242 -0.016910085 0.003949541 0.003455764
52.602393925 0.999842969 -0.016923315 0.003968350 0.003448423
52.622584784 0.999842766 -0.016933466 0.003972307 0.003452843
52.642958499 0.999842685 -0.016936630 0.003972816 0.003460252
52.662938937 0.999842976 -0.016925602 0.003942485 0.003464661
52.683081830 0.999843182 -0.016903359 0.003954525 0.003499832
52.703296478 0.999843090 -0.016907138 0.003960613 0.003501005
52.723477321 0.999843240 -0.016906458 0.003949857 0.003473579
52.743751849 0.999843275 -0.016903281 0.003950672 0.003477974
52.763853850 0.999843055 -0.016909413 0.003964843 0.003495360
52.783998901 0.999842826 -0.016919603 0.003974194 0.003500914
52.804155593 0.999842482 -0.016936047 0.003980297 0.003512514
52.824628558 0.999842402 -0.016937275 0.003981634 0.003527915
52.844517417 0.999842499 -0.016932136 0.003979745 0.003527241
52.864757103 0.999842389 -0.016944494 0.003973363 0.003506250
52.884863288 0.999842532 -0.016931220 0.003985107 0.003516119
52.905003545 0.999842122 -0.016954622 0.003980748 0.003524931
52.925300177 0.999841900 -0.016970526 0.003979499 0.003512780
52.945342195 0.999841690 -0.016978153 0.003995694 0.003517244
52.965533805 0.999841849 -0.016966993 0.003982549 0.003540747
52.985759697 0.999841732 -0.016969215 0.003996024 0.003548012
53.005947199 0.999842060 -0.016954935 0.003985631 0.003535419
53.026068034 0.999841747 -0.016970451 0.003985198 0.003550068
53.046672523 0.999841738 -0.016968055 0.003992610 0.003555737
53.066605179 0.999841827 -0.016967193 0.003981415 0.003547423
53.086611760 0.999841781 -0.016966843 0.003992577 0.003549563
53.106820591 0.999841856 -0.016962034 0.003996758 0.003546464
53.126987567 0.999842079 -0.016944315 0.003997395 0.003567760
53.147224670 0.999841992 -0.016952476 0.003988125 0.003563629
53.167398760 0.999842044 -0.016950121 0.003978763 0.003570726
53.187538011 0.999842257 -0.016932707 0.003971993 0.003601050
53.207878350 0.999842294 -0.016936877 0.003975288 0.003567486
53.228018620 0.999842412 -0.016925477 0.003968191 0.003596216
53.248323463 0.999842371 -0.016925896 0.003978632 0.003594080
53.268769130 0.999842369 -0.016924673 0.003982652 0.003595885
53.288391276 0.999842323 -0.016931113 0.003971564 0.003590587
53.308837035 0.999842470 -0.016915139 0.003981959 0.003613393
53.328782319 0.999842442 -0.016916435 0.003995796 0.003599950
53.349095791 0.999842419 -0.016910762 0.004003639 0.003624140
53.369242719 0.999842430 -0.016912044 0.004014915 0.003602434
53.389435343 0.999842622 -0.016900687 0.004015795 0.003601712
53.409435862 0.999842453 -0.016913153 0.004007124 0.003599582
53.429655101 0.999842631 -0.016898410 0.004004326 0.003622613
53.449872306 0.999842432 -0.016909193 0.004009822 0.003620995
53.470258446 0.999841961 -0.016924077 0.004034056 0.003654485
53.490443098 0.999842226 -0.016910740 0.004024440 0.003654313
53.510362545 0.999842093 -0.016920593 0.004022799 0.003646839
53.530648162 0.999842104 -0.016916646 0.004030321 0.003653769
53.550751820 0.999841975 -0.016926648 0.004019603 0.003654721
53.571026206 0.999841793 -0.016942497 0.004029234 0.003620198
53.591242239 0.999841564 -0.016951723 0.004033668 0.003635186
53.611284245 0.999841555 -0.016952870 0.004030830 0.003635723
53.631415568 0.999841916 -0.016938956 0.004037037 0.003594132
53.651670021 0.999841827 -0.016951861 0.004032567 0.003562807
53.671807842 0.999841548 -0.016957800 0.004045734 0.003597665
53.692313927 0.999841485 -0.016970907 0.004032977 0.003567599
53.712572413 0.999841329 -0.016979090 0.004042107 0.003562091
53.732322471 0.999841297 -0.016981691 0.004037361 0.003564105
53.752478950 0.999841034 -0.016991114 0.004052145 0.003576099
53.772672393 0.999841145 -0.016987505 0.004045912 0.003569227
53.792839706 0.999841356 -0.016973482 0.004051939 0.003570081
53.812992209 0.999841345 -0.016971374 0.004057915 0.003576444
53.833240958 0.999841229 -0.016975753 0.004058203 0.003587705
53.853394418 0.999841269 -0.016968763 0.004054449 0.003613704
53.873656793 0.999841640 -0.016949769 0.004039750 0.003616746
53.893764421 0.999841561 -0.016961720 0.004037236 0.003585162
53.913972787 0.999841670 -0.016952954 0.004048460 0.003583684
53.934068690 0.999841906 -0.016939127 0.004040731 0.003591741
53.954269239 0.999841505 -0.016960948 0.004042263 0.003598645
53.974620589 0.999841449 -0.016966637 0.004045794 0.003583493
53.994832759 0.999841445 -0.016965038 0.004047277 0.003590557
54.014888372 0.999841114 -0.016982041 0.004059862 0.003588002
54.035046850 0.999840944 -0.016993688 0.004046644 0.003595263
54.055288618 0.999840735 -0.016997583 0.004062699 0.003616773
54.075517029 0.999840695 -0.017004147 0.004046875 0.003614775
54.095461193 0.999840673 -0.017010400 0.004049804 0.003587957
54.115659100 0.999840654 -0.017011402 0.004042871 0.003596508
54.135921654 0.999840889 -0.016999078 0.004041299 0.003591140
54.156065651 0.999841243 -0.016984234 0.004031221 0.003574127
54.176222882 0.999841403 -0.016971074 0.004028459 0.003594990
54.196805918 0.999841126 -0.016991331 0.004021547 0.003583941
54.216537021 0.999841044 -0.016992245 0.004038205 0.003583642
54.236738329 0.999841029 -0.016995395 0.004029286 0.003583091
54.256956897 0.999841125 -0.016988822 0.004034191 0.003581844
54.277096399 0.999841216 -0.016987527 0.004022325 0.003576101
54.297266408 0.999841212 -0.016983657 0.004021068 0.003596846
54.317581963 0.999841327 -0.016972420 0.004014056 0.003625511
54.337693494 0.999841227 -0.016979054 0.004017533 0.003618306
54.357961738 0.999841617 -0.016960726 0.004018820 0.003595010
54.377980971 0.999841747 -0.016956486 0.004007838 0.003590957
54.398159140 0.999841633 -0.016960482 0.004007101 0.003604734
54.418292747 0.999841652 -0.016958440 0.004000135 0.003616682
54.438588341 0.999842090 -0.016935864 0.003990747 0.003611861
54.458664559 0.999842024 -0.016941517 0.003977623 0.003618094
54.478857130 0.999841861 -0.016956222 0.003971823 0.003600665
54.499035487 0.999841943 -0.016946446 0.003981325 0.003613297
54.519364706 0.999841661 -0.016961032 0.003989242 0.003614215
54.539531340 0.999842122 -0.016941703 0.003982656 0.003584425
54.559893430 0.999842051 -0.016945585 0.003990051 0.003577581
54.579778517 0.999842104 -0.016928035 0.004018690 0.003613706
54.599983341 0.999841712 -0.016950466 0.004035522 0.003598201
54.620157225 0.999841775 -0.016948504 0.004042267 0.003582356
54.640508802 0.999841684 -0.016948644 0.004032039 0.003618529
54.660950508 0.999841717 -0.016947763 0.004028512 0.003617255
54.680656024 0.999841659 -0.016955066 0.004030530 0.003596794
54.700995701 0.999842175 -0.016928704 0.004020229 0.003589121
54.720988143 0.999842190 -0.016924208 0.004033578 0.003591060
54.741247166 0.999842345 -0.016921660 0.004019566 0.003575762
54.761341667 0.999842465 -0.016909990 0.004008202 0.003609934
54.781514493 0.999842057 -0.016932678 0.004015834 0.003608209
54.801699139 0.999841972 -0.016945719 0.004016999 0.003568897
54.821974695 0.999842174 -0.016926544 0.004027831 0.003591079
54.842073379 0.999841849 -0.016940966 0.004040567 0.003599207
54.862209544 0.999841709 -0.016954272 0.004030090 0.003587323
54.882381725 0.999841801 -0.016948901 0.004021986 0.003595957
54.902607933 0.999841599 -0.016953773 0.004021674 0.003629426
54.922728893 0.999842040 -0.016935441 0.004017814 0.003597651
54.943339595 0.999842160 -0.016924441 0.004012146 0.003622418
54.963180744 0.999842080 -0.016923175 0.004042283 0.003616880
54.983410227 0.999842098 -0.016928521 0.004054038 0.003573498
55.003560055 0.999841729 -0.016937960 0.004063877 0.003620392
55.023673286 0.999841851 -0.016933998 0.004045330 0.003626114
55.044221784 0.999841696 -0.016939681 0.004056085 0.003630127
55.064098231 0.999841865 -0.016930049 0.004064742 0.003618965
55.084253778 0.999841744 -0.016937870 0.004061983 0.003618849
55.104325683 0.999841343 -0.016962768 0.004065460 0.003609092
55.124846032 0.999841139 -0.016976136 0.004060747 0.003607979
55.145019360 0.999841269 -0.016972203 0.004050357 0.003602231
55.164973760 0.999841236 -0.016970112 0.004063423 0.003606508
55.185083795 0.999841244 -0.016967130 0.004074672 0.003605465
55.205287670 0.999841375 -0.016957162 0.004078404 0.003611935
55.225415728 0.999841418 -0.016950089 0.004082338 0.003628829
55.245673912 0.999841468 -0.016951614 0.004082631 0.003607538
55.265822413 0.999841436 -0.016958620 0.004055172 0.003614388
55.285974733 0.999841166 -0.016971577 0.004059449 0.003623359
55.306357177 0.999840833 -0.016987819 0.004066910 0.003630927
55.326450079 0.999840739 -0.016994612 0.004058744 0.003633996
55.346633958 0.999840563 -0.017006547 0.004063207 0.003621625
55.366724800 0.999840868 -0.016989287 0.004061336 0.003620626
55.386933659 0.999840836 -0.016990612 0.004060221 0.003624435
55.407066789 0.999840858 -0.016984483 0.004070488 0.003635486
55.427204827 0.999840469 -0.017003638 0.004083153 0.003638866
55.447465227 0.999840578 -0.016995321 0.004088947 0.003641262
55.467552145 0.999840358 -0.017003566 0.004086595 0.003665730
55.487841541 0.999840114 -0.017012249 0.004108037 0.003667890
55.507903104 0.999840249 -0.017004746 0.004102155 0.003672445
55.528056533 0.999840438 -0.016990602 0.004111794 0.003675774
55.548291152 0.999840467 -0.016987865 0.004128095 0.003662092
55.568420702 0.999840552 -0.016982127 0.004139506 0.003652861
55.588603300 0.999840719 -0.016979053 0.004130013 0.003632027
55.608995159 0.999840856 -0.016970295 0.004128059 0.003637464
55.628987411 0.999840775 -0.016976965 0.004123566 0.003633635
55.649233672 0.999840693 -0.016978311 0.004115154 0.003659303
55.669488876 0.999840474 -0.016989133 0.004122525 0.003660817
55.689502374 0.999840305 -0.016996144 0.004137936 0.003657013
55.709689549 0.999840269 -0.017002782 0.004143322 0.003629742
55.729901474 0.999840177 -0.017012192 0.004125105 0.003631569
55.750077446 0.999839793 -0.017032404 0.004127749 0.003639694
55.770287772 0.999839762 -0.017032270 0.004141724 0.003632810
55.790405032 0.999839698 -0.017030983 0.004147757 0.003649763
55.810567601 0.999839617 -0.017033717 0.004149163 0.003657389
55.830823623 0.999839515 -0.017040873 0.004149803 0.003651347
55.851108635 0.999839496 -0.017042225 0.004141470 0.003659732
55.871144980 0.999839302 -0.017057187 0.004130349 0.003655549
55.891592324 0.999839225 -0.017060787 0.004142666 0.003645827
55.911422501 0.999839267 -0.017054829 0.004141008 0.003664046
55.931789623 0.999839354 -0.017055227 0.004133401 0.003646998
55.951966773 0.999839333 -0.017065003 0.004133710 0.003606559
55.972283977 0.999839230 -0.017073818 0.004120362 0.003608550
55.992134159 0.999839077 -0.017082718 0.004128735 0.003599218
56.012366509 0.999839204 -0.017074050 0.004126017 0.003608207
56.032506524 0.999839027 -0.017084029 0.004122697 0.003613703
56.052709311 0.999838939 -0.017085561 0.004125649 0.003627582
56.072861978 0.999839240 -0.017069554 0.004143760 0.003599172
56.093384980 0.999839223 -0.017067557 0.004138700 0.003619039
56.113326639 0.999839488 -0.017053452 0.004132178 0.003619860
56.133410941 0.999839620 -0.017045012 0.004139900 0.003614330
56.153715453 0.999839863 -0.017034109 0.004126882 0.003613335
56.173879807 0.999839967 -0.017023577 0.004120794 0.003640994
56.194059237 0.999840531 -0.016992119 0.004123718 0.003629656
56.214171368 0.999840648 -0.016985771 0.004117552 0.003634288
56.234363988 0.999840823 -0.016973316 0.004111889 0.003650607
56.254471741 0.999840787 -0.016979450 0.004105016 0.003639788
56.274790223 0.999840817 -0.016976317 0.004118148 0.003631357
56.294836229 0.999840782 -0.016976762 0.004114117 0.003643304
56.315061494 0.999840783 -0.016980899 0.004118629 0.003618547
56.335144567 0.999840788 -0.016982106 0.004112800 0.003618252
56.355391632 0.999840860 -0.016977273 0.004107845 0.003626569
56.375514744 0.999840857 -0.016974514 0.004123848 0.003622296
56.395729836 0.999840636 -0.016999103 0.004117719 0.003574571
56.415887828 0.999840425 -0.017007307 0.004122768 0.003588843
56.436128899 0.999840358 -0.017019357 0.004120616 0.003552490
56.456273287 0.999840438 -0.017019277 0.004123183 0.003527325
56.476651759 0.999840189 -0.017027032 0.004131598 0.003550524
56.497022409 0.999840283 -0.017016464 0.004139488 0.003565412
56.516874843 0.999840143 -0.017027901 0.004140576 0.003548870
56.537119782 0.999840695 -0.016994190 0.004133417 0.003563149
56.557218646 0.999840843 -0.016983578 0.004139033 0.003565793
56.577355945 0.999840812 -0.016982101 0.004152946 0.003565279
56.597466058 0.999840761 -0.016992347 0.004153464 0.003530136
56.617731077 0.999840936 -0.016986496 0.004140558 0.003523946
56.638061960 0.999840648 -0.017009011 0.004135480 0.003502780
56.658151220 0.999840847 -0.016997932 0.004139227 0.003495317
56.678302288 0.999840819 -0.017002197 0.004146572 0.003473890
56.698554128 0.999840489 -0.017010775 0.004171028 0.003497581
56.718591238 0.999840407 -0.017014043 0.004173629 0.003501817
56.738777182 0.999840537 -0.017006421 0.004169450 0.003506945
56.759134817 0.999840407 -0.017017303 0.004161897 0.003500220
56.779272452 0.999840225 -0.017020668 0.004175783 0.003519109
56.799297631 0.999840286 -0.017015293 0.004178709 0.003524228
56.819398313 0.999840058 -0.017032607 0.004180301 0.003503492
56.839613564 0.999840140 -0.017023964 0.004186688 0.003514329
56.860102238 0.999839955 -0.017033855 0.004188914 0.003516350
56.879953616 0.999840095 -0.017035226 0.004170859 0.003491357
56.900280334 0.999840054 -0.017033569 0.004175991 0.003505026
56.920425567 0.999840031 -0.017038242 0.004185368 0.003477606
56.940556202 0.999839983 -0.017040309 0.004187289 0.003478902
56.960709807 0.999840490 -0.017013661 0.004174028 0.003479683
56.980891270 0.999840972 -0.016993866 0.004163433 0.003450293
57.001015621 0.999841223 -0.016981183 0.004170764 0.003431132
57.021238146 0.999840895 -0.016992201 0.004189522 0.003449206
57.041788606 0.999840776 -0.016998735 0.004183494 0.003458854
57.061777286 0.999840815 -0.016994149 0.004192318 0.003459593
57.081944844 0.999841426 -0.016957006 0.004185223 0.003473595
57.101883073 0.999841418 -0.016958668 0.004187651 0.003464857
57.122148980 0.999841321 -0.016964251 0.004181839 0.003472739
57.142484734 0.999841252 -0.016964233 0.004199342 0.003471451
57.162426243 0.999840951 -0.016982379 0.004210247 0.003456064
57.182636240 0.999840746 -0.016989115 0.004219596 0.003471038
57.202830368 0.999840290 -0.017018274 0.004223649 0.003454461
57.223028018 0.999840805 -0.016987464 0.004231423 0.003447717
57.243298256 0.999840998 -0.016972071 0.004223795 0.003476759
57.263474620 0.999841106 -0.016966608 0.004227546 0.003467712
57.283565599 0.999841183 -0.016961231 0.004220065 0.003480978
57.303679465 0.999841284 -0.016954068 0.004225567 0.003480016
57.323960508 0.999841465 -0.016944760 0.004230507 0.003467465
57.344252476 0.999841038 -0.016969021 0.004237746 0.003463084
57.364249951 0.999840826 -0.016983148 0.004234381 0.003459039
57.384362232 0.999840714 -0.016989648 0.004237826 0.003455254
57.404625053 0.999840471 -0.017007390 0.004231676 0.003445913
57.425041639 0.999840228 -0.017022480 0.004230567 0.003443174
57.445005625 0.999840365 -0.017017022 0.004220600 0.003442662
57.465290512 0.999840673 -0.017003790 0.004219998 0.003419326
57.485404917 0.999840736 -0.017002629 0.004218021 0.003409073
57.505434936 0.999840650 -0.017008563 0.004218928 0.003403570
57.525620849 0.999840526 -0.017013860 0.004214523 0.003419037
57.545863938 0.999840276 -0.017035567 0.004212161 0.003386774
57.565964584 0.999840320 -0.017031897 0.004216790 0.003386499
57.586206144 0.999840270 -0.017029384 0.004230857 0.003396166
57.606337283 0.999839937 -0.017043447 0.004237988 0.003414854
57.626508243 0.999840019 -0.017035343 0.004241360 0.003426965
57.647139092 0.999839915 -0.017040580 0.004255882 0.003413307
57.666902410 0.999839931 -0.017041389 0.004244843 0.003418290
57.687037476 0.999840058 -0.017039768 0.004228126 0.003409841
57.707270274 0.999840283 -0.017020391 0.004237640 0.003428976
57.727428777 0.999840341 -0.017017510 0.004242493 0.003420256
57.747574754 0.999840491 -0.017004941 0.004249949 0.003429724
57.767773511 0.999840149 -0.017022251 0.004250601 0.003442622
57.787919965 0.999840172 -0.017023911 0.004242207 0.003438005
57.808374912 0.999840188 -0.017025291 0.004236446 0.003433828
57.828641894 0.999840236 -0.017025825 0.004215670 0.003442743
57.848498495 0.999840283 -0.017024662 0.004210385 0.003441197
57.868758879 0.999840425 -0.017011254 0.004225454 0.003447672
57.888838063 0.999840636 -0.016997740 0.004223917 0.003455264
57.908990850 0.999840727 -0.016993319 0.004219623 0.003455792
57.929174407 0.999841226 -0.016964661 0.004224936 0.003445639
57.949338644 0.999841229 -0.016960831 0.004212077 0.003479414
57.969554946 0.999841303 -0.016958524 0.004198012 0.003486207
57.989769432 0.999841275 -0.016960354 0.004198683 0.003484467
58.009943184 0.999841629 -0.016944322 0.004201446 0.003457551
58.030305478 0.999841248 -0.016966503 0.004208872 0.003449963
58.050284758 0.999840906 -0.016979773 0.004220538 0.003469466
58.070453114 0.999840753 -0.016996568 0.004205163 0.003449914
58.090596578 0.999841097 -0.016977714 0.004200563 0.003448603
58.110793269 0.999840893 -0.016989438 0.004201030 0.003449462
58.131035511 0.999840925 -0.016986009 0.004205033 0.003452290
58.151133467 0.999840827 -0.016995903 0.004201017 0.003436754
58.171365499 0.999840999 -0.016990120 0.004193687 0.003424325
58.191742358 0.999841232 -0.016971179 0.004198687 0.003444048
58.211853275 0.999840998 -0.016984789 0.004201216 0.003441724
58.231959460 0.999841258 -0.016967995 0.004210227 0.003438122
58.252178587 0.999841656 -0.016944548 0.004211631 0.003436096
58.272200869 0.999842007 -0.016926263 0.004221205 0.003412409
58.292351798 0.999841966 -0.016929216 0.004220631 0.003410284
58.312571422 0.999842265 -0.016908012 0.004212873 0.003437465
58.332790406 0.999842264 -0.016912618 0.004211790 0.003416326
58.352971386 0.999842102 -0.016922117 0.004209318 0.003419762
58.373137824 0.999842456 -0.016900857 0.004193303 0.003440916
58.393307286 0.999842693 -0.016887012 0.004203167 0.003427964
58.413617896 0.999842680 -0.016880547 0.004210017 0.003455150
58.433776210 0.999842536 -0.016890193 0.004201839 0.003459745
58.453881903 0.999842410 -0.016901665 0.004189279 0.003455309
58.474104502 0.999842446 -0.016900029 0.004188414 0.003454035
58.494121393 0.999842525 -0.016897057 0.004190521 0.003443036
58.514306014 0.999842207 -0.016915220 0.004184979 0.003452760
58.534492988 0.999842509 -0.016899993 0.004190070 0.003433865
58.554732114 0.999843064 -0.016866731 0.004187806 0.003438425
58.575189256 0.999843463 -0.016848162 0.004181016 0.003421772
58.595037941 0.999843724 -0.016836989 0.004171477 0.003412194
58.615278568 0.999843879 -0.016821937 0.004183128 0.003426534
58.635422047 0.999844096 -0.016810486 0.004185741 0.003416148
58.655677120 0.999843981 -0.016813909 0.004188823 0.003429169
58.675764558 0.999843872 -0.016828067 0.004178035 0.003404797
58.695974103 0.999844127 -0.016812713 0.004177490 0.003406330
58.716192179 0.999844181 -0.016809059 0.004181515 0.003403695
58.736264869 0.999844099 -0.016814875 0.004189213 0.003389362
58.756484426 0.999844142 -0.016809828 0.004183404 0.003408861
58.776655433 0.999843929 -0.016821681 0.004178566 0.003418765
58.796851725 0.999843999 -0.016816049 0.004169545 0.003437054
58.817149156 0.999843938 -0.016824874 0.004164279 0.003417966
58.837345712 0.999844017 -0.016820980 0.004176480 0.003398903
58.857507785 0.999844274 -0.016799661 0.004184734 0.003418589
58.877653797 0.999844345 -0.016794248 0.004202013 0.003403341
58.897750642 0.999844413 -0.016789722 0.004201491 0.003406248
58.917916705 0.999844369 -0.016802038 0.004186150 0.003377179
58.938093069 0.999844303 -0.016802566 0.004197192 0.003380490
58.958542596 0.999844429 -0.016798153 0.004194991 0.003367626
58.978379856 0.999844280 -0.016808017 0.004188345 0.003371130
58.998654466 0.999844049 -0.016821194 0.004182265 0.003381490
59.018830776 0.999843627 -0.016842271 0.004190411 0.003391242
59.039045104 0.999843710 -0.016833400 0.004179986 0.003423485
59.060020903 0.999844017 -0.016829294 0.004166828 0.003369561
59.079272700 0.999844164 -0.016820105 0.004161682 0.003378216
59.099443886 0.999843634 -0.016844340 0.004171180 0.003402562
59.119660816 0.999843455 -0.016853201 0.004173567 0.003408395
59.139987463 0.999843585 -0.016848814 0.004164578 0.003402927
59.160002342 0.999843674 -0.016838053 0.004162593 0.003432303
59.180198843 0.999843558 -0.016852885 0.004152915 0.003405008
59.200487483 0.999843833 -0.016837386 0.004157248 0.003395613
59.220612818 0.999844234 -0.016815759 0.004156466 0.003385522
59.241081778 0.999844188 -0.016820956 0.004161623 0.003366963
59.260891136 0.999844146 -0.016815459 0.004160745 0.003407570
59.281067684 0.999844038 -0.016819444 0.004167187 0.003411877
59.301260954 0.999843922 -0.016823886 0.004170489 0.003419853
59.321399859 0.999843833 -0.016831466 0.004180094 0.003396719
59.341626654 0.999843822 -0.016834945 0.004177393 0.003385982
59.361780797 0.999844061 -0.016824700 0.004168357 0.003377566
59.382099159 0.999843808 -0.016834776 0.004178768 0.003389458
59.402232015 0.999843692 -0.016837270 0.004186347 0.003401768
59.422446035 0.999843796 -0.016828277 0.004193383 0.003406956
59.442729186 0.999843673 -0.016835444 0.004198939 0.003400866
59.462657092 0.999843754 -0.016833155 0.004196172 0.003391785
59.482874587 0.999844000 -0.016822210 0.004204040 0.003363734
59.503054590 0.999844103 -0.016813034 0.004198947 0.003385325
59.523220890 0.999844082 -0.016809620 0.004194419 0.003413885
59.543430305 0.999843853 -0.016823978 0.004198898 0.003404775
59.563652461 0.999843682 -0.016832009 0.004203406 0.003409794
59.583747714 0.999843704 -0.016838667 0.004189927 0.003386819
59.603904361 0.999843688 -0.016841534 0.004183501 0.003385399
59.624171639 0.999843661 -0.016839736 0.004194230 0.003389092
59.644365338 0.999843691 -0.016839605 0.004185146 0.003392059
59.664509729 0.999843777 -0.016833213 0.004190394 0.003392062
59.684715096 0.999843465 -0.016845691 0.004201976 0.003407671
59.704849923 0.999842787 -0.016885878 0.004208688 0.003399233
59.725194801 0.999842894 -0.016877107 0.004214597 0.003403963
59.745338806 0.999842971 -0.016870027 0.004211905 0.003419806
59.765462595 0.999842967 -0.016877983 0.004194511 0.003403092
59.785491989 0.999843338 -0.016853348 0.004187000 0.003425499
59.805743144 0.999843569 -0.016844437 0.004186413 0.003402402
59.825936634 0.999843665 -0.016843388 0.004187008 0.003378527
59.846171341 0.999843589 -0.016841322 0.004196299 0.003399736
59.866292357 0.999843618 -0.016838276 0.004191591 0.003412075
59.886367523 0.999843882 -0.016831771 0.004197248 0.003359377
59.906535513 0.999843949 -0.016826999 0.004194886 0.003366513
59.926766352 0.999843741 -0.016837677 0.004188910 0.003382090
59.946935766 0.999843514 -0.016852480 0.004182342 0.003383754
59.967113000 0.999844041 -0.016822157 0.004181293 0.003380055
59.987636772 0.999844461 -0.016799559 0.004179213 0.003370744
60.007568428 0.999844416 -0.016803151 0.004177079 0.003368965
60.027622566 0.999844345 -0.016799635 0.004184811 0.003397723
60.047795577 0.999843998 -0.016822770 0.004173816 0.003399004
60.067981247 0.999843901 -0.016827080 0.004176348 0.003403046
60.088203370 0.999844485 -0.016794351 0.004181946 0.003386318
60.108334084 0.999844607 -0.016789228 0.004179913 0.003378028
60.128553497 0.999844531 -0.016788689 0.004189326 0.003391687
60.148826321 0.999844556 -0.016788714 0.004188778 0.003384702
60.168917063 0.999844307 -0.016798291 0.004202495 0.003393766
60.189161882 0.999844457 -0.016788157 0.004194692 0.003409411
60.209399934 0.999844280 -0.016798873 0.004190696 0.003413581
60.229493186 0.999843934 -0.016818120 0.004196020 0.003413602
60.249551972 0.999843911 -0.016821058 0.004194835 0.003407341
60.269816258 0.999843481 -0.016849297 0.004191976 0.003397366
60.290077791 0.999843342 -0.016859055 0.004193946 0.003387409
60.310167144 0.999843093 -0.016866144 0.004188265 0.003432440
60.330338357 0.999842745 -0.016887022 0.004190824 0.003427808
60.350526700 0.999842917 -0.016878282 0.004185564 0.003427308
60.370853618 0.999842647 -0.016892400 0.004187631 0.003433781
60.391044953 0.999842517 -0.016902053 0.004172908 0.003442257
60.411207952 0.999842893 -0.016880212 0.004156300 0.003460087
60.431334220 0.999843104 -0.016864550 0.004170629 0.003458327
60.451372841 0.999843235 -0.016857604 0.004169850 0.003455278
60.471605371 0.999843345 -0.016854253 0.004168718 0.003441136
60.492216584 0.999843220 -0.016855840 0.004171800 0.003465826
60.511994995 0.999843011 -0.016872440 0.004158222 0.003461684
60.532266507 0.999842666 -0.016896625 0.004161298 0.003439655
60.552277958 0.999842584 -0.016906397 0.004165634 0.003409922
60.572524816 0.999842559 -0.016903483 0.004169681 0.003426781
60.592671383 0.999842627 -0.016901485 0.004181729 0.003402224
60.612747895 0.999842670 -0.016903484 0.004179757 0.003381739
60.632939268 0.999842718 -0.016901525 0.004173221 0.003385421
60.653160982 0.999842747 -0.016896709 0.004168726 0.003406565
60.673472339 0.999843084 -0.016874395 0.004183918 0.003399627
60.693548743 0.999843583 -0.016853826 0.004161571 0.003382186
60.713677786 0.999843661 -0.016848767 0.004160764 0.003385432
60.733998322 0.999843888 -0.016836602 0.004161629 0.003377762
60.754032972 0.999844102 -0.016827563 0.004151291 0.003372206
60.774259553 0.999844252 -0.016814968 0.004149123 0.003393133
60.794451619 0.999844064 -0.016821866 0.004164616 0.003395281
60.814645145 0.999843864 -0.016833216 0.004161318 0.003401936
60.834844738 0.999843902 -0.016829787 0.004168299 0.003399314
60.855037435 0.999843522 -0.016856817 0.004160610 0.003386631
60.875269684 0.999843525 -0.016860468 0.004140404 0.003392135
60.895271811 0.999843590 -0.016862384 0.004130009 0.003376085
60.915414594 0.999843431 -0.016866373 0.004127490 0.003406208
60.935765571 0.999843478 -0.016863015 0.004121027 0.003416791
60.955840158 0.999843513 -0.016864172 0.004116518 0.003406297
60.976346251 0.999843209 -0.016878287 0.004122161 0.003418970
60.996208128 0.999843371 -0.016873271 0.004129105 0.003387777
61.016579429 0.999843211 -0.016881913 0.004120955 0.003401715
61.036498652 0.999843280 -0.016876613 0.004117036 0.003412605
61.056795823 0.999843340 -0.016873145 0.004112364 0.003417712
61.076896111 0.999843186 -0.016886459 0.004115199 0.003393649
61.097044303 0.999843437 -0.016872266 0.004122727 0.003380920
61.117215880 0.999843998 -0.016838135 0.004123971 0.003383843
61.137376992 0.999843958 -0.016842966 0.004119391 0.003376984
61.157815139 0.999843793 -0.016851344 0.004122409 0.003380464
61.177903912 0.999843861 -0.016852324 0.004122723 0.003354848
61.198127274 0.999843889 -0.016853736 0.004121709 0.003340849
61.218355033 0.999844245 -0.016833657 0.004115201 0.003343450
61.238311062 0.999844182 -0.016833996 0.004126258 0.003347085
61.258669317 0.999844157 -0.016832779 0.004120842 0.003367117
61.278696375 0.999844087 -0.016833852 0.004113048 0.003392075
61.298774540 0.999844503 -0.016818384 0.004103518 0.003357397
61.318990997 0.999844649 -0.016812371 0.004098240 0.003350451
61.339216085 0.999844755 -0.016806590 0.004087211 0.003361408
61.359729382 0.999844536 -0.016821828 0.004075370 0.003364729
61.379523961 0.999844546 -0.016822246 0.004066923 0.003369769
61.399864509 0.999844815 -0.016799090 0.004083992 0.003384776
61.419938841 0.999844848 -0.016798215 0.004079040 0.003385588
61.440242694 0.999845017 -0.016787766 0.004088081 0.003376348
61.460242264 0.999845026 -0.016785516 0.004083477 0.003390380
61.480364312 0.999845010 -0.016788058 0.004094271 0.003369679
61.500586843 0.999845231 -0.016781347 0.004086037 0.003347258
61.520798443 0.999845074 -0.016792569 0.004090812 0.003331984
61.541125309 0.999845238 -0.016787077 0.004092576 0.003308168
61.561528993 0.999845220 -0.016782589 0.004098642 0.003329005
61.581492781 0.999845243 -0.016789948 0.004086170 0.003300273
61.601447757 0.999845229 -0.016790035 0.004082762 0.003308152
61.621689428 0.999845304 -0.016785773 0.004073560 0.003318529
61.642237571 0.999845246 -0.016789154 0.004068110 0.003325531
61.662030441 0.999845264 -0.016791109 0.004073318 0.003303793
61.682314825 0.999844821 -0.016806197 0.004079928 0.003352599
61.702335254 0.999844693 -0.016817879 0.004080052 0.003331933
61.722556561 0.999844781 -0.016814947 0.004072696 0.003329275
61.743059974 0.999844813 -0.016812379 0.004070428 0.003335493
61.762984467 0.999844413 -0.016837946 0.004072070 0.003324360
61.783157071 0.999844496 -0.016833410 0.004074981 0.003318734
61.803239320 0.999844486 -0.016830842 0.004080873 0.003327605
61.823421759 0.999844433 -0.016839510 0.004070429 0.003312367
61.843615746 0.999844335 -0.016847411 0.004052434 0.003323829
61.863767241 0.999844125 -0.016862609 0.004060489 0.003300059
61.883945626 0.999844346 -0.016853492 0.004060298 0.003279857
61.904123023 0.999844345 -0.016855037 0.004056127 0.003277379
61.924338695 0.999843985 -0.016880052 0.004041839 0.003276058
61.944500252 0.999844163 -0.016868961 0.004043463 0.003276852
61.964705832 0.999844194 -0.016866831 0.004055042 0.003264216
61.984956041 0.999844020 -0.016869731 0.004072700 0.003280354
62.005029203 0.999844000 -0.016872866 0.004070005 0.003273724
62.025322682 0.999844206 -0.016864976 0.004073711 0.003246852
62.045428516 0.999844070 -0.016875393 0.004082736 0.003222998
62.065535933 0.999843838 -0.016883501 0.004083612 0.003251420
62.085756857 0.999843978 -0.016878958 0.004086470 0.003228263
62.105928363 0.999843940 -0.016879533 0.004095402 0.003225584
62.126441523 0.999843538 -0.016903017 0.004098341 0.003223545
62.146693518 0.999843470 -0.016910204 0.004095465 0.003210569
62.166404737 0.999843718 -0.016894291 0.004102812 0.003207590
62.186583916 0.999843778 -0.016892903 0.004105243 0.003193101
62.206808307 0.999844259 -0.016867188 0.004096768 0.003189389
62.226936392 0.999844287 -0.016864884 0.004097641 0.003191787
62.247180056 0.999844011 -0.016882040 0.004089675 0.003197740
62.267351406 0.999844297 -0.016869017 0.004081843 0.003186787
62.287624667 0.999844414 -0.016860898 0.004090450 0.003182066
62.308006549 0.999844556 -0.016851973 0.004093465 0.003181056
62.328367894 0.999844962 -0.016826922 0.004091707 0.003188164
62.348034581 0.999845011 -0.016829167 0.004077138 0.003179706
62.368239927 0.999844960 -0.016828917 0.004086319 0.003185075
62.388356294 0.999845008 -0.016825600 0.004086692 0.003187249
62.408624314 0.999845136 -0.016819826 0.004082120 0.003183246
62.428767060 0.999845161 -0.016820658 0.004082989 0.003170090
62.448924582 0.999845445 -0.016794838 0.004098554 0.003197008
62.469103399 0.999845327 -0.016802604 0.004093965 0.003199082
62.489301058 0.999845315 -0.016801688 0.004103740 0.003195232
62.509419419 0.999845241 -0.016799279 0.004108911 0.003224047
62.529628755 0.999845344 -0.016794362 0.004109316 0.003217145
62.549937467 0.999845328 -0.016798538 0.004102984 0.003208498
62.569987242 0.999845239 -0.016803256 0.004106123 0.003207574
62.590216674 0.999844864 -0.016823672 0.004107802 0.003215420
62.610354350 0.999844678 -0.016832060 0.004110620 0.003225728
62.630503374 0.999844955 -0.016810653 0.004129971 0.003226782
62.650809282 0.999844641 -0.016834901 0.004133889 0.003192177
62.671143325 0.999844956 -0.016816125 0.004131118 0.003196134
62.691224785 0.999845132 -0.016805909 0.004125301 0.003202543
62.711348169 0.999844864 -0.016821893 0.004119094 0.003210148
62.731388597 0.999844915 -0.016816044 0.004125479 0.003216834
62.751738754 0.999844803 -0.016828104 0.004118561 0.003197354
62.771815533 0.999844658 -0.016835389 0.004131075 0.003188030
62.792110823 0.999844624 -0.016833230 0.004129139 0.003212564
62.812167333 0.999844592 -0.016837990 0.004124956 0.003202885
62.832439914 0.999844320 -0.016849177 0.004133146 0.003218311
62.852510177 0.999844415 -0.016843976 0.004139004 0.003208616
62.872720535 0.999844430 -0.016846239 0.004123293 0.003212320
62.892927071 0.999843897 -0.016876999 0.004134124 0.003202684
62.913068634 0.999843805 -0.016879389 0.004140199 0.003210887
62.933177942 0.999843880 -0.016872378 0.004145374 0.003217943
62.953381128 0.999844063 -0.016863297 0.004148711 0.003204284
62.973560041 0.999844166 -0.016855054 0.004151204 0.003212207
62.993754832 0.999844523 -0.016831710 0.004143720 0.003233049
63.013903177 0.999844444 -0.016836752 0.004147633 0.003226107
63.034319629 0.999844477 -0.016839461 0.004145049 0.003205028
63.054381239 0.999844626 -0.016823879 0.004164897 0.003214674
63.074493343 0.999844585 -0.016830242 0.004162293 0.003197652
63.094722972 0.999844808 -0.016816863 0.004158590 0.003202977
63.114813757 0.999844866 -0.016810606 0.004162701 0.003212305
63.134955017 0.999844837 -0.016807079 0.004163215 0.003238979
63.155174399 0.999844728 -0.016813963 0.004168331 0.003230534
63.175316898 0.999844940 -0.016802783 0.004156019 0.003238888
63.195525301 0.999844958 -0.016801848 0.004161305 0.003231278
63.215773948 0.999845156 -0.016787361 0.004170984 0.003232752
63.235906112 0.999844904 -0.016798297 0.004181237 0.003240601
63.256049518 0.999845051 -0.016791000 0.004178689 0.003236569
63.276282196 0.999845172 -0.016784651 0.004160544 0.003255380
63.296370791 0.999845061 -0.016798159 0.004144873 0.003239855
63.316510413 0.999845439 -0.016777657 0.004148164 0.003225199
63.336757176 0.999845789 -0.016757743 0.004149463 0.003218359
63.357113895 0.999845822 -0.016758842 0.004146173 0.003206685
63.377397861 0.999845545 -0.016773218 0.004142824 0.003222102
63.397457609 0.999845186 -0.016797877 0.004134714 0.003215634
63.417472520 0.999845076 -0.016805061 0.004129127 0.003219466
63.437589948 0.999845090 -0.016802169 0.004141590 0.003214014
63.457914312 0.999844819 -0.016809616 0.004152908 0.003244636
63.477945672 0.999845211 -0.016789550 0.004152040 0.003229006
63.498131245 0.999844852 -0.016815179 0.004152094 0.003206427
63.518347548 0.999845091 -0.016799749 0.004146070 0.003220740
63.538543799 0.999845154 -0.016795381 0.004156604 0.003210235
63.558647360 0.999844845 -0.016813542 0.004156541 0.003211560
63.578977453 0.999845302 -0.016781718 0.004179271 0.003206196
63.599180181 0.999845236 -0.016788013 0.004178833 0.003194233
63.619211101 0.999845264 -0.016787126 0.004177195 0.003192487
63.639383794 0.999845255 -0.016789395 0.004170978 0.003191329
63.659647003 0.999845350 -0.016782701 0.004190789 0.003170834
63.679727722 0.999845370 -0.016782479 0.004190249 0.003166392
63.699927937 0.999845342 -0.016788974 0.004181994 0.003151781
63.720102264 0.999845235 -0.016800966 0.004168102 0.003140053
63.740472583 0.999844684 -0.016832529 0.004170396 0.003143522
63.760574443 0.999844900 -0.016819108 0.004161453 0.003158613
63.780771733 0.999844840 -0.016818261 0.004170931 0.003169468
63.800951018 0.999844816 -0.016812734 0.004188747 0.003182794
63.821025890 0.999844694 -0.016823602 0.004170765 0.003187273
63.841273928 0.999844632 -0.016831278 0.004163857 0.003175372
63.861420963 0.999844465 -0.016840550 0.004167267 0.003174224
63.881552893 0.999844730 -0.016824419 0.004181868 0.003157155
63.901707391 0.999844448 -0.016838287 0.004183208 0.003170636
63.922112744 0.999844164 -0.016855688 0.004180896 0.003170817
63.942030414 0.999844235 -0.016857155 0.004168366 0.003156982
63.962227472 0.999844221 -0.016862255 0.004158703 0.003146843
63.982372455 0.999844206 -0.016867868 0.004146568 0.003137510
64.002544017 0.999844114 -0.016871622 0.004171562 0.003113468
64.022762831 0.999843818 -0.016883847 0.004186980 0.003121513
64.043069358 0.999843800 -0.016885989 0.004180609 0.003124412
64.063177800 0.999843239 -0.016917111 0.004193723 0.003117950
64.083318810 0.999843389 -0.016906405 0.004187081 0.003136608
64.103614073 0.999843287 -0.016916581 0.004171837 0.003134628
64.123811953 0.999843674 -0.016890240 0.004176614 0.003146787
64.143885887 0.999843477 -0.016901080 0.004184226 0.003141309
64.164026828 0.999843301 -0.016905969 0.004188800 0.003164695
64.184260798 0.999843282 -0.016912769 0.004191323 0.003130980
64.204357723 0.999843656 -0.016892504 0.004170034 0.003149248
64.224747917 0.999843514 -0.016895532 0.004181112 0.003163331
64.244893359 0.999843598 -0.016897449 0.004172463 0.003137775
64.265022525 0.999843960 -0.016877695 0.004173084 0.003128010
64.285227612 0.999844292 -0.016854969 0.004180760 0.003134096
