0.000000000 0.999824389 -0.016797990 0.003968214 0.007298817
0.020198556 0.999824302 -0.016799955 0.003976491 0.007301611
0.040411065 0.999824354 -0.016798946 0.003967928 0.007301488
0.060588665 0.999824187 -0.016795592 0.003981829 0.007324513
0.080648011 0.999824530 -0.016789118 0.003984626 0.007290954
0.100936673 0.999824913 -0.016766494 0.003977311 0.007294477
0.121123158 0.999825168 -0.016757476 0.003971538 0.007283360
0.141657561 0.999824964 -0.016760655 0.003995701 0.007290828
0.161370244 0.999824915 -0.016763526 0.004006179 0.007285196
0.181459428 0.999825070 -0.016755263 0.003999371 0.007286734
0.201721617 0.999824605 -0.016781420 0.004008715 0.007285214
0.222131615 0.999824749 -0.016773064 0.004007543 0.007285208
0.242212232 0.999824573 -0.016779620 0.004000480 0.007298195
0.262463935 0.999824873 -0.016764581 0.004006374 0.007288406
0.282500201 0.999824856 -0.016768396 0.003996191 0.007287616
0.302626509 0.999824907 -0.016771140 0.003996217 0.007274196
0.322834800 0.999825136 -0.016754691 0.003990554 0.007283774
0.343300165 0.999825256 -0.016740403 0.004002555 0.007293504
0.363117537 0.999825163 -0.016744193 0.003997578 0.007300392
0.383264688 0.999825432 -0.016734231 0.003985742 0.007292781
0.403440569 0.999825397 -0.016741610 0.003986548 0.007280269
0.423647035 0.999825442 -0.016730593 0.003974441 0.007305942
0.443796446 0.999825632 -0.016728747 0.003960176 0.007291904
0.463933064 0.999825986 -0.016706456 0.003941700 0.007304470
0.484178207 0.999826033 -0.016699042 0.003946116 0.007312521
0.504320676 0.999826082 -0.016709475 0.003943739 0.007283274
0.524499640 0.999825909 -0.016718023 0.003932904 0.007293328
0.544707955 0.999825890 -0.016721875 0.003931075 0.007288040
0.564875726 0.999825902 -0.016718200 0.003937031 0.007291592
0.585053580 0.999825748 -0.016745978 0.003936411 0.007249223
0.605411746 0.999825830 -0.016731004 0.003940816 0.007270056
0.625458261 0.999825752 -0.016726384 0.003936184 0.007293858
0.645751704 0.999826173 -0.016707588 0.003932635 0.007281104
0.665737968 0.999826128 -0.016717098 0.003918409 0.007273154
0.685896635 0.999826167 -0.016702483 0.003921811 0.007299457
0.706127255 0.999826406 -0.016691581 0.003927023 0.007288889
0.726502200 0.999826458 -0.016687736 0.003935029 0.007286275
0.746510613 0.999826389 -0.016689361 0.003940099 0.007289235
0.766634768 0.999826418 -0.016682002 0.003931272 0.007306811
0.786847287 0.999826059 -0.016709599 0.003935759 0.007290483
0.807168086 0.999826184 -0.016706223 0.003942794 0.007277313
0.827319562 0.999826304 -0.016687337 0.003941377 0.007304795
0.847381547 0.999826053 -0.016698501 0.003934531 0.007317345
0.867520922 0.999826032 -0.016700239 0.003937017 0.007314903
0.887695022 0.999825695 -0.016707817 0.003945369 0.007339148
0.908118257 0.999825747 -0.016706955 0.003942185 0.007335692
0.928132042 0.999825408 -0.016722797 0.003939309 0.007347395
0.948205052 0.999825688 -0.016705187 0.003933280 0.007352509
0.968359377 0.999825774 -0.016703744 0.003944675 0.007337981
0.988599673 0.999825634 -0.016717572 0.003940386 0.007327895
1.008900914 0.999825454 -0.016712520 0.003952894 0.007357113
1.028947658 0.999825671 -0.016707173 0.003950283 0.007341167
1.049197638 0.999825460 -0.016717217 0.003939749 0.007352704
1.069328600 0.999825111 -0.016721059 0.003950268 0.007385772
1.089518164 0.999824478 -0.016755065 0.003948011 0.007395585
1.110135786 0.999824498 -0.016746014 0.003963099 0.007405260
1.129952426 0.999824397 -0.016748121 0.003989606 0.007399867
1.150080998 0.999824574 -0.016749113 0.003977349 0.007380296
1.170235014 0.999824400 -0.016758889 0.003964909 0.007388439
1.190388738 0.999824206 -0.016768099 0.003966847 0.007392699
1.210555619 0.999824301 -0.016759835 0.003978667 0.007392296
1.230741057 0.999824359 -0.016756403 0.003967760 0.007397985
1.250917724 0.999824668 -0.016753320 0.003946941 0.007374392
1.271108597 0.999824966 -0.016726114 0.003947709 0.007395217
1.291584972 0.999825135 -0.016728229 0.003943693 0.007369790
1.311450857 0.999825042 -0.016729556 0.003944164 0.007379141
1.351750528 0.999824741 -0.016736035 0.003968586 0.007392074
1.372407173 0.999825144 -0.016719279 0.003970755 0.007374348
1.392209223 0.999825358 -0.016707547 0.003953170 0.007381293
1.412544818 0.999825542 -0.016707154 0.003944030 0.007362183
1.432506496 0.999825538 -0.016694938 0.003941153 0.007391898
1.452798877 0.999825524 -0.016698427 0.003952977 0.007379532
1.472937231 0.999825349 -0.016710599 0.003952633 0.007375867
1.493239257 0.999825611 -0.016703283 0.003958278 0.007353954
1.513299641 0.999826025 -0.016686901 0.003960351 0.007333720
1.533380091 0.999826053 -0.016684819 0.003963099 0.007333045
1.553617592 0.999826335 -0.016666268 0.003980096 0.007327621
1.573725937 0.999826095 -0.016669718 0.003981839 0.007351592
1.593971831 0.999826035 -0.016673425 0.003989931 0.007346891
1.614140079 0.999825812 -0.016680909 0.003999117 0.007355232
1.634247247 0.999825648 -0.016693746 0.003995976 0.007350082
1.654728935 0.999825757 -0.016682380 0.003998883 0.007359558
1.675108698 0.999825601 -0.016687787 0.003992425 0.007371974
1.694828432 0.999825782 -0.016670481 0.003993020 0.007386282
1.714941302 0.999825760 -0.016666591 0.004000039 0.007394167
1.735181392 0.999825892 -0.016658284 0.004006393 0.007391560
1.755362719 0.999825591 -0.016674380 0.003993559 0.007403036
1.775677626 0.999825715 -0.016659145 0.003988558 0.007423208
1.795743928 0.999825383 -0.016675517 0.003989723 0.007430532
1.816054272 0.999825104 -0.016692969 0.003993905 0.007426587
1.836179414 0.999825289 -0.016687426 0.003992552 0.007414949
1.856256400 0.999825205 -0.016690199 0.003992680 0.007419918
1.876374407 0.999825469 -0.016674207 0.003985239 0.007424264
1.896633749 0.999824893 -0.016708999 0.004001929 0.007414639
1.916749386 0.999824961 -0.016704053 0.003997412 0.007419133
1.936950713 0.999825033 -0.016697706 0.003995676 0.007424655
1.957277897 0.999825366 -0.016688230 0.003982980 0.007407854
1.977650645 0.999825320 -0.016695979 0.003982580 0.007396803
1.997460017 0.999825026 -0.016712428 0.003991155 0.007394798
2.017733566 0.999824857 -0.016710398 0.004000946 0.007416877
2.037942190 0.999825267 -0.016695082 0.003993208 0.007400284
2.058157818 0.999825249 -0.016693333 0.004002058 0.007401843
2.078320145 0.999825267 -0.016694054 0.003992890 0.007402783
2.098333666 0.999825498 -0.016669689 0.003993458 0.007426153
2.118492319 0.999825593 -0.016674123 0.003989467 0.007405481
2.138736287 0.999825460 -0.016679957 0.003993195 0.007408324
2.159098846 0.999825763 -0.016663145 0.004003136 0.007399848
2.179190639 0.999826114 -0.016648403 0.004006085 0.007384079
2.199369939 0.999825682 -0.016665600 0.004027282 0.007392188
2.219599440 0.999825556 -0.016662495 0.004045362 0.007406332
2.239619537 0.999825479 -0.016667783 0.004038681 0.007408451
2.259939659 0.999825342 -0.016680472 0.004043006 0.007396012
2.279972239 0.999825506 -0.016671959 0.004029934 0.007400193
2.300111624 0.999825708 -0.016668916 0.004018894 0.007385767
2.320278671 0.999825376 -0.016690812 0.004038038 0.007370784
2.340497936 0.999825398 -0.016684399 0.004032895 0.007385073
2.360919584 0.999825314 -0.016691871 0.004030649 0.007380879
2.381179120 0.999825068 -0.016707434 0.004040947 0.007373326
2.401086240 0.999824653 -0.016725725 0.004041467 0.007387862
2.421159671 0.999824557 -0.016731765 0.004036965 0.007389632
2.441582643 0.999824645 -0.016730371 0.004039740 0.007379272
2.461567790 0.999824625 -0.016737528 0.004022048 0.007375441
2.481766386 0.999824560 -0.016748463 0.004020588 0.007360295
2.501938397 0.999824936 -0.016733895 0.004011412 0.007347320
2.522091734 0.999825184 -0.016706612 0.004012747 0.007374826
2.542297066 0.999824933 -0.016729750 0.004013667 0.007355838
2.562515089 0.999824832 -0.016744968 0.004008323 0.007337957
2.582855262 0.999825122 -0.016728598 0.003990266 0.007345552
2.603131208 0.999824973 -0.016735591 0.003994551 0.007347513
2.623117992 0.999824961 -0.016744674 0.004006460 0.007322024
2.643199671 0.999824847 -0.016753556 0.003994374 0.007323855
2.663351545 0.999824503 -0.016773545 0.003998005 0.007323022
2.683514875 0.999824267 -0.016773088 0.003997919 0.007356294
2.703771445 0.999824293 -0.016779935 0.004003566 0.007334042
2.723958615 0.999824565 -0.016768071 0.003988057 0.007332614
2.744369103 0.999825055 -0.016737866 0.003996522 0.007330111
2.764413412 0.999824767 -0.016752683 0.003997250 0.007335244
2.784461298 0.999824895 -0.016748246 0.003991385 0.007331004
2.804620601 0.999824840 -0.016754308 0.003993111 0.007323738
2.824783521 0.999825222 -0.016744003 0.003998306 0.007292285
2.844941360 0.999825282 -0.016736981 0.004008148 0.007294706
2.865203376 0.999825232 -0.016730504 0.004010382 0.007315244
2.885342913 0.999825281 -0.016737526 0.004009123 0.007293063
2.905441468 0.999825740 -0.016715667 0.004006579 0.007281774
2.925673705 0.999825788 -0.016698030 0.004012589 0.007312179
2.946240602 0.999825910 -0.016690234 0.004019147 0.007309730
2.965997588 0.999825931 -0.016694435 0.004009246 0.007302723
2.986220107 0.999825808 -0.016698878 0.004012321 0.007307752
3.006527709 0.999825831 -0.016696513 0.004005514 0.007313677
3.026485736 0.999825652 -0.016711872 0.004001695 0.007305204
3.046670543 0.999825194 -0.016738724 0.004004349 0.007304872
3.066874924 0.999825322 -0.016736815 0.003999713 0.007294352
3.087003584 0.999825273 -0.016741474 0.004004728 0.007287565
3.107258114 0.999824997 -0.016753689 0.003994337 0.007303013
3.127361553 0.999824810 -0.016762015 0.004000441 0.007306185
3.147946107 0.999824847 -0.016755087 0.004010011 0.007311782
3.167723375 0.999824975 -0.016750211 0.004006369 0.007307404
3.188022245 0.999825005 -0.016732898 0.003991539 0.007351004
3.208223751 0.999825122 -0.016722381 0.003991265 0.007359090
3.228250668 0.999825274 -0.016713602 0.003988435 0.007359944
3.248442322 0.999825183 -0.016729783 0.003984868 0.007337418
3.268606340 0.999824499 -0.016752344 0.003998824 0.007371582
3.288887256 0.999824600 -0.016762424 0.003994102 0.007337352
3.309343703 0.999824533 -0.016763665 0.003995257 0.007343092
3.329532593 0.999824162 -0.016785470 0.003991687 0.007345712
3.349455723 0.999823867 -0.016798866 0.003972679 0.007365565
3.369613794 0.999824249 -0.016771613 0.003972428 0.007375953
3.390171639 0.999824974 -0.016732927 0.003964071 0.007369989
3.409899325 0.999824858 -0.016739601 0.003965520 0.007369796
3.430068273 0.999825064 -0.016737495 0.003950007 0.007354888
3.450251518 0.999824966 -0.016740524 0.003949482 0.007361610
3.470384959 0.999824673 -0.016740099 0.003949332 0.007402429
3.490580784 0.999824994 -0.016723229 0.003971486 0.007385247
3.510795028 0.999825248 -0.016707340 0.003967852 0.007388763
3.530982980 0.999824967 -0.016727455 0.003963254 0.007383778
3.551192617 0.999824866 -0.016730343 0.003975259 0.007384511
3.571384682 0.999825105 -0.016719690 0.003973429 0.007377222
3.591456571 0.999825172 -0.016706899 0.003989408 0.007388424
3.611698428 0.999825205 -0.016705173 0.003996934 0.007383861
3.631843742 0.999825319 -0.016697658 0.003995226 0.007386287
3.652027643 0.999824779 -0.016733537 0.003992334 0.007379801
3.672193546 0.999825163 -0.016712353 0.003992584 0.007375566
3.692657061 0.999825091 -0.016721620 0.003984137 0.007368894
3.712577196 0.999825064 -0.016713757 0.003973716 0.007396040
3.732685109 0.999824985 -0.016723410 0.003979236 0.007381907
3.753097026 0.999825036 -0.016715378 0.003981212 0.007392104
3.773101705 0.999824676 -0.016734977 0.003982686 0.007395630
3.793500277 0.999824327 -0.016756304 0.003986016 0.007392777
3.813422551 0.999824513 -0.016756450 0.003983428 0.007368625
3.833581444 0.999824422 -0.016762883 0.003985685 0.007365157
3.853803848 0.999824491 -0.016754348 0.003989357 0.007373264
3.873970210 0.999824521 -0.016755688 0.003979393 0.007371495
3.894179403 0.999824405 -0.016769179 0.003967598 0.007362856
3.914292892 0.999824274 -0.016776919 0.003962245 0.007365959
3.934583383 0.999824419 -0.016770093 0.003966870 0.007359297
3.954757548 0.999824262 -0.016772828 0.003968530 0.007373487
3.975633214 0.999824116 -0.016778303 0.003966382 0.007381932
3.995017571 0.999824195 -0.016773458 0.003964023 0.007383589
4.015305194 0.999824428 -0.016762914 0.003962311 0.007376833
4.035400585 0.999824152 -0.016768104 0.003959156 0.007404153
4.055601017 0.999824295 -0.016758670 0.003969306 0.007400659
4.075843956 0.999824036 -0.016775040 0.003975099 0.007395577
4.095896860 0.999824096 -0.016783665 0.003991790 0.007358801
4.116100752 0.999824164 -0.016786807 0.003991534 0.007342445
4.136328704 0.999824196 -0.016784374 0.004006982 0.007335299
4.156493202 0.999824270 -0.016770221 0.004015132 0.007353062
4.176785705 0.999823637 -0.016803816 0.003996527 0.007372578
4.196815546 0.999823744 -0.016796731 0.003994904 0.007374992
4.217035400 0.999824317 -0.016775757 0.004009947 0.007336831
4.237139514 0.999824735 -0.016751793 0.004001033 0.007339574
4.257327526 0.999825051 -0.016741259 0.003998834 0.007321725
4.277599279 0.999825023 -0.016744469 0.004012006 0.007310939
4.297699882 0.999825225 -0.016745547 0.004002644 0.007286003
4.317853905 0.999825404 -0.016734230 0.003986943 0.007295997
4.338057257 0.999825490 -0.016716522 0.003995433 0.007320151
4.358331331 0.999825931 -0.016692910 0.003988324 0.007317693
4.378356548 0.999825494 -0.016699108 0.003998700 0.007357469
4.398602111 0.999825474 -0.016701277 0.004002468 0.007353225
4.418765488 0.999825573 -0.016693926 0.004005362 0.007354854
4.438958225 0.999825474 -0.016700979 0.004008208 0.007350714
4.459321782 0.999825591 -0.016698208 0.004002391 0.007344256
4.479306821 0.999825603 -0.016701062 0.004003799 0.007335399
4.499682633 0.999825617 -0.016697004 0.004015750 0.007336155
4.519946760 0.999825761 -0.016685401 0.004009674 0.007346266
4.540195848 0.999825733 -0.016682632 0.003994734 0.007364524
4.560189545 0.999825576 -0.016701639 0.003974506 0.007353614
4.580170663 0.999825626 -0.016695964 0.003968951 0.007362775
4.600342328 0.999825699 -0.016694236 0.003971840 0.007355122
4.620532817 0.999825628 -0.016698607 0.003985143 0.007347694
4.640722129 0.999825414 -0.016722029 0.003978209 0.007327310
4.660950923 0.999825217 -0.016728878 0.003959316 0.007348751
4.681133498 0.999824955 -0.016740403 0.003953485 0.007361312
4.701289406 0.999824628 -0.016765353 0.003952080 0.007349665
4.721435815 0.999824788 -0.016768117 0.003940219 0.007327879
4.741667674 0.999825157 -0.016758029 0.003927569 0.007307413
4.761891496 0.999824786 -0.016773334 0.003920458 0.007326798
4.781968283 0.999824858 -0.016767778 0.003908898 0.007335840
4.802139876 0.999825002 -0.016769863 0.003898327 0.007317120
4.822288744 0.999825019 -0.016768964 0.003894596 0.007318859
4.842502835 0.999825248 -0.016754499 0.003901865 0.007316861
4.862792454 0.999825302 -0.016756859 0.003898126 0.007306013
4.882880619 0.999825417 -0.016749239 0.003898677 0.007307496
4.903038743 0.999825333 -0.016754232 0.003906940 0.007303090
4.923405795 0.999825458 -0.016749122 0.003903648 0.007299392
4.943680918 0.999825591 -0.016738110 0.003909749 0.007303262
4.963668573 0.999825323 -0.016745576 0.003903582 0.007326079
4.983902419 0.999825809 -0.016719789 0.003914031 0.007313032
5.003943575 0.999825863 -0.016710076 0.003923241 0.007322857
5.024108458 0.999825909 -0.016702546 0.003918088 0.007336586
5.044242349 0.999826010 -0.016692528 0.003934733 0.007336644
5.064490000 0.999826199 -0.016683001 0.003921880 0.007339434
5.084600767 0.999826332 -0.016679216 0.003905411 0.007338815
5.104956029 0.999826309 -0.016675750 0.003897915 0.007353756
5.125070019 0.999825915 -0.016703043 0.003888525 0.007350391
5.145165044 0.999825766 -0.016699534 0.003885189 0.007380217
5.165286251 0.999826049 -0.016696712 0.003891067 0.007345129
5.185469384 0.999826108 -0.016691042 0.003892835 0.007349117
5.205703322 0.999826476 -0.016663074 0.003879762 0.007369314
5.225797722 0.999826193 -0.016667245 0.003871414 0.007402587
5.245982288 0.999826080 -0.016673918 0.003882877 0.007396865
5.266183506 0.999826407 -0.016649593 0.003885381 0.007406064
5.286348087 0.999826602 -0.016654592 0.003884391 0.007369022
5.306549802 0.999826527 -0.016663426 0.003905443 0.007348023
5.326935386 0.999826224 -0.016658941 0.003920453 0.007391379
5.346986795 0.999826012 -0.016678648 0.003910804 0.007380587
5.367044558 0.999826102 -0.016680328 0.003906725 0.007366834
5.387307124 0.999826122 -0.016690828 0.003890931 0.007348660
5.407418941 0.999825989 -0.016696937 0.003905635 0.007345089
5.427602118 0.999825781 -0.016706496 0.003915362 0.007346406
5.447829289 0.999825581 -0.016716970 0.003914465 0.007350365
5.467936056 0.999825222 -0.016732495 0.003912736 0.007364703
5.488327244 0.999825311 -0.016732331 0.003919911 0.007349264
5.508380331 0.999825450 -0.016721788 0.003916881 0.007355911
5.528610223 0.999825832 -0.016711272 0.003918010 0.007327246
5.548647664 0.999825759 -0.016711570 0.003926308 0.007332133
5.568888426 0.999825629 -0.016717322 0.003925909 0.007336892
5.589120710 0.999825680 -0.016704492 0.003905598 0.007369870
5.609301163 0.999825853 -0.016696430 0.003910504 0.007362096
5.629376527 0.999825923 -0.016692081 0.003913771 0.007360719
5.649584048 0.999826055 -0.016685164 0.003917239 0.007356644
5.669790515 0.999825928 -0.016693111 0.003914971 0.007357044
5.690034365 0.999825829 -0.016690483 0.003915899 0.007375969
5.710264388 0.999826455 -0.016660619 0.003916020 0.007358538
5.730329852 0.999826660 -0.016644608 0.003918915 0.007365410
5.750423878 0.999826613 -0.016647045 0.003915801 0.007367988
5.770717719 0.999826714 -0.016649939 0.003907314 0.007352195
5.790935738 0.999826570 -0.016649402 0.003915355 0.007368693
5.811019451 0.999826280 -0.016661406 0.003923741 0.007376422
5.831189078 0.999826178 -0.016667629 0.003933344 0.007371107
5.851376508 0.999826255 -0.016657038 0.003936189 0.007383007
5.871545150 0.999826278 -0.016650867 0.003958756 0.007381781
5.891917048 0.999826264 -0.016647310 0.003966385 0.007387634
5.911894784 0.999826527 -0.016637820 0.003973463 0.007369542
5.932218984 0.999826696 -0.016637937 0.003975888 0.007345056
5.952206669 0.999826892 -0.016620611 0.003987281 0.007351357
5.972466990 0.999827129 -0.016599957 0.003984802 0.007367121
5.992654618 0.999827068 -0.016612128 0.003988872 0.007345801
6.012791957 0.999827091 -0.016605553 0.003986042 0.007358960
6.032935879 0.999827268 -0.016596148 0.003985173 0.007356708
6.053201213 0.999827782 -0.016573541 0.003984290 0.007338209
6.073263817 0.999827206 -0.016587186 0.004008249 0.007372773
6.093739179 0.999827188 -0.016604825 0.004004586 0.007337339
6.113663434 0.999827435 -0.016600232 0.004006334 0.007313174
6.133931153 0.999827820 -0.016571103 0.004019516 0.007319283
6.154283375 0.999828038 -0.016567106 0.004023476 0.007296314
6.174328522 0.999827927 -0.016572604 0.004017065 0.007302616
6.194396600 0.999828066 -0.016547639 0.004022911 0.007336887
6.214664014 0.999828285 -0.016546332 0.004028121 0.007307079
6.234823442 0.999828172 -0.016555026 0.004029541 0.007302084
6.254956388 0.999827967 -0.016556935 0.004032239 0.007324311
6.275277205 0.999827698 -0.016575693 0.004036516 0.007316236
6.295457999 0.999827600 -0.016579785 0.004037574 0.007319768
6.315509869 0.999828026 -0.016562820 0.004022901 0.007307997
6.335912688 0.999828145 -0.016558942 0.004021325 0.007301455
6.355865315 0.999828179 -0.016552566 0.004025211 0.007309055
6.375950609 0.999828350 -0.016534100 0.004045163 0.007316451
6.396145807 0.999828389 -0.016520230 0.004030764 0.007350327
6.416297863 0.999828218 -0.016535175 0.004026374 0.007342445
6.436466417 0.999828248 -0.016533533 0.004024062 0.007343309
6.456676516 0.999827890 -0.016552712 0.004047664 0.007335774
6.477119974 0.999828019 -0.016554029 0.004050450 0.007313732
6.497100718 0.999828061 -0.016565261 0.004043489 0.007286353
6.517311078 0.999827892 -0.016555261 0.004046189 0.007330627
6.537513370 0.999827973 -0.016543738 0.004065482 0.007334910
6.557645158 0.999828047 -0.016548620 0.004057478 0.007318271
6.577711992 0.999827758 -0.016554662 0.004064715 0.007339983
6.597893808 0.999828044 -0.016538736 0.004074706 0.007331370
6.618087303 0.999828066 -0.016551202 0.004077591 0.007298616
6.638364160 0.999827757 -0.016559397 0.004084338 0.007318542
6.658721543 0.999828065 -0.016539335 0.004076785 0.007326053
6.678929720 0.999828295 -0.016530068 0.004074336 0.007316877
6.698913831 0.999828476 -0.016518511 0.004074460 0.007318252
6.718975579 0.999828720 -0.016507539 0.004083707 0.007304464
6.739201699 0.999828702 -0.016505888 0.004079659 0.007312869
6.759727193 0.999828682 -0.016510398 0.004071438 0.007309981
6.779572346 0.999828725 -0.016513416 0.004056697 0.007305507
6.799667823 0.999829231 -0.016501092 0.004036451 0.007275281
6.819843644 0.999829158 -0.016495758 0.004030003 0.007301010
6.840068613 0.999828816 -0.016517152 0.004022977 0.007303233
6.860493861 0.999828856 -0.016530135 0.004013468 0.007273568
6.880516272 0.999828750 -0.016532989 0.004020989 0.007277601
6.900620177 0.999828926 -0.016526944 0.004015796 0.007270022
6.920721736 0.999828985 -0.016525999 0.004018825 0.007262257
6.940951842 0.999828955 -0.016523952 0.004018636 0.007271204
6.961108002 0.999828905 -0.016526172 0.004030648 0.007266326
6.981306875 0.999828737 -0.016544836 0.004030777 0.007246921
7.001483799 0.999828622 -0.016552123 0.004029583 0.007246792
7.021662808 0.999828361 -0.016562269 0.004039417 0.007254214
7.042119206 0.999828437 -0.016570978 0.004034468 0.007226459
7.062072370 0.999828385 -0.016578849 0.004040220 0.007212424
7.082183828 0.999828432 -0.016570292 0.004051015 0.007219535
7.102444913 0.999828374 -0.016578361 0.004056990 0.007205694
7.122515224 0.999828327 -0.016579115 0.004051404 0.007213631
7.142833984 0.999828315 -0.016577543 0.004057706 0.007215272
7.162887543 0.999828324 -0.016576941 0.004051225 0.007219028
7.183088864 0.999828801 -0.016548799 0.004052149 0.007216998
7.203226406 0.999828806 -0.016546993 0.004054145 0.007219426
7.223380520 0.999829087 -0.016545584 0.004060305 0.007180094
7.243677719 0.999829497 -0.016515960 0.004061238 0.007190677
7.263895016 0.999829388 -0.016523131 0.004070096 0.007184343
7.283992953 0.999829425 -0.016523757 0.004067320 0.007179411
7.304130271 0.999829570 -0.016515269 0.004066020 0.007179436
7.324308640 0.999829584 -0.016518224 0.004055905 0.007176343
7.344471294 0.999829459 -0.016522394 0.004062837 0.007180361
7.364768544 0.999829223 -0.016534555 0.004054585 0.007189812
7.384816389 0.999829507 -0.016514533 0.004049393 0.007199291
7.405057771 0.999829521 -0.016508262 0.004046746 0.007213191
7.425259363 0.999829674 -0.016506956 0.004043747 0.007196609
7.445328136 0.999830055 -0.016489984 0.004045462 0.007181594
7.465527411 0.999829991 -0.016488811 0.004044963 0.007193572
7.485699556 0.999830300 -0.016471097 0.004051556 0.007187390
7.505891233 0.999829797 -0.016505296 0.004043687 0.007183360
7.526100356 0.999829834 -0.016493636 0.004048329 0.007202388
7.546276312 0.999829685 -0.016503336 0.004062252 0.007192991
7.566425795 0.999829889 -0.016492817 0.004076640 0.007180597
7.586595639 0.999829899 -0.016486990 0.004078265 0.007191661
7.606846874 0.999829627 -0.016502085 0.004082467 0.007192472
7.626970321 0.999829785 -0.016504197 0.004077590 0.007168341
7.647139285 0.999829887 -0.016504359 0.004078814 0.007153116
7.667259344 0.999829870 -0.016505067 0.004083522 0.007151166
7.687499541 0.999829681 -0.016515624 0.004085659 0.007151997
7.707692121 0.999829723 -0.016510533 0.004099472 0.007149953
7.727824536 0.999829325 -0.016530329 0.004115752 0.007150566
7.748373475 0.999829509 -0.016515851 0.004124627 0.007153073
7.768340023 0.999829463 -0.016519950 0.004120187 0.007152613
7.788521034 0.999829162 -0.016530983 0.004118105 0.007170419
7.808552105 0.999828991 -0.016522774 0.004122400 0.007210515
7.828737413 0.999828457 -0.016554616 0.004131623 0.007206285
7.848934643 0.999828369 -0.016557314 0.004128333 0.007214154
7.869139521 0.999828136 -0.016570992 0.004125543 0.007216753
7.889257145 0.999828226 -0.016573777 0.004119778 0.007201112
7.909468331 0.999828653 -0.016566107 0.004109905 0.007164979
7.929676467 0.999828738 -0.016559422 0.004110001 0.007168532
7.949842876 0.999828644 -0.016562806 0.004103175 0.007177759
7.970304313 0.999828611 -0.016563873 0.004112059 0.007174865
7.990259103 0.999828233 -0.016569012 0.004129417 0.007205635
8.010350601 0.999828096 -0.016576574 0.004138397 0.007202026
8.030506737 0.999828203 -0.016565930 0.004138998 0.007211310
8.050789671 0.999828320 -0.016572269 0.004139293 0.007180240
8.070849011 0.999828629 -0.016550763 0.004127389 0.007193696
8.091064995 0.999828895 -0.016536437 0.004121023 0.007193373
8.111547511 0.999829182 -0.016520837 0.004116107 0.007192070
8.131411061 0.999829380 -0.016506792 0.004119889 0.007194690
8.151586428 0.999829406 -0.016499620 0.004135164 0.007198672
8.171833792 0.999829534 -0.016489621 0.004134549 0.007204252
8.192241277 0.999829500 -0.016495328 0.004144380 0.007190273
8.212098362 0.999828744 -0.016527656 0.004151678 0.007216777
8.232333186 0.999828847 -0.016515719 0.004167814 0.007220531
8.252519962 0.999828669 -0.016528220 0.004168092 0.007216432
8.272629948 0.999828195 -0.016552664 0.004170811 0.007224610
8.292822150 0.999827795 -0.016572830 0.004177357 0.007229925
8.313282413 0.999827564 -0.016587937 0.004162984 0.007235471
8.333113637 0.999827470 -0.016586753 0.004169449 0.007247466
8.353431588 0.999827912 -0.016568004 0.004154077 0.007238250
8.373593149 0.999827900 -0.016562995 0.004151691 0.007252697
8.393673079 0.999827773 -0.016558732 0.004162476 0.007273621
8.413915850 0.999827451 -0.016567997 0.004169880 0.007292517
8.434092778 0.999827564 -0.016561817 0.004168818 0.007291718
8.454392212 0.999827471 -0.016574992 0.004166310 0.007275958
8.474395661 0.999827244 -0.016597886 0.004166313 0.007254941
8.494781491 0.999826965 -0.016624911 0.004175511 0.007226141
8.514852896 0.999826971 -0.016625668 0.004175282 0.007223742
8.535026371 0.999826813 -0.016631298 0.004193059 0.007222359
8.555102043 0.999826599 -0.016633282 0.004188533 0.007249990
8.575374989 0.999826628 -0.016631195 0.004178562 0.007256491
8.595417767 0.999826577 -0.016632184 0.004195418 0.007251576
8.615678699 0.999826597 -0.016626325 0.004206647 0.007255718
8.635866355 0.999826784 -0.016624906 0.004195438 0.007239706
8.656219537 0.999827037 -0.016613648 0.004203655 0.007225749
8.676328029 0.999826853 -0.016606804 0.004227561 0.007252994
8.696334777 0.999826695 -0.016617448 0.004227487 0.007250386
8.716514325 0.999826818 -0.016608205 0.004220769 0.007258596
8.736738762 0.999826612 -0.016617736 0.004221495 0.007264670
8.756966716 0.999826833 -0.016610348 0.004208744 0.007258589
8.777082927 0.999826574 -0.016619327 0.004213311 0.007271072
8.797261022 0.999826531 -0.016620824 0.004200085 0.007281186
8.817470269 0.999826666 -0.016611946 0.004208290 0.007278141
8.837729238 0.999826592 -0.016611797 0.004202138 0.007292158
8.858021012 0.999826700 -0.016605942 0.004185685 0.007300143
8.878114623 0.999826498 -0.016611653 0.004199021 0.007307246
8.898155607 0.999826518 -0.016607863 0.004207689 0.007308034
8.918346623 0.999826653 -0.016606076 0.004190852 0.007303352
8.938576885 0.999826608 -0.016610684 0.004178269 0.007306264
8.959033859 0.999826547 -0.016612394 0.004179471 0.007310064
8.978861941 0.999826232 -0.016631355 0.004176609 0.007311610
8.999034959 0.999826193 -0.016639634 0.004184606 0.007293483
9.019325376 0.999826412 -0.016622348 0.004206059 0.007290554
9.039556807 0.999826006 -0.016641007 0.004199471 0.007307528
9.059899022 0.999825933 -0.016643497 0.004215854 0.007302316
9.079730981 0.999826061 -0.016639484 0.004220873 0.007290994
9.099885299 0.999826168 -0.016638377 0.004218917 0.007280023
9.120113565 0.999825981 -0.016645045 0.004205322 0.007298256
9.140238627 0.999825724 -0.016675889 0.004206487 0.007262326
9.160908157 0.999825788 -0.016668372 0.004195852 0.007276909
9.180669640 0.999826128 -0.016644728 0.004192428 0.007286327
9.200799783 0.999826176 -0.016645578 0.004182460 0.007283460
9.221140439 0.999826135 -0.016639903 0.004182574 0.007302018
9.241197801 0.999826541 -0.016625641 0.004180747 0.007279885
9.261285756 0.999826645 -0.016621288 0.004166141 0.007284023
9.281462841 0.999826519 -0.016629588 0.004169810 0.007280254
9.301685629 0.999826221 -0.016641522 0.004171094 0.007293082
9.321964407 0.999826184 -0.016666623 0.004165190 0.007244129
9.342134520 0.999826299 -0.016661344 0.004156483 0.007245416
9.362324584 0.999826224 -0.016661101 0.004158359 0.007255182
9.382491610 0.999825951 -0.016684299 0.004134159 0.007253383
9.402612398 0.999826235 -0.016679769 0.004102320 0.007242621
9.422867216 0.999826386 -0.016673117 0.004112649 0.007231197
9.442938778 0.999826380 -0.016671442 0.004115721 0.007234219
9.463139090 0.999826332 -0.016674212 0.004123851 0.007229806
9.483253825 0.999826139 -0.016677481 0.004127283 0.007246977
9.503458942 0.999826123 -0.016681774 0.004127354 0.007239343
9.523724994 0.999826604 -0.016670642 0.004126980 0.007198593
9.544030184 0.999826398 -0.016668054 0.004117415 0.007238616
9.564005675 0.999826621 -0.016663156 0.004121335 0.007216709
9.584131668 0.999826549 -0.016668871 0.004119162 0.007214848
9.604556957 0.999826978 -0.016653169 0.004114636 0.007194149
9.624526315 0.999827089 -0.016641165 0.004114408 0.007206689
9.644682454 0.999826753 -0.016656770 0.004114124 0.007217284
9.665074397 0.999826517 -0.016673695 0.004122795 0.007206015
9.685056132 0.999826392 -0.016676296 0.004116802 0.007220761
9.705332030 0.999826176 -0.016676681 0.004126749 0.007244074
9.725741907 0.999826426 -0.016677437 0.004118979 0.007212152
9.745707135 0.999826727 -0.016656302 0.004114404 0.007221878
9.765793916 0.999827027 -0.016644010 0.004107669 0.007212530
9.786067168 0.999827320 -0.016643347 0.004102767 0.007176065
9.806124482 0.999827217 -0.016647366 0.004118894 0.007171951
9.826264944 0.999827236 -0.016636296 0.004114675 0.007197262
9.846592710 0.999827295 -0.016633615 0.004120314 0.007192138
9.866668916 0.999826931 -0.016653872 0.004107028 0.007203373
9.886906400 0.999826902 -0.016653389 0.004099686 0.007212712
9.906986684 0.999827699 -0.016623846 0.004085495 0.007178307
9.927422302 0.999827199 -0.016650806 0.004080084 0.007188594
9.947294817 0.999827357 -0.016642391 0.004059196 0.007197960
9.967483433 0.999827427 -0.016645864 0.004057031 0.007181429
9.987659497 0.999827417 -0.016655036 0.004062193 0.007158589
10.007905186 0.999827186 -0.016659192 0.004052305 0.007186621
10.028104090 0.999827029 -0.016671433 0.004024232 0.007195956
10.048574509 0.999826977 -0.016680103 0.004011865 0.007189885
10.068539471 0.999827161 -0.016678534 0.004007460 0.007170445
10.088638005 0.999827410 -0.016666727 0.003997881 0.007168518
10.108712159 0.999827719 -0.016638110 0.004000113 0.007190551
10.128949679 0.999827620 -0.016647121 0.004003998 0.007181344
10.149218379 0.999827501 -0.016655197 0.004009284 0.007176246
10.169255783 0.999827401 -0.016656572 0.004009772 0.007186627
10.189469151 0.999827196 -0.016665211 0.004021633 0.007188619
10.209612480 0.999827283 -0.016664066 0.004013996 0.007183323
10.229835724 0.999827239 -0.016670883 0.004002206 0.007180269
10.250273541 0.999827260 -0.016664241 0.003999483 0.007194296
10.270296908 0.999827677 -0.016648178 0.004001919 0.007172113
10.290438101 0.999827497 -0.016653089 0.004010289 0.007181156
10.310586542 0.999827523 -0.016656055 0.004004279 0.007173945
10.330783902 0.999827602 -0.016650590 0.004016508 0.007168797
10.350940929 0.999827628 -0.016655406 0.004023054 0.007150368
10.371050132 0.999827383 -0.016677308 0.003999662 0.007146647
10.391400911 0.999827573 -0.016668646 0.004004107 0.007137740
10.411395085 0.999827798 -0.016657483 0.004004255 0.007132243
10.431606795 0.999828207 -0.016634451 0.004011342 0.007124654
10.451861478 0.999828573 -0.016622662 0.004005587 0.007103955
10.472045132 0.999828539 -0.016605373 0.004017597 0.007142397
10.492266795 0.999828742 -0.016599985 0.004013525 0.007128691
10.512458553 0.999828940 -0.016591566 0.004006968 0.007124183
10.532578668 0.999828998 -0.016592811 0.004006352 0.007113604
10.552688572 0.999829051 -0.016587797 0.004008298 0.007116711
10.572859712 0.999829002 -0.016605097 0.004002381 0.007086522
10.593047990 0.999828760 -0.016606902 0.003992034 0.007122091
10.613395280 0.999828908 -0.016603591 0.003984269 0.007113492
10.633392749 0.999829084 -0.016598179 0.003979814 0.007103893
10.653649583 0.999828826 -0.016611257 0.003991054 0.007103235
10.673804175 0.999828840 -0.016612093 0.004001492 0.007093408
10.693978530 0.999828925 -0.016612130 0.004001440 0.007081436
10.714129911 0.999828998 -0.016607944 0.003998673 0.007082432
10.734234420 0.999829099 -0.016602296 0.003986001 0.007088587
10.754511884 0.999829028 -0.016604456 0.003984343 0.007094461
10.774680974 0.999828981 -0.016593446 0.003986511 0.007125616
10.794816908 0.999829070 -0.016597025 0.003992924 0.007101135
10.815381349 0.999829347 -0.016582484 0.003994124 0.007095404
10.835614642 0.999829149 -0.016589927 0.003985798 0.007110552
10.855334189 0.999829060 -0.016590350 0.003991103 0.007119208
10.875854820 0.999828765 -0.016621308 0.004006079 0.007079832
10.895719195 0.999828775 -0.016616656 0.003997796 0.007094069
10.915906982 0.999828449 -0.016627935 0.004002679 0.007110729
10.936103776 0.999828175 -0.016643811 0.004001564 0.007112793
10.956344851 0.999828334 -0.016627923 0.003993969 0.007131843
10.976698119 0.999828453 -0.016635688 0.003987968 0.007100323
10.996767712 0.999828582 -0.016624906 0.003992390 0.007104945
11.016978445 0.999828898 -0.016618576 0.003986528 0.007078457
11.037084886 0.999829181 -0.016614805 0.003967433 0.007058087
11.057152866 0.999829037 -0.016619043 0.003981452 0.007060665
11.077293008 0.999829140 -0.016613254 0.003984207 0.007058105
11.097478286 0.999829344 -0.016601368 0.003972657 0.007063698
11.117651255 0.999828944 -0.016628319 0.003975351 0.007055331
11.137815574 0.999828652 -0.016640458 0.003977280 0.007067102
11.158192351 0.999828713 -0.016642432 0.003973570 0.007055821
11.178637461 0.999828962 -0.016632392 0.003979342 0.007040920
11.198350605 0.999828793 -0.016636873 0.003972052 0.007058401
11.218499604 0.999828355 -0.016664714 0.003973033 0.007054213
11.238710463 0.999828374 -0.016663772 0.003978584 0.007050628
11.259003885 0.999828645 -0.016655907 0.003976820 0.007031782
11.279106195 0.999828564 -0.016653256 0.003978659 0.007048551
11.299251527 0.999828349 -0.016661414 0.003998018 0.007048821
11.319465820 0.999827959 -0.016670829 0.004009193 0.007075519
11.339808478 0.999827926 -0.016669727 0.004005229 0.007085013
11.360308686 0.999827752 -0.016677237 0.004003155 0.007092955
11.380127485 0.999827963 -0.016667519 0.003994758 0.007090907
11.400133542 0.999828100 -0.016660654 0.003996678 0.007086585
11.420268797 0.999828087 -0.016655450 0.003981089 0.007109412
11.440522771 0.999827898 -0.016667279 0.003975531 0.007111411
11.460789251 0.999828533 -0.016637162 0.003972400 0.007094330
11.480970973 0.999828392 -0.016648682 0.003980642 0.007082598
11.501134428 0.999828618 -0.016636891 0.003993696 0.007071017
11.521225866 0.999828383 -0.016647294 0.003990223 0.007081748
11.541472459 0.999828141 -0.016659377 0.003989858 0.007087635
11.561566760 0.999828183 -0.016648541 0.003991637 0.007106218
11.581681450 0.999828010 -0.016662567 0.003992410 0.007097120
11.601916347 0.999827644 -0.016699215 0.004003220 0.007056451
11.622092142 0.999827679 -0.016699041 0.003997980 0.007054881
11.642309048 0.999827748 -0.016694430 0.003994668 0.007057821
11.662434870 0.999827754 -0.016694181 0.003981187 0.007065249
11.682593714 0.999827603 -0.016699639 0.003983739 0.007072200
11.702744518 0.999827409 -0.016718029 0.003977120 0.007059837
11.722945785 0.999827576 -0.016700974 0.003992382 0.007068006
11.743278813 0.999827696 -0.016693375 0.003989805 0.007070409
11.763292688 0.999827679 -0.016687748 0.004000584 0.007080053
11.783471472 0.999827890 -0.016679246 0.003994623 0.007073610
11.803657384 0.999828010 -0.016661193 0.003996740 0.007097961
11.824017800 0.999828321 -0.016648422 0.003985503 0.007090487
11.843987447 0.999828653 -0.016636779 0.003983553 0.007071978
11.864306774 0.999828738 -0.016630718 0.003984491 0.007073764
11.884459643 0.999828623 -0.016642027 0.003987174 0.007061812
11.904610917 0.999828680 -0.016633719 0.003974526 0.007080475
11.924774006 0.999828769 -0.016622244 0.003981860 0.007090690
11.944881834 0.999829075 -0.016605792 0.003980005 0.007087158
11.965150105 0.999829176 -0.016606640 0.003978171 0.007071987
11.985268271 0.999829185 -0.016607184 0.003980923 0.007067795
12.005589868 0.999828889 -0.016615783 0.003981889 0.007088899
12.025764283 0.999829139 -0.016597265 0.003975375 0.007100730
12.045904981 0.999828809 -0.016615273 0.003974235 0.007105723
12.065992172 0.999828625 -0.016617555 0.003980988 0.007122459
12.086140170 0.999828624 -0.016617596 0.003993199 0.007115715
12.106283950 0.999828566 -0.016612298 0.003987957 0.007139135
12.126458797 0.999828789 -0.016609426 0.003982532 0.007117574
12.146824341 0.999828839 -0.016596678 0.003983871 0.007139517
12.166903256 0.999828915 -0.016595645 0.003967339 0.007140415
12.187033534 0.999829101 -0.016585327 0.003973464 0.007134987
12.207384889 0.999828707 -0.016603444 0.003968250 0.007150963
12.227830564 0.999828741 -0.016601453 0.003971784 0.007148808
12.247564125 0.999828754 -0.016600748 0.003972025 0.007148471
12.267729973 0.999828331 -0.016621212 0.003980847 0.007155151
12.287992387 0.999828541 -0.016607452 0.003978372 0.007159199
12.308394004 0.999828686 -0.016594012 0.003976794 0.007170914
12.328345281 0.999829064 -0.016576925 0.003957150 0.007168581
12.348606475 0.999829386 -0.016559129 0.003960368 0.007163029
12.368764792 0.999829306 -0.016566092 0.003965532 0.007155218
12.388787056 0.999829316 -0.016581290 0.003956790 0.007123384
12.408978085 0.999829263 -0.016580104 0.003961790 0.007130826
12.429196668 0.999829451 -0.016570767 0.003939045 0.007138874
12.449299216 0.999829254 -0.016587984 0.003929444 0.007131736
12.469526138 0.999828924 -0.016609617 0.003924654 0.007130246
12.489744837 0.999829163 -0.016593905 0.003927168 0.007131880
12.510101799 0.999829117 -0.016598683 0.003928665 0.007126453
12.530093992 0.999828808 -0.016608668 0.003933730 0.007143643
12.550349997 0.999829252 -0.016582125 0.003941106 0.007139222
12.570383591 0.999829279 -0.016583943 0.003941662 0.007130898
12.590626169 0.999829211 -0.016586261 0.003939648 0.007136046
12.610880275 0.999828887 -0.016590780 0.003942951 0.007169120
12.631410857 0.999828673 -0.016592814 0.003953243 0.007188518
12.651197621 0.999828993 -0.016580605 0.003956005 0.007170661
12.671301464 0.999829009 -0.016574978 0.003949075 0.007185305
12.691472196 0.999828588 -0.016580126 0.003954753 0.007228652
12.711764009 0.999828129 -0.016604911 0.003953586 0.007235951
12.731830233 0.999828131 -0.016605999 0.003957298 0.007231140
12.752178855 0.999828081 -0.016605242 0.003960605 0.007238013
12.772221947 0.999828137 -0.016608114 0.003962730 0.007222423
12.792387234 0.999827731 -0.016624513 0.003961764 0.007241441
12.812518235 0.999827480 -0.016632757 0.003967987 0.007253723
12.832798322 0.999827780 -0.016628185 0.003961741 0.007226194
12.852920430 0.999827657 -0.016638396 0.003953251 0.007224434
12.873060507 0.999827506 -0.016642192 0.003950219 0.007238238
12.893256653 0.999827456 -0.016642147 0.003957493 0.007241212
12.913423558 0.999827235 -0.016658665 0.003948044 0.007238893
12.933590570 0.999827519 -0.016648058 0.003933382 0.007232076
12.953944098 0.999827667 -0.016641354 0.003950953 0.007217453
12.974231286 0.999827727 -0.016635081 0.003944059 0.007227338
12.994348179 0.999828078 -0.016618974 0.003947221 0.007214062
13.014375776 0.999828229 -0.016615563 0.003949336 0.007199875
13.034466649 0.999828231 -0.016618710 0.003947934 0.007193049
13.054736045 0.999828471 -0.016615044 0.003929780 0.007178159
13.075175693 0.999828430 -0.016606640 0.003930981 0.007202567
13.095056799 0.999828810 -0.016589128 0.003932680 0.007189226
13.115182738 0.999828577 -0.016597646 0.003938159 0.007198957
13.135358400 0.999828538 -0.016599367 0.003941056 0.007198896
13.155691751 0.999828674 -0.016589071 0.003945596 0.007201157
13.175780974 0.999828750 -0.016590477 0.003952056 0.007183825
13.195879666 0.999828736 -0.016592707 0.003955102 0.007178949
13.216067264 0.999828971 -0.016593244 0.003954265 0.007145452
13.236331331 0.999828995 -0.016586950 0.003941723 0.007163609
13.256439568 0.999828942 -0.016583984 0.003938976 0.007179387
13.276783398 0.999829130 -0.016576426 0.003934026 0.007173276
13.296826705 0.999829606 -0.016551762 0.003942302 0.007159372
13.317132309 0.999829229 -0.016575125 0.003950235 0.007153628
13.337126835 0.999828722 -0.016603543 0.003965283 0.007150228
13.357531911 0.999828456 -0.016620564 0.003968539 0.007146047
13.377487721 0.999828515 -0.016620459 0.003974487 0.007134710
13.397691786 0.999828656 -0.016609559 0.003981849 0.007136190
13.417894509 0.999828919 -0.016599420 0.003977415 0.007125490
13.438147780 0.999828717 -0.016600180 0.003966800 0.007157852
13.458678463 0.999828443 -0.016618200 0.003970147 0.007152455
13.478914385 0.999828302 -0.016637066 0.003970021 0.007128351
13.498628098 0.999828061 -0.016657504 0.003956966 0.007121628
13.518767384 0.999828176 -0.016648766 0.003959208 0.007124688
13.538984476 0.999827711 -0.016681200 0.003958521 0.007114502
13.559259336 0.999828003 -0.016676190 0.003949618 0.007090124
13.579274458 0.999828157 -0.016675652 0.003942157 0.007073741
13.599423401 0.999828071 -0.016680711 0.003953874 0.007067490
13.619633109 0.999827750 -0.016699531 0.003960114 0.007065010
13.639868698 0.999828059 -0.016683762 0.003961776 0.007057525
13.660779679 0.999827821 -0.016697298 0.003958178 0.007061266
13.680226548 0.999827451 -0.016721424 0.003958196 0.007056525
13.700286302 0.999827509 -0.016721711 0.003967485 0.007042485
13.720557733 0.999827307 -0.016724860 0.003961217 0.007067158
13.740753579 0.999827597 -0.016710601 0.003952651 0.007064597
13.761152321 0.999827227 -0.016735766 0.003964865 0.007050535
13.781040170 0.999827210 -0.016731012 0.003967901 0.007062573
13.801325184 0.999827032 -0.016738789 0.003987092 0.007058509
13.821603372 0.999826992 -0.016734380 0.004005782 0.007063953
13.841679745 0.999826877 -0.016736118 0.004012492 0.007072321
13.861789355 0.999827324 -0.016718715 0.004006387 0.007053723
13.882032746 0.999827635 -0.016714937 0.003995083 0.007024971
13.902103646 0.999827530 -0.016722720 0.003999316 0.007019044
13.922276613 0.999827651 -0.016702343 0.004013259 0.007042332
13.942869322 0.999827156 -0.016730157 0.004014687 0.007045725
13.962695372 0.999827380 -0.016718765 0.004023729 0.007035766
13.982920940 0.999827448 -0.016725941 0.004031690 0.007004476
14.003034702 0.999827497 -0.016719643 0.004032035 0.007012309
14.023174228 0.999827627 -0.016719489 0.004022886 0.006999358
14.043374651 0.999827091 -0.016741634 0.004034691 0.007016211
14.063579876 0.999826948 -0.016761787 0.004030631 0.006990739
14.083732802 0.999826902 -0.016761531 0.004024782 0.007001254
14.104190020 0.999826771 -0.016765374 0.004026834 0.007009659
14.124274343 0.999826534 -0.016780193 0.004032445 0.007004788
14.144278778 0.999826623 -0.016775773 0.004031603 0.007003139
14.164511712 0.999826585 -0.016775939 0.004047723 0.006998822
14.184714171 0.999826982 -0.016744427 0.004038596 0.007022810
14.204775831 0.999826781 -0.016743270 0.004044736 0.007050544
14.225209846 0.999827200 -0.016727022 0.004036742 0.007034286
14.245628966 0.999827532 -0.016710177 0.004023230 0.007034867
14.265353043 0.999827689 -0.016707913 0.004021885 0.007018651
14.285468333 0.999827454 -0.016720958 0.004014961 0.007025101
14.305745738 0.999827454 -0.016704745 0.004026270 0.007057075
14.326042759 0.999827376 -0.016709383 0.004028020 0.007056172
14.346091569 0.999827265 -0.016715767 0.004031627 0.007054760
14.366391243 0.999827317 -0.016713095 0.004037639 0.007050291
14.386423813 0.999827116 -0.016723843 0.004031418 0.007056804
14.406558327 0.999827574 -0.016710527 0.004035098 0.007021272
14.426976994 0.999827349 -0.016711975 0.004035902 0.007049318
14.446990661 0.999827477 -0.016697611 0.004031344 0.007067775
14.467264335 0.999827267 -0.016716604 0.004031238 0.007052665
14.487311347 0.999827021 -0.016720982 0.004042343 0.007070850
14.507428198 0.999826957 -0.016723904 0.004054902 0.007065773
14.527603147 0.999827297 -0.016705477 0.004059741 0.007058395
14.547871457 0.999827046 -0.016713193 0.004054856 0.007078485
14.567959629 0.999826980 -0.016714986 0.004049615 0.007086673
14.588154239 0.999826906 -0.016723817 0.004049534 0.007076267
14.608475932 0.999826948 -0.016721778 0.004063642 0.007067052
14.628625351 0.999826590 -0.016743853 0.004058918 0.007068154
14.648757284 0.999826767 -0.016733357 0.004062606 0.007065831
14.668957007 0.999826867 -0.016726176 0.004071504 0.007063526
14.689036704 0.999827025 -0.016718171 0.004079469 0.007055606
14.709247115 0.999827118 -0.016712311 0.004077970 0.007057083
14.729706368 0.999826800 -0.016721108 0.004090194 0.007074265
14.749717593 0.999826536 -0.016742888 0.004085995 0.007062452
14.769912485 0.999826417 -0.016752824 0.004086813 0.007055240
14.790263731 0.999826311 -0.016757363 0.004096413 0.007053896
14.810112105 0.999826301 -0.016760275 0.004107703 0.007041793
14.830270593 0.999826397 -0.016754364 0.004104835 0.007043989
14.850461794 0.999826317 -0.016754913 0.004089591 0.007062856
14.870721729 0.999826730 -0.016732405 0.004085852 0.007059949
14.890808552 0.999826692 -0.016742965 0.004083563 0.007041620
14.910935675 0.999826659 -0.016750832 0.004078182 0.007030697
14.931149686 0.999826395 -0.016769955 0.004064662 0.007030421
14.951405498 0.999826297 -0.016774399 0.004079660 0.007025074
14.971498898 0.999826382 -0.016769244 0.004084016 0.007022773
14.992006522 0.999826655 -0.016747702 0.004075180 0.007040444
15.011892572 0.999826744 -0.016751599 0.004064928 0.007024380
15.032067274 0.999826585 -0.016758460 0.004082197 0.007020673
15.052356908 0.999826954 -0.016731206 0.004075969 0.007036769
15.072410997 0.999826887 -0.016740887 0.004083342 0.007018940
15.092632779 0.999826948 -0.016745077 0.004080677 0.007001720
15.112735756 0.999826732 -0.016745682 0.004085812 0.007028054
15.132907024 0.999826555 -0.016755223 0.004086559 0.007030053
15.153097337 0.999826603 -0.016752783 0.004090249 0.007026951
15.173237319 0.999826547 -0.016756735 0.004081371 0.007030668
15.193412587 0.999826711 -0.016756841 0.004076281 0.007010073
15.213672153 0.999826373 -0.016772812 0.004077129 0.007019456
15.233798885 0.999826115 -0.016780951 0.004082013 0.007034006
15.254038484 0.999826529 -0.016763217 0.004094992 0.007009755
15.274509691 0.999826040 -0.016770847 0.004109337 0.007052822
15.294378846 0.999826236 -0.016762366 0.004109727 0.007044917
15.314531138 0.999826267 -0.016761176 0.004118164 0.007038385
15.334684198 0.999826916 -0.016726022 0.004118829 0.007029487
15.354901720 0.999826811 -0.016736941 0.004126584 0.007013879
15.375380808 0.999826877 -0.016728740 0.004121568 0.007026933
15.395602271 0.999826966 -0.016722634 0.004123692 0.007027572
15.415411363 0.999826966 -0.016727187 0.004129607 0.007013249
15.435715251 0.999827139 -0.016725188 0.004114172 0.007002465
15.455747480 0.999827149 -0.016724327 0.004123720 0.006997443
15.475997165 0.999827254 -0.016714892 0.004114856 0.007010108
15.496088461 0.999827702 -0.016692029 0.004119502 0.006998054
15.516405305 0.999827613 -0.016696262 0.004118812 0.007001030
15.536455423 0.999827689 -0.016698277 0.004108370 0.006991480
15.556857350 0.999827781 -0.016699056 0.004104260 0.006978959
15.577187119 0.999827861 -0.016689716 0.004105386 0.006989140
15.597035768 0.999827870 -0.016692304 0.004109483 0.006979203
15.617187659 0.999827762 -0.016698344 0.004116076 0.006976329
15.637417225 0.999828018 -0.016686349 0.004118090 0.006967145
15.657638055 0.999828097 -0.016674315 0.004114622 0.006986721
15.677665010 0.999827891 -0.016681198 0.004121434 0.006995758
15.697869921 0.999827877 -0.016680407 0.004122375 0.006998973
15.718153417 0.999827957 -0.016677425 0.004115983 0.006998518
15.738291644 0.999827804 -0.016690961 0.004115451 0.006988357
15.758736838 0.999827336 -0.016695996 0.004118670 0.007041134
15.778577931 0.999827091 -0.016710393 0.004117844 0.007042320
15.798802490 0.999827058 -0.016711727 0.004124341 0.007039993
15.819014033 0.999826719 -0.016727075 0.004120571 0.007053991
15.839238536 0.999826992 -0.016718033 0.004119105 0.007037489
15.859381852 0.999826717 -0.016732615 0.004132991 0.007033800
15.879582615 0.999826662 -0.016731763 0.004143296 0.007037529
15.899694594 0.999826696 -0.016736592 0.004150825 0.007016746
15.919789898 0.999826762 -0.016732969 0.004160467 0.007010274
15.940052862 0.999826860 -0.016724990 0.004150457 0.007021311
15.960964627 0.999827050 -0.016711704 0.004146914 0.007027933
15.980396571 0.999827122 -0.016714792 0.004148036 0.007009739
16.000572973 0.999827212 -0.016698539 0.004159331 0.007028868
16.020741298 0.999827121 -0.016703957 0.004145399 0.007037136
16.041020865 0.999827286 -0.016700794 0.004143718 0.007022194
16.061477175 0.999827285 -0.016687509 0.004136285 0.007058214
16.081267049 0.999827805 -0.016669483 0.004139976 0.007024937
16.101413121 0.999827795 -0.016672690 0.004148398 0.007013731
16.121625661 0.999827789 -0.016673264 0.004144268 0.007015649
16.141983767 0.999827849 -0.016663301 0.004148074 0.007028578
16.162051694 0.999827744 -0.016670472 0.004144343 0.007028690
16.182241961 0.999827988 -0.016657879 0.004137522 0.007027898
16.202289319 0.999828103 -0.016650858 0.004137824 0.007027899
16.222484260 0.999828112 -0.016644196 0.004110317 0.007058533
16.242642332 0.999828011 -0.016650822 0.004107673 0.007058709
16.262825777 0.999827895 -0.016650443 0.004107913 0.007075851
16.283203155 0.999827711 -0.016648910 0.004115301 0.007101216
16.303218061 0.999828254 -0.016621517 0.004110556 0.007091624
16.323446346 0.999828480 -0.016601683 0.004116906 0.007102476
16.344089442 0.999828078 -0.016616500 0.004114286 0.007125977
16.363715119 0.999828221 -0.016611148 0.004101414 0.007125757
16.384065108 0.999828057 -0.016623807 0.004106044 0.007116652
16.404258871 0.999827891 -0.016628227 0.004104437 0.007130439
16.424274817 0.999827726 -0.016631394 0.004120052 0.007137256
16.444402677 0.999827656 -0.016630147 0.004114833 0.007152901
16.464626702 0.999827771 -0.016636856 0.004111264 0.007123231
16.484849941 0.999827497 -0.016647567 0.004117626 0.007132978
16.505026778 0.999827532 -0.016647187 0.004121804 0.007126634
16.525463050 0.999827342 -0.016658605 0.004139081 0.007116557
16.545483559 0.999827294 -0.016652834 0.004145916 0.007132848
16.565597966 0.999827261 -0.016652728 0.004134960 0.007144039
16.585653414 0.999827277 -0.016648078 0.004140208 0.007149565
16.605975913 0.999827169 -0.016629421 0.004170982 0.007190100
16.626071312 0.999827114 -0.016638679 0.004162839 0.007180981
16.646228491 0.999827519 -0.016620065 0.004156048 0.007171737
16.666401294 0.999827078 -0.016644054 0.004172276 0.007168079
16.686595798 0.999826756 -0.016653728 0.004173094 0.007190028
16.706741921 0.999826574 -0.016665722 0.004171819 0.007188271
16.726934144 0.999826718 -0.016674718 0.004159529 0.007154403
16.747138222 0.999826622 -0.016673059 0.004157230 0.007173049
16.767470383 0.999826488 -0.016673884 0.004158017 0.007189343
16.787781684 0.999826259 -0.016691767 0.004156116 0.007180710
16.807721970 0.999826745 -0.016664149 0.004158372 0.007175869
16.827840135 0.999826721 -0.016674777 0.004182494 0.007140491
16.848035440 0.999826766 -0.016674255 0.004182866 0.007135123
16.868242890 0.999826406 -0.016695907 0.004194239 0.007128277
16.888338996 0.999826153 -0.016695455 0.004200409 0.007161208
16.908674979 0.999826309 -0.016700382 0.004199957 0.007128119
16.928694634 0.999826198 -0.016710823 0.004192073 0.007123862
16.949263703 0.999826170 -0.016703920 0.004201818 0.007138176
16.969149689 0.999826490 -0.016692171 0.004204825 0.007118981
16.989302526 0.999826570 -0.016693253 0.004198758 0.007108806
17.009829794 0.999826231 -0.016701087 0.004199900 0.007137425
17.029705893 0.999826017 -0.016711323 0.004211283 0.007136751
17.049750124 0.999826269 -0.016701119 0.004200574 0.007131609
17.069962882 0.999825919 -0.016719089 0.004196885 0.007140696
17.090156933 0.999826017 -0.016711776 0.004189599 0.007148428
17.110278056 0.999825832 -0.016730047 0.004202777 0.007123763
17.130582156 0.999825324 -0.016750754 0.004201908 0.007146896
17.150772679 0.999825167 -0.016748209 0.004198625 0.007176600
17.171048208 0.999825182 -0.016753558 0.004195786 0.007163759
17.191237678 0.999825030 -0.016753685 0.004209323 0.007176753
17.211233275 0.999824919 -0.016766009 0.004194726 0.007171923
17.231377768 0.999825016 -0.016764935 0.004197737 0.007159205
17.251584723 0.999825126 -0.016761407 0.004207023 0.007146631
17.271756461 0.999825145 -0.016754165 0.004208605 0.007159992
17.292171578 0.999825379 -0.016743170 0.004213164 0.007150332
17.312073106 0.999825096 -0.016757522 0.004214513 0.007155505
17.332389748 0.999825099 -0.016768008 0.004215945 0.007129536
17.352691784 0.999824947 -0.016773128 0.004212255 0.007141093
17.372625592 0.999825515 -0.016754368 0.004198023 0.007113949
17.393070849 0.999825543 -0.016762280 0.004205289 0.007086931
17.412950607 0.999825601 -0.016760837 0.004211275 0.007078666
17.433146076 0.999825272 -0.016774975 0.004211407 0.007091578
17.453310205 0.999824846 -0.016788936 0.004206058 0.007121634
17.473489516 0.999824909 -0.016796061 0.004205675 0.007096204
17.493660741 0.999824954 -0.016783661 0.004212295 0.007115264
17.513865011 0.999825102 -0.016786241 0.004218589 0.007084601
17.534204502 0.999825207 -0.016789630 0.004221597 0.007059861
17.554550166 0.999825210 -0.016764334 0.004233303 0.007112404
17.574745125 0.999824681 -0.016795149 0.004252692 0.007102516
17.594562445 0.999824653 -0.016801761 0.004252132 0.007091050
17.614839200 0.999824455 -0.016817788 0.004257447 0.007077863
17.634961054 0.999824748 -0.016801941 0.004245468 0.007081308
17.655139131 0.999824687 -0.016809445 0.004240409 0.007075085
17.675505671 0.999824837 -0.016802213 0.004246223 0.007067597
17.695409372 0.999824943 -0.016797752 0.004235668 0.007069453
17.715623667 0.999824762 -0.016809161 0.004251714 0.007058393
17.735834296 0.999824804 -0.016806960 0.004261025 0.007051959
17.755972972 0.999825163 -0.016793151 0.004253936 0.007038276
17.776482990 0.999825470 -0.016768510 0.004263917 0.007047436
17.796329919 0.999825707 -0.016760745 0.004262257 0.007033265
17.816514420 0.999825647 -0.016762067 0.004273032 0.007032128
17.836715726 0.999825466 -0.016787890 0.004266138 0.007000289
17.856985785 0.999826040 -0.016745161 0.004269466 0.007018666
17.877061624 0.999826256 -0.016741926 0.004269371 0.006995634
17.897290466 0.999826673 -0.016721859 0.004262332 0.006988202
17.917418231 0.999826735 -0.016710314 0.004252741 0.007012756
17.937934373 0.999826534 -0.016734550 0.004268861 0.006973824
17.957850336 0.999826582 -0.016740552 0.004263903 0.006955467
17.977955069 0.999826716 -0.016728457 0.004256430 0.006969861
17.998242021 0.999826778 -0.016738221 0.004241917 0.006946358
18.018319792 0.999826937 -0.016732854 0.004241352 0.006936818
18.038516600 0.999826774 -0.016740686 0.004234343 0.006945645
18.058797121 0.999826739 -0.016736085 0.004239342 0.006958663
18.078840252 0.999826447 -0.016765279 0.004240056 0.006929908
18.098975825 0.999826654 -0.016750990 0.004254536 0.006925639
18.119205013 0.999826734 -0.016750349 0.004257110 0.006914155
18.139361673 0.999826384 -0.016762000 0.004269609 0.006928691
18.159589725 0.999826821 -0.016743238 0.004260395 0.006916732
18.199878420 0.999826753 -0.016745135 0.004252830 0.006926673
18.220169000 0.999826772 -0.016731305 0.004241479 0.006964097
18.240312126 0.999826921 -0.016717974 0.004236691 0.006977644
18.260778322 0.999826825 -0.016732986 0.004210321 0.006971383
18.280673197 0.999826469 -0.016743870 0.004209733 0.006996695
18.300872421 0.999826006 -0.016777189 0.004215612 0.006979405
18.320997009 0.999826141 -0.016776303 0.004198985 0.006972196
18.341229391 0.999826305 -0.016769531 0.004189609 0.006970661
18.361784123 0.999826198 -0.016776970 0.004191645 0.006966804
18.381576417 0.999826165 -0.016775979 0.004189423 0.006975302
18.401629966 0.999826115 -0.016776896 0.004197104 0.006975608
18.421845581 0.999826121 -0.016782864 0.004201409 0.006957788
18.442028927 0.999826278 -0.016773455 0.004198211 0.006959859
18.462586627 0.999826182 -0.016766617 0.004208389 0.006984037
18.482372687 0.999825870 -0.016783085 0.004229954 0.006976104
18.502860087 0.999825953 -0.016776923 0.004241938 0.006971657
18.522808221 0.999826075 -0.016767182 0.004246493 0.006974819
18.563107418 0.999825917 -0.016779437 0.004232740 0.006976374
18.583233377 0.999825853 -0.016774143 0.004221364 0.007005168
18.603456928 0.999825472 -0.016791756 0.004222838 0.007016423
18.623602935 0.999825495 -0.016794302 0.004238716 0.006997516
18.644023300 0.999825258 -0.016800833 0.004239484 0.007015193
18.664168353 0.999825266 -0.016814223 0.004224473 0.006990889
18.684172055 0.999825522 -0.016801472 0.004226386 0.006983847
18.704336234 0.999825579 -0.016805638 0.004220909 0.006968998
18.724516066 0.999825672 -0.016809571 0.004215509 0.006949359
18.744739660 0.999825506 -0.016822435 0.004202631 0.006949841
18.764848257 0.999825552 -0.016821189 0.004204594 0.006945065
18.785017687 0.999825417 -0.016832503 0.004208355 0.006934874
18.805198677 0.999825163 -0.016850530 0.004222242 0.006919240
18.825618950 0.999825237 -0.016841935 0.004212941 0.006935125
18.846023241 0.999825220 -0.016842322 0.004210195 0.006938308
18.866022880 0.999825577 -0.016829214 0.004200523 0.006924484
18.886044805 0.999825483 -0.016826608 0.004204539 0.006941902
18.906190038 0.999825249 -0.016849012 0.004200854 0.006923528
18.926343160 0.999825336 -0.016844393 0.004200316 0.006922491
18.946508051 0.999825433 -0.016839578 0.004204656 0.006917596
18.966663105 0.999825279 -0.016854261 0.004205298 0.006903664
18.986849752 0.999825629 -0.016841933 0.004210941 0.006879539
19.007003060 0.999825811 -0.016832996 0.004188998 0.006888458
19.027155724 0.999825612 -0.016849287 0.004200484 0.006870474
19.047909440 0.999825431 -0.016854115 0.004211765 0.006878073
19.067550043 0.999825642 -0.016850291 0.004199930 0.006863998
19.087805125 0.999825544 -0.016862927 0.004180099 0.006859337
19.107999455 0.999825357 -0.016865274 0.004181267 0.006880116
19.128023035 0.999825377 -0.016864369 0.004185167 0.006877017
19.148226961 0.999825246 -0.016870665 0.004181710 0.006882651
19.168429958 0.999824915 -0.016887171 0.004190781 0.006884799
19.188648951 0.999824981 -0.016885851 0.004199285 0.006873291
19.209108851 0.999824699 -0.016899379 0.004191690 0.006885637
19.229060003 0.999824665 -0.016915884 0.004187346 0.006852603
19.249120764 0.999824810 -0.016904886 0.004202350 0.006849454
19.269305863 0.999824696 -0.016900507 0.004196590 0.006880339
19.289481960 0.999824559 -0.016898876 0.004202502 0.006900567
19.309743076 0.999824629 -0.016902518 0.004191329 0.006888384
19.329861043 0.999824344 -0.016914783 0.004186221 0.006902608
19.350080711 0.999824300 -0.016918719 0.004183730 0.006900845
19.370239467 0.999824381 -0.016925230 0.004176506 0.006877555
19.390387148 0.999824462 -0.016918618 0.004189348 0.006874188
19.410621508 0.999824557 -0.016918385 0.004188117 0.006861768
19.430711160 0.999824585 -0.016920806 0.004189087 0.006851065
19.450854955 0.999824309 -0.016926556 0.004185914 0.006879050
19.471010996 0.999824513 -0.016913763 0.004192897 0.006876656
19.491513980 0.999824950 -0.016899578 0.004186223 0.006852012
19.511503714 0.999824945 -0.016902039 0.004185333 0.006847200
19.531871338 0.999825299 -0.016880514 0.004180293 0.006851604
19.551906771 0.999825110 -0.016886996 0.004175261 0.006866224
19.571982426 0.999825417 -0.016873958 0.004171071 0.006856123
19.592168591 0.999825365 -0.016875750 0.004159176 0.006866645
19.612432014 0.999825825 -0.016866161 0.004149703 0.006828833
19.632438297 0.999825798 -0.016864667 0.004156469 0.006832241
19.652848781 0.999826048 -0.016841556 0.004159455 0.006850854
19.672835474 0.999826176 -0.016840976 0.004146332 0.006841608
19.692984282 0.999825938 -0.016852113 0.004147233 0.006848410
19.713184018 0.999826162 -0.016829629 0.004156048 0.006865610
19.733343039 0.999825768 -0.016855073 0.004141698 0.006869263
19.753670205 0.999825699 -0.016865797 0.004135910 0.006856384
19.773777904 0.999825571 -0.016865728 0.004116874 0.006886635
19.794113645 0.999825405 -0.016883080 0.004098513 0.006879266
19.814119741 0.999825464 -0.016879486 0.004101234 0.006877875
19.834273655 0.999825410 -0.016876673 0.004107240 0.006888920
19.854483078 0.999825424 -0.016880909 0.004093256 0.006884946
19.874834173 0.999825681 -0.016872010 0.004092182 0.006869932
19.894771384 0.999825480 -0.016869207 0.004099725 0.006901554
19.914952755 0.999825396 -0.016878642 0.004104246 0.006887909
19.935134689 0.999825847 -0.016854348 0.004086466 0.006892490
19.955391998 0.999825566 -0.016867883 0.004078287 0.006905073
19.975801352 0.999825179 -0.016877906 0.004085156 0.006932485
19.995851873 0.999824880 -0.016894383 0.004104643 0.006924020
20.015803867 0.999825108 -0.016881074 0.004108768 0.006921009
20.036015891 0.999825216 -0.016875836 0.004094689 0.006926621
20.056229026 0.999825502 -0.016855976 0.004098974 0.006931070
20.076332926 0.999826092 -0.016824596 0.004081164 0.006932727
20.096562201 0.999825956 -0.016826993 0.004085694 0.006943896
20.116748668 0.999826001 -0.016844297 0.004087699 0.006894044
20.136910392 0.999826014 -0.016832961 0.004080325 0.006924197
20.157373235 0.999825674 -0.016852198 0.004073514 0.006930536
20.177526736 0.999825925 -0.016853469 0.004073258 0.006891169
20.197559993 0.999825741 -0.016864797 0.004075965 0.006888566
20.217726700 0.999825631 -0.016869229 0.004090754 0.006884960
20.237863669 0.999825752 -0.016865775 0.004097518 0.006871812
20.258178115 0.999825309 -0.016892048 0.004093741 0.006874016
20.278159626 0.999825194 -0.016894058 0.004094566 0.006885250
20.298373658 0.999825252 -0.016894787 0.004092059 0.006876562
20.318471306 0.999825054 -0.016908893 0.004100643 0.006865455
20.338833725 0.999825483 -0.016892563 0.004082779 0.006853900
20.359271731 0.999825765 -0.016882060 0.004091067 0.006833656
20.379115364 0.999825426 -0.016898324 0.004096098 0.006840057
20.399511323 0.999825185 -0.016908235 0.004084633 0.006857564
20.419499578 0.999824888 -0.016922976 0.004088772 0.006862087
20.439621900 0.999824656 -0.016929807 0.004104198 0.006869827
20.459908161 0.999824366 -0.016951667 0.004120231 0.006848421
20.479920801 0.999824304 -0.016955995 0.004101534 0.006857975
20.500113128 0.999824300 -0.016968048 0.004095727 0.006832270
20.520260004 0.999824100 -0.016983228 0.004078817 0.006833855
20.540554454 0.999823821 -0.016998065 0.004077845 0.006838378
20.561200423 0.999823828 -0.016992278 0.004071004 0.006855847
20.580980881 0.999823864 -0.016992789 0.004064257 0.006853322
20.601018857 0.999823748 -0.017001162 0.004066138 0.006848288
20.621202065 0.999823437 -0.017026367 0.004075100 0.006825813
20.641548351 0.999823707 -0.017018069 0.004088436 0.006798942
20.661531992 0.999823329 -0.017031743 0.004097607 0.006814642
20.681775056 0.999823158 -0.017038363 0.004094450 0.006825121
20.701879319 0.999823511 -0.017017566 0.004093360 0.006825935
20.722040271 0.999823657 -0.017007757 0.004099599 0.006825279
20.742344827 0.999823775 -0.016997727 0.004092128 0.006837463
20.762461466 0.999823866 -0.016997189 0.004086932 0.006828567
20.782655753 0.999823829 -0.016991493 0.004099884 0.006840346
20.802750544 0.999823736 -0.016994486 0.004108975 0.006841116
20.822975042 0.999823950 -0.017001337 0.004100405 0.006797745
20.843254217 0.999824171 -0.016995604 0.004095081 0.006782797
20.863347380 0.999824057 -0.016985290 0.004109675 0.006816533
20.883440132 0.999824447 -0.016972684 0.004085899 0.006805016
20.903738760 0.999824455 -0.016960393 0.004078302 0.006838984
20.923882558 0.999824491 -0.016953912 0.004081850 0.006847692
20.944308046 0.999824754 -0.016947660 0.004078974 0.006826481
20.964305412 0.999824801 -0.016939599 0.004082316 0.006837486
20.984371009 0.999824823 -0.016933408 0.004081194 0.006850252
21.004561567 0.999824990 -0.016932177 0.004081327 0.006828924
21.024882637 0.999825008 -0.016927171 0.004086885 0.006835376
21.044854436 0.999824705 -0.016949624 0.004081361 0.006827327
21.065206327 0.999824567 -0.016967303 0.004089383 0.006798742
21.085256865 0.999824526 -0.016963517 0.004085888 0.006816231
21.105627889 0.999824203 -0.016970398 0.004073393 0.006853896
21.125707878 0.999824007 -0.016987809 0.004077393 0.006836926
21.145835446 0.999824012 -0.016995837 0.004067204 0.006822357
21.166111457 0.999824346 -0.016971859 0.004068712 0.006832160
21.186256232 0.999824857 -0.016940221 0.004057735 0.006842470
21.206366104 0.999824872 -0.016946052 0.004050737 0.006830015
21.226447977 0.999824859 -0.016934669 0.004035122 0.006869147
21.246743232 0.999824761 -0.016939405 0.004031483 0.006873926
21.266875885 0.999825078 -0.016928317 0.004033741 0.006853832
21.287008055 0.999825163 -0.016924370 0.004036931 0.006849289
21.307247884 0.999824940 -0.016938996 0.004045130 0.006840879
21.327753684 0.999824894 -0.016934429 0.004048393 0.006856839
21.347631955 0.999824791 -0.016928724 0.004049535 0.006885308
21.367716459 0.999824948 -0.016922138 0.004049358 0.006878824
21.388067448 0.999825121 -0.016919435 0.004063435 0.006851836
21.408116508 0.999825289 -0.016909174 0.004071194 0.006848169
21.428267997 0.999825174 -0.016911636 0.004078881 0.006854185
21.448777915 0.999825086 -0.016911491 0.004070126 0.006872644
21.468865601 0.999825045 -0.016918858 0.004069067 0.006861116
21.488965487 0.999825368 -0.016895379 0.004056136 0.006879538
21.509402825 0.999825472 -0.016893078 0.004066435 0.006863924
21.529299350 0.999825604 -0.016887802 0.004076171 0.006851916
21.549603202 0.999826196 -0.016851336 0.004088360 0.006847992
21.569805561 0.999826192 -0.016854728 0.004088775 0.006840058
21.589630168 0.999826211 -0.016853477 0.004085368 0.006842400
21.609915460 0.999826244 -0.016842432 0.004096697 0.006857962
21.630071778 0.999826278 -0.016837414 0.004093313 0.006867381
21.650250733 0.999826356 -0.016839874 0.004111685 0.006838946
21.670455750 0.999826517 -0.016840395 0.004107122 0.006816745
21.690581202 0.999826501 -0.016841073 0.004102200 0.006820488
21.710894297 0.999826626 -0.016830568 0.004116037 0.006819756
21.731069385 0.999826862 -0.016820363 0.004118474 0.006808794
21.751158913 0.999827042 -0.016828507 0.004107622 0.006768626
21.771267137 0.999827148 -0.016814567 0.004102045 0.006791012
21.791714868 0.999826975 -0.016824884 0.004100878 0.006791573
21.811593193 0.999826903 -0.016830702 0.004101102 0.006787711
21.831786378 0.999826923 -0.016838033 0.004085004 0.006776236
21.852052035 0.999827127 -0.016829252 0.004089019 0.006765466
21.872246503 0.999827284 -0.016806105 0.004098173 0.006794249
21.892588366 0.999827235 -0.016811846 0.004086776 0.006794161
21.912855585 0.999827357 -0.016804372 0.004077562 0.006800270
21.932733169 0.999827279 -0.016810656 0.004071553 0.006799797
21.952858864 0.999827572 -0.016806204 0.004060729 0.006774153
21.973491940 0.999827406 -0.016808219 0.004073023 0.006786147
21.993211707 0.999827141 -0.016819172 0.004070434 0.006799665
22.013369520 0.999826886 -0.016844797 0.004078025 0.006769104
22.033572183 0.999826925 -0.016836542 0.004079226 0.006783186
22.053752132 0.999826776 -0.016845976 0.004088919 0.006775791
22.073970986 0.999826766 -0.016848788 0.004096747 0.006765504
22.094407660 0.999826450 -0.016862284 0.004095949 0.006779120
22.114469390 0.999826387 -0.016876910 0.004092238 0.006754229
22.134572124 0.999826881 -0.016856719 0.004074772 0.006742012
22.154649734 0.999826862 -0.016859446 0.004065306 0.006743838
22.174966630 0.999827050 -0.016852028 0.004069922 0.006731689
22.195025319 0.999827019 -0.016842461 0.004087914 0.006749231
22.215196993 0.999827243 -0.016835092 0.004082252 0.006737942
22.235301914 0.999827259 -0.016840663 0.004070876 0.006728397
22.255655500 0.999827280 -0.016835089 0.004076167 0.006736035
22.275723293 0.999827454 -0.016821368 0.004083504 0.006740153
22.296157025 0.999827686 -0.016807365 0.004074352 0.006746217
22.316208505 0.999827981 -0.016801379 0.004059664 0.006726119
22.336357790 0.999827771 -0.016815089 0.004057941 0.006724203
22.356572758 0.999827711 -0.016818623 0.004055449 0.006725733
22.376636653 0.999827487 -0.016817039 0.004056952 0.006762043
22.396787616 0.999827284 -0.016827770 0.004065808 0.006759950
22.416969268 0.999827730 -0.016819826 0.004045008 0.006726149
22.437153312 0.999827486 -0.016830564 0.004030573 0.006744303
22.457328507 0.999827355 -0.016839475 0.004033272 0.006739766
22.477850529 0.999827272 -0.016835662 0.004013369 0.006773394
22.497803032 0.999826959 -0.016847539 0.004017972 0.006787337
22.518033703 0.999827180 -0.016835307 0.004015659 0.006786510
22.538095359 0.999827102 -0.016839370 0.004020537 0.006784986
22.558471686 0.999826683 -0.016857366 0.004003845 0.006811995
22.578350043 0.999826680 -0.016854656 0.003992121 0.006826004
22.598616481 0.999826786 -0.016856979 0.003982468 0.006810375
22.618771671 0.999826984 -0.016849392 0.003979114 0.006801959
22.638891268 0.999826917 -0.016842748 0.003997349 0.006817530
22.659323097 0.999826495 -0.016871249 0.003993226 0.006811411
22.679452842 0.999825716 -0.016899670 0.004000063 0.006851180
22.699420813 0.999825722 -0.016892184 0.004000648 0.006868308
22.719835317 0.999825346 -0.016920851 0.004004045 0.006850581
22.739869321 0.999825256 -0.016921317 0.003999829 0.006864929
22.760299390 0.999824862 -0.016927307 0.004000162 0.006907242
22.780184458 0.999824932 -0.016927230 0.003986666 0.006905152
22.800335483 0.999825143 -0.016930751 0.003979056 0.006870202
22.820480877 0.999825042 -0.016940666 0.003965392 0.006868336
22.840666481 0.999824826 -0.016953614 0.003959894 0.006871129
22.860901617 0.999824858 -0.016956408 0.003946685 0.006867179
22.881167800 0.999824775 -0.016959530 0.003947208 0.006871218
22.901319278 0.999824231 -0.016990749 0.003951162 0.006870985
22.921544586 0.999824278 -0.016979242 0.003956385 0.006889548
22.941554056 0.999824677 -0.016971709 0.003942462 0.006858140
22.961733344 0.999824710 -0.016963844 0.003947033 0.006870040
22.981943067 0.999824696 -0.016971403 0.003945369 0.006854464
23.002071053 0.999824970 -0.016948007 0.003948672 0.006870358
23.022247044 0.999825141 -0.016943207 0.003953925 0.006854244
23.042685407 0.999824714 -0.016963310 0.003962530 0.006861940
23.062765050 0.999824966 -0.016958003 0.003958814 0.006840456
23.082868684 0.999825049 -0.016956530 0.003956768 0.006833175
23.103365481 0.999825275 -0.016943516 0.003967082 0.006826318
23.123296247 0.999824813 -0.016972765 0.003971377 0.006818913
23.143308970 0.999824778 -0.016972667 0.003969720 0.006825170
23.163510152 0.999825066 -0.016956816 0.003962599 0.006826596
23.183726669 0.999824958 -0.016964756 0.003966205 0.006820462
23.203938617 0.999825066 -0.016968905 0.003948430 0.006804673
23.224096717 0.999824879 -0.016975503 0.003942669 0.006819032
23.244247604 0.999824899 -0.016965196 0.003939167 0.006843696
23.264418667 0.999825141 -0.016957454 0.003930504 0.006832501
23.284668608 0.999824616 -0.016982407 0.003923265 0.006851528
23.304865151 0.999824623 -0.016983536 0.003928028 0.006844928
23.324957955 0.999824257 -0.017012800 0.003911791 0.006835076
23.345262688 0.999824148 -0.017013036 0.003919646 0.006845949
23.365435619 0.999824224 -0.017001258 0.003917618 0.006865169
23.385407904 0.999824246 -0.017001820 0.003907539 0.006866260
23.405606819 0.999824375 -0.016995303 0.003924124 0.006854184
23.425863727 0.999824698 -0.016968374 0.003930668 0.006870068
23.446200451 0.999824688 -0.016975348 0.003938777 0.006849583
23.466266371 0.999825040 -0.016958666 0.003935704 0.006841307
23.486352646 0.999824888 -0.016954832 0.003923670 0.006879769
23.506526514 0.999825220 -0.016946411 0.003921915 0.006853235
23.526679803 0.999825302 -0.016942530 0.003918056 0.006853099
23.546895652 0.999825561 -0.016931134 0.003921120 0.006841749
23.567104726 0.999825962 -0.016900670 0.003925807 0.006855684
23.587351315 0.999825954 -0.016901834 0.003931492 0.006850722
23.607371924 0.999825868 -0.016902831 0.003925538 0.006864323
23.627806752 0.999825692 -0.016901210 0.003932478 0.006889904
23.648208181 0.999825896 -0.016894569 0.003944820 0.006869478
23.668043834 0.999826145 -0.016876608 0.003955054 0.006871506
23.688288005 0.999825964 -0.016890394 0.003946486 0.006868874
23.708284828 0.999825964 -0.016892367 0.003943412 0.006865749
23.728493865 0.999826278 -0.016873827 0.003947731 0.006863153
23.748701927 0.999826191 -0.016875602 0.003952547 0.006868640
23.768863533 0.999826136 -0.016870847 0.003959495 0.006884370
23.789026283 0.999825642 -0.016896588 0.003990046 0.006875371
23.809336712 0.999825495 -0.016900343 0.003980565 0.006893035
23.829351957 0.999825517 -0.016909125 0.003969933 0.006874401
23.849864755 0.999825200 -0.016921461 0.003971116 0.006889423
23.869855895 0.999825554 -0.016907220 0.003972932 0.006871881
23.890022001 0.999825571 -0.016915739 0.003963637 0.006853766
23.910131625 0.999825662 -0.016913349 0.003952881 0.006852620
23.930257260 0.999825632 -0.016913059 0.003948272 0.006860402
23.950433975 0.999825299 -0.016927552 0.003934455 0.006881077
23.970646017 0.999825124 -0.016936511 0.003953157 0.006873759
23.990816830 0.999825007 -0.016937286 0.003953973 0.006888356
24.010986323 0.999825367 -0.016924166 0.003954254 0.006868220
24.031187009 0.999825628 -0.016912438 0.003925094 0.006875835
24.051740960 0.999825484 -0.016918069 0.003929985 0.006880083
24.071522104 0.999825452 -0.016929128 0.003938125 0.006852820
24.091681401 0.999825445 -0.016921411 0.003935972 0.006874121
24.111962473 0.999825044 -0.016935263 0.003926918 0.006903500
24.132008461 0.999825218 -0.016925181 0.003930371 0.006900956
24.152248593 0.999824906 -0.016951519 0.003924539 0.006884899
24.172392057 0.999824616 -0.016960497 0.003916516 0.006909414
24.192717046 0.999824606 -0.016962178 0.003912635 0.006908978
24.212736454 0.999824417 -0.016982948 0.003912656 0.006885229
24.232914935 0.999824197 -0.016988911 0.003913381 0.006902005
24.253243953 0.999824252 -0.016992270 0.003905801 0.006890045
24.273776306 0.999824244 -0.016999781 0.003891400 0.006880776
24.293411636 0.999823722 -0.017021789 0.003896056 0.006899598
24.313645212 0.999823827 -0.017013413 0.003886785 0.006910228
24.333881487 0.999823813 -0.017009641 0.003903862 0.006911907
24.354109673 0.999824101 -0.017008603 0.003891834 0.006879544
24.374237179 0.999824178 -0.016991049 0.003893968 0.006910520
24.394298989 0.999824145 -0.016993772 0.003885432 0.006913348
24.414584869 0.999824117 -0.016990602 0.003905195 0.006914049
24.434790540 0.999824342 -0.016980845 0.003893818 0.006911934
24.454938006 0.999824583 -0.016973258 0.003904932 0.006889323
24.475437529 0.999824837 -0.016958308 0.003894265 0.006895352
24.495216098 0.999825029 -0.016945242 0.003909467 0.006891066
24.515358110 0.999824980 -0.016948407 0.003919911 0.006884453
24.535613929 0.999824986 -0.016947479 0.003928044 0.006881175
24.555772852 0.999824865 -0.016956644 0.003928914 0.006875719
24.575957420 0.999825095 -0.016941172 0.003920522 0.006885169
24.596073191 0.999825107 -0.016941054 0.003926061 0.006880620
24.616269897 0.999824815 -0.016958851 0.003925914 0.006879209
24.636642150 0.999824758 -0.016966050 0.003931164 0.006866693
24.656772022 0.999824198 -0.016992418 0.003938237 0.006878961
24.676917749 0.999824564 -0.016975992 0.003915292 0.006879449
24.696976968 0.999824623 -0.016979697 0.003903934 0.006868173
24.717138719 0.999824759 -0.016974606 0.003898594 0.006863999
24.737351127 0.999824802 -0.016976402 0.003893901 0.006855960
24.757728244 0.999825118 -0.016952613 0.003890471 0.006870678
24.777688191 0.999825238 -0.016948474 0.003888919 0.006864340
24.797880123 0.999824942 -0.016964945 0.003884229 0.006869372
24.818055082 0.999824987 -0.016972176 0.003881407 0.006846521
24.838351554 0.999824816 -0.016975757 0.003881554 0.006862489
24.858841251 0.999825211 -0.016950724 0.003878669 0.006868573
24.878598991 0.999824974 -0.016964570 0.003879098 0.006868589
24.898748854 0.999824975 -0.016969138 0.003880351 0.006856408
24.918951997 0.999824646 -0.016987973 0.003878442 0.006858843
24.939140718 0.999824980 -0.016970939 0.003864811 0.006860086
24.959440721 0.999824905 -0.016969882 0.003871195 0.006869921
24.979507616 0.999825078 -0.016956883 0.003862149 0.006881968
24.999694993 0.999824810 -0.016978513 0.003854495 0.006871866
25.019875331 0.999824642 -0.016996562 0.003848886 0.006854773
25.040017629 0.999824575 -0.016999877 0.003836035 0.006863522
25.060286723 0.999824403 -0.017008376 0.003849000 0.006860349
25.080355178 0.999824012 -0.017022763 0.003850492 0.006880762
25.100495664 0.999824169 -0.017018895 0.003852656 0.006866314
25.120786406 0.999824170 -0.017019525 0.003859765 0.006860528
25.140931570 0.999824500 -0.017015343 0.003859858 0.006822708
25.161231628 0.999824479 -0.017008397 0.003857352 0.006844497
25.181307244 0.999824215 -0.017022486 0.003860598 0.006846202
25.201449908 0.999823873 -0.017032749 0.003864315 0.006868375
25.221834849 0.999823842 -0.017051504 0.003855469 0.006831264
25.242117986 0.999824156 -0.017032767 0.003860322 0.006829272
25.262055107 0.999824853 -0.016997705 0.003865211 0.006811828
25.282397968 0.999824911 -0.016999411 0.003857023 0.006803734
25.302295569 0.999824930 -0.016998494 0.003854525 0.006804719
25.322561934 0.999825079 -0.016988003 0.003845323 0.006814209
25.342747774 0.999825171 -0.016981913 0.003841094 0.006818227
25.362980847 0.999824666 -0.017010535 0.003828949 0.006827761
25.383068671 0.999824691 -0.017006428 0.003828083 0.006834747
25.403216086 0.999824621 -0.017007812 0.003835040 0.006837713
25.423404791 0.999824846 -0.016990738 0.003832724 0.006848527
25.443580592 0.999825047 -0.016976824 0.003824313 0.006858440
25.463975444 0.999825265 -0.016957484 0.003828456 0.006872180
25.483915927 0.999825216 -0.016961264 0.003836112 0.006865650
25.504126518 0.999825288 -0.016957974 0.003834407 0.006864204
25.524319100 0.999825440 -0.016956398 0.003822178 0.006852842
25.544468104 0.999825450 -0.016947839 0.003826893 0.006869924
25.564658441 0.999825033 -0.016961439 0.003817915 0.006901891
25.584774583 0.999824890 -0.016968015 0.003818397 0.006906213
25.605337538 0.999825011 -0.016964125 0.003814559 0.006900363
25.625171350 0.999825070 -0.016963291 0.003811170 0.006895714
25.645492647 0.999825405 -0.016961648 0.003800162 0.006857187
25.665615231 0.999825115 -0.016971030 0.003819329 0.006865647
25.685677824 0.999824939 -0.016981322 0.003818480 0.006866182
25.705910874 0.999824783 -0.016984885 0.003818989 0.006879872
25.726052615 0.999824720 -0.016989947 0.003835653 0.006867285
25.746261239 0.999824868 -0.016985498 0.003829667 0.006859980
25.766377367 0.999824816 -0.016986804 0.003824236 0.006867408
25.786577602 0.999824672 -0.016995406 0.003818238 0.006870447
25.806782774 0.999824370 -0.017009382 0.003818096 0.006879895
25.827110003 0.999824170 -0.017024374 0.003828171 0.006866195
25.847065786 0.999823939 -0.017028155 0.003837127 0.006885383
25.867286793 0.999823812 -0.017035697 0.003841537 0.006882774
25.887454017 0.999823747 -0.017041536 0.003842409 0.006877202
25.907726410 0.999823749 -0.017040296 0.003836800 0.006883239
25.927865438 0.999824150 -0.017022389 0.003833081 0.006871370
25.947994874 0.999823905 -0.017029727 0.003831990 0.006889319
25.968155511 0.999824031 -0.017023896 0.003825605 0.006888969
25.988419427 0.999824346 -0.017008846 0.003838620 0.006873219
26.008854805 0.999824432 -0.017005354 0.003840183 0.006868431
26.028740023 0.999823984 -0.017025219 0.003844436 0.006882098
26.048871695 0.999823949 -0.017033942 0.003845017 0.006865240
26.069070238 0.999823510 -0.017051236 0.003858791 0.006878464
26.089266979 0.999823492 -0.017038778 0.003873896 0.006903469
26.109378186 0.999824038 -0.017019992 0.003871444 0.006872057
26.129553100 0.999823973 -0.017016752 0.003868484 0.006891190
26.149744978 0.999824103 -0.017005762 0.003852567 0.006908291
26.169949820 0.999824107 -0.017019809 0.003837098 0.006881756
26.190123606 0.999824192 -0.017005176 0.003822032 0.006913846
26.210293861 0.999824250 -0.017009581 0.003818375 0.006896662
26.230540097 0.999823570 -0.017043481 0.003827971 0.006906184
26.250642677 0.999823525 -0.017037650 0.003838705 0.006921109
26.270806190 0.999823574 -0.017037996 0.003834562 0.006915519
26.291120901 0.999823562 -0.017047682 0.003838183 0.006891247
26.311193177 0.999823516 -0.017044467 0.003846248 0.006901354
26.331327510 0.999823765 -0.017037818 0.003845924 0.006881906
26.351661449 0.999823712 -0.017045132 0.003857048 0.006865253
26.371830751 0.999823331 -0.017061330 0.003867007 0.006874893
26.392009284 0.999823183 -0.017075511 0.003869171 0.006860021
26.412252609 0.999823182 -0.017067848 0.003887079 0.006869102
26.432318487 0.999823329 -0.017067044 0.003885074 0.006850770
26.452560430 0.999823199 -0.017085026 0.003885290 0.006824778
26.472667410 0.999823316 -0.017078090 0.003883180 0.006826182
26.492872046 0.999823121 -0.017076927 0.003878221 0.006860341
26.513017606 0.999823329 -0.017053830 0.003879954 0.006886491
26.533157777 0.999823381 -0.017057303 0.003880268 0.006870081
26.553440037 0.999823814 -0.017035730 0.003876936 0.006862581
26.573489647 0.999824165 -0.017018040 0.003868031 0.006860370
26.593651648 0.999824151 -0.017015732 0.003865322 0.006869629
26.613894526 0.999824299 -0.017008543 0.003860809 0.006868329
26.634030635 0.999824415 -0.017000032 0.003860827 0.006872502
26.654212341 0.999824395 -0.017003721 0.003861997 0.006865656
26.674402891 0.999824892 -0.016984712 0.003864925 0.006838607
26.694588647 0.999824772 -0.016977268 0.003862509 0.006875984
26.714822999 0.999824439 -0.017005597 0.003858039 0.006856848
26.734886290 0.999824200 -0.017022863 0.003855006 0.006850515
26.755309495 0.999824371 -0.017003688 0.003847447 0.006877378
26.775451066 0.999824294 -0.017013596 0.003848086 0.006863787
26.795426414 0.999824517 -0.017001021 0.003862815 0.006854122
26.815783914 0.999825196 -0.016966017 0.003846288 0.006851054
26.835944261 0.999825210 -0.016960936 0.003856217 0.006856024
26.856042662 0.999825259 -0.016955322 0.003854817 0.006863578
26.876169120 0.999825457 -0.016952198 0.003853193 0.006843374
26.896309467 0.999825284 -0.016960976 0.003846941 0.006850385
26.916513424 0.999825159 -0.016965871 0.003852025 0.006853633
26.936685074 0.999825364 -0.016954842 0.003848746 0.006852834
26.957044596 0.999825291 -0.016952796 0.003845597 0.006870336
26.977221833 0.999825524 -0.016943003 0.003850474 0.006857821
26.997294798 0.999825044 -0.016968741 0.003843687 0.006867993
27.017461168 0.999824889 -0.016969819 0.003842358 0.006888667
27.037520645 0.999824996 -0.016964163 0.003849341 0.006883156
27.057796018 0.999825003 -0.016961257 0.003863180 0.006881537
27.077941112 0.999825249 -0.016946119 0.003864234 0.006882493
27.098159503 0.999825762 -0.016925643 0.003856341 0.006862646
27.118229542 0.999825739 -0.016926643 0.003861174 0.006860862
27.138422211 0.999825967 -0.016922301 0.003857632 0.006840299
27.158914390 0.999825949 -0.016920856 0.003860343 0.006845038
27.179256939 0.999826676 -0.016878782 0.003878443 0.006832516
27.199048838 0.999826723 -0.016878819 0.003881660 0.006823591
27.219187993 0.999826893 -0.016851695 0.003872537 0.006870866
27.239320493 0.999826846 -0.016858857 0.003864818 0.006864452
27.259742317 0.999826960 -0.016851990 0.003869229 0.006862247
27.279706022 0.999827047 -0.016852130 0.003869290 0.006849096
27.299927329 0.999827137 -0.016850786 0.003856900 0.006846209
27.320038212 0.999827401 -0.016839872 0.003850148 0.006838367
27.340230552 0.999827404 -0.016840600 0.003833196 0.006845613
27.360477036 0.999827593 -0.016836460 0.003829406 0.006830329
27.380625256 0.999826872 -0.016864586 0.003832856 0.006864461
27.400789940 0.999826709 -0.016869622 0.003844905 0.006869107
27.421098157 0.999826620 -0.016877008 0.003848123 0.006862045
27.441130057 0.999826636 -0.016870877 0.003849670 0.006873990
27.461393023 0.999826551 -0.016866510 0.003873833 0.006883433
27.481476991 0.999826728 -0.016858508 0.003865262 0.006882125
27.501640865 0.999826855 -0.016857067 0.003871718 0.006863586
27.521856039 0.999827082 -0.016830352 0.003881983 0.006890260
27.542194477 0.999826907 -0.016843244 0.003887409 0.006881036
27.562474581 0.999827003 -0.016825985 0.003884685 0.006910835
27.582747588 0.999827327 -0.016804453 0.003884123 0.006916633
27.602527600 0.999827224 -0.016819772 0.003901892 0.006884252
27.622722770 0.999827186 -0.016815721 0.003916978 0.006891125
27.642906990 0.999827132 -0.016817950 0.003922070 0.006890543
27.663103938 0.999827519 -0.016802311 0.003912766 0.006877841
27.683268536 0.999827215 -0.016819507 0.003911218 0.006880838
27.703428063 0.999827074 -0.016824902 0.003891285 0.006899537
27.723632036 0.999826840 -0.016837286 0.003908170 0.006893683
27.743863594 0.999827105 -0.016821336 0.003894108 0.006902088
27.764016345 0.999826858 -0.016828343 0.003892365 0.006921723
27.784300938 0.999826639 -0.016851921 0.003883816 0.006900827
27.804342675 0.999826498 -0.016854899 0.003898751 0.006905489
27.824591760 0.999826644 -0.016842607 0.003875381 0.006927465
27.845022854 0.999826833 -0.016835324 0.003878500 0.006916171
27.864849414 0.999826886 -0.016820997 0.003873238 0.006946222
27.885238339 0.999826561 -0.016843206 0.003860028 0.006946594
27.905343725 0.999826497 -0.016848950 0.003853171 0.006945640
27.925475481 0.999826672 -0.016849062 0.003853115 0.006920216
27.945753423 0.999826312 -0.016870420 0.003857641 0.006917671
27.965761489 0.999826401 -0.016864494 0.003862898 0.006916326
27.985932784 0.999826404 -0.016863336 0.003860438 0.006920028
28.006125900 0.999825987 -0.016876009 0.003868714 0.006944707
28.026467475 0.999825809 -0.016896428 0.003877416 0.006915840
28.046508792 0.999825332 -0.016919094 0.003885931 0.006924487
28.066762152 0.999825070 -0.016920820 0.003885687 0.006958223
28.086993444 0.999825134 -0.016921181 0.003881902 0.006950204
28.107012385 0.999825846 -0.016890174 0.003875840 0.006926655
28.127123988 0.999825642 -0.016892643 0.003866670 0.006955059
28.147285398 0.999825580 -0.016896340 0.003867835 0.006954378
28.167538567 0.999826430 -0.016863798 0.003859388 0.006915675
28.187683630 0.999826181 -0.016871876 0.003868357 0.006927010
28.207981522 0.999826375 -0.016857943 0.003871149 0.006931379
28.228054491 0.999826395 -0.016852349 0.003880706 0.006936762
28.248269945 0.999826152 -0.016850147 0.003874956 0.006980167
28.268345170 0.999826608 -0.016826811 0.003869474 0.006974267
28.288575011 0.999826737 -0.016823224 0.003856712 0.006971379
28.308875979 0.999826750 -0.016815774 0.003863035 0.006984072
28.328882554 0.999826931 -0.016807565 0.003859909 0.006979560
28.349085007 0.999826750 -0.016813013 0.003860931 0.006991787
28.369262286 0.999826842 -0.016815110 0.003863149 0.006972394
28.389400304 0.999827016 -0.016813208 0.003848135 0.006960307
28.409693859 0.999827052 -0.016817741 0.003847521 0.006944551
28.429842393 0.999827376 -0.016804651 0.003849842 0.006928286
28.450001377 0.999827211 -0.016806345 0.003844995 0.006950601
28.470248566 0.999827304 -0.016807989 0.003844388 0.006933626
28.490294171 0.999827549 -0.016797832 0.003855598 0.006916597
28.510492697 0.999827977 -0.016772811 0.003856321 0.006915122
28.530723379 0.999827642 -0.016777057 0.003853480 0.006954655
28.550892425 0.999827509 -0.016792749 0.003871089 0.006926095
28.571031286 0.999827369 -0.016813218 0.003863643 0.006900734
28.591442271 0.999827442 -0.016804495 0.003852803 0.006917506
28.611669828 0.999827239 -0.016816331 0.003858865 0.006914662
28.631902379 0.999827279 -0.016812781 0.003845530 0.006924962
28.651718601 0.999826890 -0.016820123 0.003861603 0.006954193
28.672178914 0.999826815 -0.016822464 0.003871263 0.006954027
28.692193749 0.999826757 -0.016825761 0.003875109 0.006952242
28.712254490 0.999826528 -0.016840243 0.003884875 0.006944562
28.732461756 0.999826322 -0.016853031 0.003885095 0.006943155
28.752739635 0.999826252 -0.016862812 0.003883093 0.006930600
28.772847838 0.999826326 -0.016852904 0.003874319 0.006948912
28.793186268 0.999826188 -0.016862693 0.003876285 0.006943941
28.813398258 0.999825983 -0.016868284 0.003885064 0.006954958
28.833314538 0.999826134 -0.016860545 0.003877419 0.006956272
28.853787823 0.999826150 -0.016854092 0.003879926 0.006968212
28.873884860 0.999826128 -0.016853031 0.003876891 0.006975654
28.893939055 0.999826076 -0.016848691 0.003874039 0.006995099
28.914128884 0.999825853 -0.016855824 0.003885568 0.007003407
28.934260914 0.999825879 -0.016852635 0.003882427 0.007009064
28.954434170 0.999825882 -0.016849542 0.003900254 0.007006213
28.974645437 0.999825819 -0.016842941 0.003891181 0.007036073
28.995217264 0.999825962 -0.016829866 0.003878453 0.007053963
29.015008230 0.999825946 -0.016836017 0.003871239 0.007045532
29.035168817 0.999826049 -0.016827915 0.003855004 0.007059112
29.055337956 0.999825999 -0.016844859 0.003863286 0.007021274
29.075519779 0.999825839 -0.016850551 0.003871769 0.007025690
29.095643065 0.999825993 -0.016843225 0.003878023 0.007017819
29.115823025 0.999825714 -0.016850537 0.003864311 0.007047576
29.136002209 0.999825609 -0.016861832 0.003878883 0.007027389
29.156368391 0.999825472 -0.016864368 0.003875398 0.007042685
29.176782117 0.999825395 -0.016872216 0.003877688 0.007033644
29.196547047 0.999825512 -0.016866699 0.003879752 0.007029067
29.216733992 0.999825622 -0.016866689 0.003858947 0.007024930
29.236875055 0.999825662 -0.016865916 0.003842461 0.007030034
29.257210826 0.999825240 -0.016895964 0.003847973 0.007014956
29.277198210 0.999825260 -0.016889275 0.003857980 0.007022702
29.297703602 0.999825334 -0.016881502 0.003853181 0.007033447
29.317717562 0.999824940 -0.016902244 0.003856688 0.007037726
29.338210298 0.999825053 -0.016891149 0.003851743 0.007050985
29.358057598 0.999824727 -0.016911755 0.003871169 0.007037230
29.378174307 0.999824643 -0.016914604 0.003881007 0.007036782
29.398319819 0.999824450 -0.016934352 0.003888221 0.007012690
29.418559344 0.999823935 -0.016962026 0.003889861 0.007018420
29.438664729 0.999824056 -0.016959463 0.003895865 0.007004042
29.459132321 0.999823799 -0.016972759 0.003913205 0.006998745
29.479073235 0.999823871 -0.016968663 0.003906586 0.007002094
29.499224688 0.999823497 -0.016991198 0.003918948 0.006993969
29.519406084 0.999823537 -0.016988334 0.003915415 0.006997174
29.539576102 0.999823306 -0.016998351 0.003914322 0.007006561
29.560175396 0.999823299 -0.017003912 0.003911134 0.006995768
29.579954925 0.999823498 -0.016990694 0.003911731 0.006999055
29.600067320 0.999823207 -0.017006146 0.003895168 0.007012352
29.620262406 0.999823177 -0.017012948 0.003898818 0.006998118
29.640428977 0.999822748 -0.017026571 0.003884952 0.007033861
29.660730916 0.999822467 -0.017036959 0.003869951 0.007056955
29.680947637 0.999822278 -0.017050887 0.003867321 0.007051468
29.701002027 0.999822558 -0.017031144 0.003878690 0.007053217
29.721366374 0.999822730 -0.017028121 0.003893907 0.007027708
29.761477490 0.999822739 -0.017038031 0.003895432 0.007001591
29.781682192 0.999822319 -0.017052182 0.003893119 0.007028276
29.801859357 0.999822259 -0.017067448 0.003893944 0.006999257
29.822027183 0.999821935 -0.017079992 0.003906652 0.007007857
29.842592302 0.999821637 -0.017086918 0.003916135 0.007028248
29.862568681 0.999821625 -0.017089796 0.003917174 0.007022365
29.882718714 0.999821367 -0.017106169 0.003918366 0.007018559
29.902774051 0.999821501 -0.017099065 0.003929364 0.007010576
29.922919558 0.999821422 -0.017102190 0.003930387 0.007013701
29.943258377 0.999821343 -0.017101439 0.003923540 0.007030591
29.963277726 0.999821244 -0.017105340 0.003919096 0.007037671
29.983441002 0.999821460 -0.017100756 0.003908870 0.007023807
30.003625453 0.999821707 -0.017079191 0.003903022 0.007044241
30.023821197 0.999821723 -0.017075453 0.003900660 0.007052376
30.044010980 0.999821714 -0.017078338 0.003900222 0.007046916
30.064249005 0.999821764 -0.017088497 0.003902187 0.007014061
30.084430289 0.999821558 -0.017086139 0.003911309 0.007044012
30.104649583 0.999821587 -0.017082057 0.003907987 0.007051574
30.124839273 0.999821509 -0.017087290 0.003902822 0.007052804
30.144898354 0.999820991 -0.017107998 0.003905266 0.007074677
30.165080750 0.999821054 -0.017105236 0.003908237 0.007070812
30.185291582 0.999821025 -0.017116438 0.003895923 0.007054631
30.205387041 0.999820383 -0.017141885 0.003904477 0.007079006
30.225881393 0.999820651 -0.017131780 0.003908425 0.007063396
30.245797452 0.999820426 -0.017151062 0.003904731 0.007050547
30.266113836 0.999820155 -0.017156333 0.003910104 0.007073125
30.286388946 0.999820152 -0.017154048 0.003909449 0.007079437
30.306257680 0.999820202 -0.017147364 0.003915433 0.007085330
30.326433442 0.999820237 -0.017162710 0.003913378 0.007044214
30.346616892 0.999819969 -0.017178585 0.003893841 0.007054403
30.366784573 0.999819754 -0.017182661 0.003890285 0.007076884
30.387004768 0.999819928 -0.017171292 0.003882685 0.007084021
30.407219153 0.999819996 -0.017171780 0.003882683 0.007073147
30.427414393 0.999819988 -0.017170927 0.003870933 0.007082876
30.447647790 0.999819573 -0.017186447 0.003878345 0.007099744
30.467734399 0.999819301 -0.017194340 0.003890903 0.007112060
30.487853127 0.999818980 -0.017208137 0.003884379 0.007127272
30.508284237 0.999819015 -0.017213917 0.003890424 0.007105148
30.528219241 0.999819240 -0.017206091 0.003887140 0.007094238
30.548650184 0.999818657 -0.017228895 0.003864388 0.007133296
30.568597975 0.999818733 -0.017205993 0.003890453 0.007163691
30.588889301 0.999818775 -0.017206439 0.003885496 0.007159441
30.608998478 0.999818843 -0.017200411 0.003879273 0.007167853
30.629144000 0.999818787 -0.017206537 0.003889851 0.007155179
30.649274854 0.999819210 -0.017191285 0.003874988 0.007140818
30.669477813 0.999819407 -0.017172369 0.003863462 0.007164953
30.689691334 0.999819395 -0.017185219 0.003865156 0.007134830
30.709847446 0.999819514 -0.017184843 0.003877372 0.007112468
30.730058250 0.999819408 -0.017189893 0.003877522 0.007115003
30.750218907 0.999819277 -0.017195949 0.003882395 0.007116146
30.770355821 0.999819135 -0.017205745 0.003877937 0.007114818
30.790552187 0.999818973 -0.017216245 0.003884906 0.007108441
30.810900543 0.999818646 -0.017241948 0.003879441 0.007095042
30.830971208 0.999818697 -0.017243523 0.003876833 0.007085488
30.851079932 0.999818647 -0.017244885 0.003874824 0.007090269
30.871256960 0.999818318 -0.017256750 0.003866713 0.007112192
30.891631311 0.999818395 -0.017256450 0.003870753 0.007099973
30.911648007 0.999817971 -0.017277371 0.003863573 0.007112689
30.931831133 0.999817748 -0.017295302 0.003839923 0.007113184
30.952087721 0.999817106 -0.017334916 0.003858640 0.007096912
30.972344658 0.999817458 -0.017325693 0.003854419 0.007072094
30.992288413 0.999817776 -0.017309273 0.003850755 0.007069362
31.012531366 0.999817805 -0.017302176 0.003859851 0.007077669
31.032650336 0.999817918 -0.017290963 0.003869877 0.007083557
31.052966541 0.999817707 -0.017296600 0.003869752 0.007099717
31.073053674 0.999817852 -0.017286593 0.003863552 0.007107030
31.093313493 0.999818141 -0.017282000 0.003864182 0.007077073
31.113573356 0.999818050 -0.017290035 0.003876318 0.007063722
31.133878770 0.999817924 -0.017290266 0.003876679 0.007080712
31.153743054 0.999817846 -0.017290479 0.003885799 0.007086225
31.173979191 0.999818180 -0.017269169 0.003892763 0.007087201
31.194168120 0.999818307 -0.017261033 0.003899529 0.007085411
31.214348755 0.999818263 -0.017262136 0.003893687 0.007092132
31.234430489 0.999817714 -0.017283810 0.003894033 0.007116491
31.254718774 0.999817863 -0.017272394 0.003897682 0.007121334
31.274953331 0.999817743 -0.017290387 0.003897354 0.007094674
31.295162787 0.999817950 -0.017283442 0.003892106 0.007085202
31.315226863 0.999818640 -0.017245898 0.003884525 0.007083507
31.335395489 0.999819150 -0.017215651 0.003870057 0.007093015
31.355535444 0.999819050 -0.017219628 0.003867165 0.007099058
31.375960991 0.999819289 -0.017203574 0.003860626 0.007107910
31.395925979 0.999819452 -0.017195680 0.003866177 0.007100971
31.416084785 0.999819816 -0.017179293 0.003869766 0.007087511
31.436250134 0.999819782 -0.017183158 0.003871752 0.007081878
31.456530640 0.999819815 -0.017183383 0.003861861 0.007081983
31.476661698 0.999819783 -0.017174827 0.003857151 0.007109759
31.496789516 0.999819842 -0.017173899 0.003839762 0.007113096
31.516914244 0.999819693 -0.017173028 0.003846525 0.007132549
31.537104841 0.999819710 -0.017169843 0.003853510 0.007133972
31.557384363 0.999819971 -0.017160941 0.003849597 0.007120949
31.577455189 0.999819746 -0.017178704 0.003860374 0.007103875
31.597656985 0.999819557 -0.017186791 0.003857199 0.007112694
31.617837043 0.999819472 -0.017193591 0.003858415 0.007107466
31.638087830 0.999819613 -0.017177361 0.003879655 0.007115306
31.658366216 0.999819609 -0.017184837 0.003870330 0.007102941
31.678849913 0.999820309 -0.017145778 0.003865575 0.007101393
31.698791488 0.999820249 -0.017147158 0.003867378 0.007105562
31.718796030 0.999820105 -0.017154423 0.003860441 0.007111970
31.738987591 0.999820072 -0.017152610 0.003862604 0.007119755
31.759268613 0.999820131 -0.017152203 0.003870300 0.007108334
31.779253865 0.999820003 -0.017159045 0.003879360 0.007104821
31.799390939 0.999819852 -0.017162020 0.003884128 0.007116325
31.819664501 0.999819885 -0.017153640 0.003876839 0.007135827
31.839865583 0.999819857 -0.017151862 0.003881764 0.007141384
31.860210912 0.999819851 -0.017149425 0.003880223 0.007148919
31.880164409 0.999819603 -0.017165388 0.003877232 0.007146883
31.900285890 0.999819226 -0.017175728 0.003859440 0.007184295
31.920484144 0.999818955 -0.017190128 0.003867694 0.007183211
31.940714111 0.999819283 -0.017175836 0.003850069 0.007181184
31.960997203 0.999819334 -0.017176841 0.003831725 0.007181396
31.981096687 0.999819715 -0.017150767 0.003846787 0.007182677
32.001348113 0.999820495 -0.017118302 0.003835315 0.007157661
32.021454458 0.999820690 -0.017112969 0.003840002 0.007140590
32.041567383 0.999820396 -0.017116627 0.003855088 0.007164832
32.061921225 0.999820118 -0.017126814 0.003865682 0.007173566
32.081927558 0.999820246 -0.017122931 0.003865671 0.007165025
32.102092368 0.999820425 -0.017123936 0.003878112 0.007130831
32.122285710 0.999820297 -0.017132777 0.003873576 0.007129951
32.142590851 0.999819923 -0.017150396 0.003869723 0.007142165
32.162728104 0.999819666 -0.017156615 0.003875444 0.007160050
32.182880523 0.999819869 -0.017153033 0.003857655 0.007149914
32.203034800 0.999819974 -0.017148229 0.003852873 0.007149303
32.223503230 0.999820066 -0.017143973 0.003856344 0.007144815
32.243469968 0.999819771 -0.017159390 0.003852391 0.007151160
32.263471805 0.999819850 -0.017159698 0.003853265 0.007138929
32.283654838 0.999819742 -0.017156796 0.003867040 0.007153605
32.304037710 0.999819689 -0.017157210 0.003871687 0.007157487
32.324110776 0.999819452 -0.017169708 0.003877647 0.007157333
32.344325837 0.999819569 -0.017160527 0.003869172 0.007167677
32.364396890 0.999819891 -0.017156932 0.003868937 0.007131328
32.384598303 0.999820263 -0.017138211 0.003861919 0.007128109
32.404837890 0.999820385 -0.017124200 0.003857502 0.007147001
32.425026720 0.999820535 -0.017118780 0.003858185 0.007138550
32.445150546 0.999820362 -0.017128882 0.003852785 0.007141568
32.465312727 0.999820297 -0.017132438 0.003854992 0.007140924
32.485452804 0.999820165 -0.017146020 0.003856875 0.007125687
32.505971700 0.999820184 -0.017141648 0.003857022 0.007133551
32.526050633 0.999820261 -0.017138523 0.003844883 0.007136750
32.546152723 0.999820483 -0.017134299 0.003833369 0.007122039
32.566257059 0.999820632 -0.017136383 0.003843013 0.007090781
32.586326966 0.999820652 -0.017129936 0.003847481 0.007101123
32.606511770 0.999821197 -0.017101704 0.003835205 0.007099081
32.626808696 0.999821400 -0.017087594 0.003823619 0.007110691
32.646864248 0.999821480 -0.017081282 0.003837034 0.007107361
32.667154838 0.999821618 -0.017068657 0.003841760 0.007115704
32.687435268 0.999821770 -0.017053012 0.003835234 0.007135471
32.707503811 0.999821400 -0.017075464 0.003844945 0.007128371
32.747781510 0.999821492 -0.017069767 0.003850418 0.007126153
32.767904468 0.999821509 -0.017064895 0.003851196 0.007135012
32.788144176 0.999821727 -0.017052502 0.003836033 0.007142266
32.808835667 0.999821528 -0.017052694 0.003833542 0.007170932
32.828552037 0.999821708 -0.017040020 0.003834781 0.007175195
32.848666337 0.999821836 -0.017040137 0.003819307 0.007165366
32.868805725 0.999821843 -0.017037428 0.003819889 0.007170587
32.888975455 0.999821889 -0.017033444 0.003821636 0.007172633
32.909434241 0.999822109 -0.017026559 0.003817558 0.007160506
32.929367431 0.999822519 -0.017004081 0.003832475 0.007148665
32.949744418 0.999822256 -0.017003028 0.003826762 0.007190966
32.969714685 0.999822077 -0.017013174 0.003822277 0.007194262
32.990100473 0.999822038 -0.017012901 0.003809907 0.007206874
33.010272033 0.999822410 -0.016993009 0.003818848 0.007197458
33.030314614 0.999822524 -0.016991985 0.003813254 0.007186937
33.050713060 0.999822570 -0.016994665 0.003817730 0.007171843
33.070652516 0.999822791 -0.016961187 0.003821551 0.007218114
33.090801300 0.999822605 -0.016967208 0.003824998 0.007227853
33.110951888 0.999822527 -0.016981727 0.003823678 0.007205195
33.131336785 0.999822466 -0.016982568 0.003821900 0.007212556
33.151336897 0.999822386 -0.016997749 0.003817751 0.007190160
33.171451963 0.999822068 -0.017009248 0.003804116 0.007214355
33.191817448 0.999822206 -0.017001503 0.003800453 0.007215339
33.211869187 0.999821784 -0.017014157 0.003813090 0.007237315
33.232129126 0.999822218 -0.016992447 0.003813835 0.007228007
33.252279831 0.999822620 -0.016979188 0.003806778 0.007207194
33.272387318 0.999822899 -0.016972262 0.003803466 0.007186561
33.292755837 0.999822733 -0.016962652 0.003807444 0.007230099
33.312798225 0.999822828 -0.016958462 0.003809338 0.007225793
33.333031126 0.999822740 -0.016958101 0.003811418 0.007237722
33.353123085 0.999822658 -0.016958707 0.003812905 0.007246766
33.373283705 0.999822528 -0.016969022 0.003810530 0.007241875
33.393439105 0.999822582 -0.016963428 0.003811323 0.007247102
33.413656068 0.999822665 -0.016957258 0.003812667 0.007249347
33.433891710 0.999823027 -0.016937421 0.003789715 0.007257822
33.454240658 0.999823160 -0.016933253 0.003785260 0.007251651
33.474570118 0.999823774 -0.016908447 0.003792168 0.007221166
33.494343478 0.999823776 -0.016912451 0.003798283 0.007208306
33.514565852 0.999823888 -0.016911876 0.003803875 0.007191086
33.534760868 0.999823979 -0.016905276 0.003807365 0.007192170
33.555039949 0.999823922 -0.016907733 0.003810425 0.007192596
33.575190271 0.999824378 -0.016882117 0.003808371 0.007190460
33.595221353 0.999824437 -0.016881934 0.003827866 0.007172383
33.615432727 0.999824327 -0.016879175 0.003824930 0.007195663
33.635644863 0.999824094 -0.016892910 0.003818441 0.007199336
33.655942155 0.999824181 -0.016897943 0.003811977 0.007178862
33.676322130 0.999824532 -0.016876649 0.003794545 0.007189254
33.696115981 0.999824478 -0.016874336 0.003807410 0.007195397
33.716410027 0.999824570 -0.016866882 0.003822999 0.007191828
33.736491721 0.999824389 -0.016884954 0.003822347 0.007174879
33.756666652 0.999824309 -0.016887104 0.003825181 0.007179515
33.777152713 0.999824033 -0.016917159 0.003831340 0.007143789
33.797165956 0.999823935 -0.016921966 0.003831024 0.007146258
33.817160383 0.999823899 -0.016925122 0.003834818 0.007141857
33.837439389 0.999823573 -0.016932454 0.003846147 0.007163994
33.857708023 0.999823560 -0.016933866 0.003842510 0.007164304
33.877638798 0.999823764 -0.016916609 0.003855404 0.007169699
33.897882768 0.999824127 -0.016895172 0.003865237 0.007164416
33.918048591 0.999824092 -0.016906015 0.003854713 0.007149345
33.938345078 0.999824266 -0.016895448 0.003843276 0.007156097
33.958929087 0.999824229 -0.016912456 0.003833600 0.007126184
33.978641503 0.999823840 -0.016930960 0.003840109 0.007133448
33.998850588 0.999823573 -0.016956706 0.003835450 0.007112189
34.018946275 0.999823481 -0.016961939 0.003836940 0.007111743
34.039125770 0.999823379 -0.016972658 0.003845411 0.007095962
34.059465406 0.999823205 -0.016969327 0.003855736 0.007122819
34.079570182 0.999823048 -0.016984397 0.003864267 0.007104188
34.099691620 0.999823317 -0.016972203 0.003860007 0.007097788
34.119778750 0.999823551 -0.016954572 0.003863547 0.007105044
34.139951512 0.999823604 -0.016955220 0.003857461 0.007099415
34.160366016 0.999823205 -0.016970624 0.003866697 0.007113780
34.180366115 0.999823457 -0.016944378 0.003871894 0.007138010
34.200533959 0.999823429 -0.016941274 0.003870404 0.007150077
34.220716267 0.999823878 -0.016928700 0.003864457 0.007120243
34.240961488 0.999823737 -0.016938111 0.003868457 0.007115531
34.261417041 0.999823673 -0.016950237 0.003863008 0.007098604
34.281333049 0.999823312 -0.016958542 0.003865870 0.007127948
34.301601457 0.999823613 -0.016940632 0.003863102 0.007129771
34.321703172 0.999823458 -0.016949314 0.003870937 0.007126651
34.342162882 0.999823422 -0.016954221 0.003862724 0.007124527
34.362217720 0.999823046 -0.016986795 0.003868372 0.007096601
34.382102800 0.999823025 -0.016997158 0.003861347 0.007078474
34.402383921 0.999823059 -0.016993973 0.003858452 0.007082862
34.422518123 0.999822260 -0.017023276 0.003853857 0.007127644
34.442664691 0.999822141 -0.017028540 0.003857992 0.007129650
34.462891168 0.999822130 -0.017044961 0.003857437 0.007092139
34.483005765 0.999822313 -0.017037202 0.003856976 0.007085196
34.503377330 0.999822412 -0.017036357 0.003843739 0.007080388
34.523387732 0.999822495 -0.017036175 0.003831338 0.007075903
34.543651958 0.999822266 -0.017031291 0.003837615 0.007116545
34.563741448 0.999822479 -0.017019735 0.003828036 0.007119422
34.583924965 0.999822726 -0.017024287 0.003825310 0.007075080
34.604098455 0.999822519 -0.017029320 0.003829258 0.007090073
34.624256222 0.999822097 -0.017051607 0.003816612 0.007102850
34.644390302 0.999821978 -0.017058062 0.003816223 0.007104365
34.664655025 0.999821896 -0.017063539 0.003821968 0.007099580
34.684772292 0.999821808 -0.017066914 0.003822763 0.007103439
34.705049344 0.999821559 -0.017079533 0.003823699 0.007107695
34.725335635 0.999821507 -0.017080433 0.003823808 0.007112829
34.745601156 0.999821489 -0.017067416 0.003847926 0.007133548
34.765702644 0.999821610 -0.017062370 0.003857853 0.007123309
34.785812119 0.999821776 -0.017063587 0.003851656 0.007100329
34.805971846 0.999821761 -0.017061210 0.003856304 0.007105697
34.826256472 0.999822119 -0.017054062 0.003848328 0.007076659
34.846329486 0.999821717 -0.017068803 0.003852781 0.007095478
34.866494010 0.999821364 -0.017077157 0.003848660 0.007127343
34.886529111 0.999821011 -0.017093378 0.003828114 0.007148965
34.906898040 0.999820690 -0.017122393 0.003827468 0.007124701
34.926973707 0.999821138 -0.017101655 0.003836098 0.007107031
34.947310788 0.999820801 -0.017121895 0.003836166 0.007105703
34.967303419 0.999820902 -0.017111939 0.003839791 0.007113501
34.987720010 0.999821063 -0.017110891 0.003840849 0.007092729
35.007655297 0.999820967 -0.017098940 0.003849719 0.007130147
35.028157918 0.999821056 -0.017102339 0.003834429 0.007117808
35.048013063 0.999820747 -0.017121257 0.003834194 0.007115831
35.068792936 0.999820460 -0.017137968 0.003829715 0.007118321
35.088555960 0.999820580 -0.017139250 0.003827147 0.007099838
35.108491609 0.999820277 -0.017151070 0.003830592 0.007112000
35.128710450 0.999820341 -0.017140682 0.003814894 0.007136515
35.148917801 0.999820582 -0.017131875 0.003812005 0.007125399
35.169062693 0.999820967 -0.017117490 0.003801736 0.007111414
35.189186304 0.999820864 -0.017118061 0.003805027 0.007122819
35.209542210 0.999820851 -0.017107288 0.003804594 0.007150709
35.229833775 0.999820751 -0.017112734 0.003798859 0.007154653
35.249777901 0.999821020 -0.017105496 0.003793363 0.007137295
35.269952413 0.999821241 -0.017095277 0.003787798 0.007133683
35.290163576 0.999820884 -0.017109942 0.003790055 0.007147420
35.310368869 0.999821149 -0.017104859 0.003787847 0.007123635
35.330459367 0.999821248 -0.017093465 0.003806460 0.007127218
35.350794300 0.999820662 -0.017124448 0.003816929 0.007129355
35.370955909 0.999820888 -0.017124163 0.003815831 0.007098887
35.391066899 0.999821074 -0.017110154 0.003824471 0.007101864
35.411164984 0.999821087 -0.017106346 0.003826705 0.007107951
35.431327109 0.999821109 -0.017106171 0.003832633 0.007102126
35.451579954 0.999821055 -0.017114054 0.003823325 0.007095725
35.471759397 0.999820758 -0.017131122 0.003814698 0.007101084
35.492097935 0.999820484 -0.017151890 0.003823362 0.007084754
35.512109701 0.999820695 -0.017136378 0.003820576 0.007094016
35.532250497 0.999820549 -0.017142818 0.003820282 0.007099209
35.552537194 0.999820467 -0.017142659 0.003830476 0.007105606
35.572631174 0.999820380 -0.017132103 0.003853542 0.007130836
35.592750660 0.999820478 -0.017125099 0.003858570 0.007131229
35.612970227 0.999820353 -0.017134835 0.003859133 0.007125076
35.633116577 0.999820652 -0.017123306 0.003844486 0.007118746
35.653394271 0.999820431 -0.017126228 0.003851969 0.007138600
35.673476326 0.999820201 -0.017150242 0.003832319 0.007123809
35.693713352 0.999820167 -0.017156002 0.003825963 0.007118147
35.713932680 0.999820467 -0.017146586 0.003823484 0.007099962
35.734091078 0.999821033 -0.017118179 0.003816401 0.007092607
35.754369395 0.999821047 -0.017117363 0.003831624 0.007084361
35.774353178 0.999821227 -0.017109226 0.003824553 0.007082456
35.794535701 0.999821579 -0.017086336 0.003828594 0.007085798
35.814725497 0.999821469 -0.017095975 0.003839050 0.007072419
35.834866281 0.999821816 -0.017071936 0.003847840 0.007076683
35.855164229 0.999821593 -0.017079272 0.003857000 0.007085481
35.875445371 0.999821664 -0.017077034 0.003856718 0.007080965
35.895412413 0.999821344 -0.017090726 0.003843615 0.007100251
35.915629767 0.999821287 -0.017091668 0.003844803 0.007105447
35.935850164 0.999821219 -0.017085051 0.003848238 0.007129017
35.956017805 0.999820895 -0.017099909 0.003862655 0.007131043
35.976134593 0.999821072 -0.017099034 0.003860832 0.007109254
35.996262996 0.999821050 -0.017098686 0.003853690 0.007116981
36.016557433 0.999820481 -0.017125482 0.003861934 0.007128012
36.036670889 0.999820112 -0.017149148 0.003866613 0.007120421
36.057324890 0.999819908 -0.017154770 0.003888206 0.007123678
36.076979571 0.999820009 -0.017149928 0.003896021 0.007116952
36.097232320 0.999820083 -0.017147973 0.003893100 0.007112795
36.117331049 0.999820313 -0.017149222 0.003885341 0.007081713
36.137552244 0.999820419 -0.017142683 0.003876275 0.007087545
36.157853838 0.999820528 -0.017144161 0.003866152 0.007074109
36.178163531 0.999820235 -0.017154253 0.003857433 0.007095669
36.198313963 0.999819871 -0.017169003 0.003871968 0.007103393
36.218237860 0.999819959 -0.017166513 0.003876061 0.007094804
36.238403338 0.999819579 -0.017182828 0.003890530 0.007100963
36.258618620 0.999819614 -0.017186587 0.003904979 0.007079024
36.278839042 0.999820025 -0.017165057 0.003888798 0.007082108
36.298982092 0.999819861 -0.017171654 0.003882081 0.007092857
36.319171462 0.999820043 -0.017165062 0.003877576 0.007085657
36.339577691 0.999820120 -0.017167332 0.003859855 0.007078992
36.359769619 0.999820196 -0.017152710 0.003865015 0.007100896
36.379740742 0.999820481 -0.017146223 0.003852417 0.007083208
36.400038810 0.999820931 -0.017125947 0.003860464 0.007064261
36.420107624 0.999820910 -0.017127107 0.003860051 0.007064709
36.440255987 0.999820879 -0.017142457 0.003858463 0.007032623
36.460500535 0.999820620 -0.017144032 0.003852948 0.007068604
36.480581880 0.999820485 -0.017158958 0.003860444 0.007047399
36.500857340 0.999820105 -0.017182517 0.003862127 0.007042891
36.521066182 0.999820045 -0.017185590 0.003859958 0.007045100
36.541114785 0.999819989 -0.017185047 0.003856523 0.007056233
36.561570837 0.999819700 -0.017186029 0.003864758 0.007090257
36.581426514 0.999819856 -0.017170552 0.003867126 0.007104479
36.601700653 0.999819811 -0.017170241 0.003876721 0.007106247
36.621883586 0.999820022 -0.017156785 0.003873498 0.007110925
36.642643542 0.999820291 -0.017145137 0.003869158 0.007103560
36.662407083 0.999820737 -0.017137207 0.003848644 0.007070905
36.682495889 0.999820400 -0.017139133 0.003858409 0.007108469
36.702535863 0.999820176 -0.017161596 0.003862395 0.007083552
36.722714116 0.999820244 -0.017159595 0.003857282 0.007081594
36.742881218 0.999819871 -0.017170651 0.003851043 0.007110822
36.763081873 0.999820190 -0.017155012 0.003856424 0.007100807
36.783239459 0.999820327 -0.017158458 0.003860294 0.007070953
36.803405444 0.999820377 -0.017161073 0.003851415 0.007062398
36.823660944 0.999819804 -0.017189658 0.003850866 0.007074388
36.843813659 0.999818842 -0.017238922 0.003844821 0.007093598
36.864049433 0.999819045 -0.017224451 0.003843172 0.007101133
36.884169037 0.999819186 -0.017212572 0.003853315 0.007104573
36.904438424 0.999819383 -0.017211769 0.003851425 0.007079796
36.924622081 0.999819577 -0.017195694 0.003849573 0.007092355
36.944764670 0.999819597 -0.017198848 0.003842451 0.007085839
36.964977655 0.999819624 -0.017205884 0.003832503 0.007070305
36.984992681 0.999819723 -0.017200942 0.003833086 0.007068050
37.005224368 0.999819618 -0.017203359 0.003860637 0.007061908
37.025311971 0.999819827 -0.017196008 0.003862044 0.007049480
37.045553964 0.999819694 -0.017210011 0.003871355 0.007029007
37.065856310 0.999819898 -0.017200305 0.003879710 0.007019197
37.085951840 0.999819812 -0.017204663 0.003879758 0.007020679
37.106068926 0.999819485 -0.017212631 0.003895750 0.007038835
37.126216240 0.999819571 -0.017206538 0.003898487 0.007040010
37.146407089 0.999819317 -0.017217401 0.003895266 0.007051345
37.166649101 0.999819140 -0.017222434 0.003899775 0.007061682
37.186847170 0.999818883 -0.017226945 0.003903101 0.007085091
37.207005911 0.999818837 -0.017230883 0.003897926 0.007084939
37.227317100 0.999818975 -0.017224488 0.003907928 0.007075498
37.247403655 0.999818924 -0.017223127 0.003926089 0.007075891
37.267433526 0.999819002 -0.017219837 0.003924585 0.007073824
37.287686528 0.999819354 -0.017199533 0.003925283 0.007073081
37.307813939 0.999819549 -0.017190800 0.003933899 0.007061847
37.328042360 0.999819899 -0.017170465 0.003927463 0.007065339
37.348301268 0.999819716 -0.017183746 0.003925291 0.007060162
37.368345219 0.999819628 -0.017185966 0.003927571 0.007066027
37.388686212 0.999819037 -0.017210147 0.003927031 0.007090962
37.408884066 0.999819310 -0.017201647 0.003920584 0.007076634
37.428967107 0.999819046 -0.017203934 0.003914475 0.007111723
37.449122762 0.999818863 -0.017219420 0.003911374 0.007101685
37.469293569 0.999819229 -0.017198294 0.003919887 0.007096677
37.489453437 0.999818764 -0.017222831 0.003932184 0.007095860
37.509719927 0.999818746 -0.017221588 0.003930452 0.007102349
37.529828181 0.999818980 -0.017205572 0.003931799 0.007107450
37.550045019 0.999819354 -0.017184462 0.003927234 0.007108467
37.570234888 0.999819144 -0.017184650 0.003931678 0.007135006
37.590310814 0.999818938 -0.017203178 0.003934928 0.007117481
37.610560829 0.999818929 -0.017210418 0.003930994 0.007103404
37.630676051 0.999819117 -0.017200926 0.003919626 0.007106140
37.650846899 0.999819092 -0.017200420 0.003921618 0.007109881
37.671029522 0.999819184 -0.017194100 0.003920262 0.007112975
37.691338392 0.999819660 -0.017160415 0.003915773 0.007129890
37.711376316 0.999819652 -0.017169482 0.003916945 0.007108446
37.731626092 0.999819820 -0.017154723 0.003924591 0.007116186
37.751842831 0.999819992 -0.017151493 0.003924211 0.007100064
37.772045628 0.999819915 -0.017153741 0.003919227 0.007108232
37.792326768 0.999819573 -0.017170950 0.003919570 0.007114524
37.812355626 0.999819668 -0.017170986 0.003928395 0.007096218
37.832436946 0.999819654 -0.017173148 0.003926493 0.007094028
37.852645797 0.999819396 -0.017178723 0.003920899 0.007119875
37.872819750 0.999819235 -0.017184764 0.003936044 0.007119627
37.893009733 0.999818983 -0.017194409 0.003953275 0.007122135
37.913221328 0.999818834 -0.017191317 0.003962420 0.007145359
37.933441500 0.999819169 -0.017182688 0.003951404 0.007125410
37.953591771 0.999818967 -0.017191532 0.003942986 0.007136984
37.973808525 0.999819365 -0.017167817 0.003933099 0.007143814
37.993914870 0.999819667 -0.017164629 0.003924704 0.007113836
38.014148898 0.999819807 -0.017144672 0.003931217 0.007138578
38.034300454 0.999820098 -0.017139027 0.003916238 0.007119637
38.054356787 0.999820144 -0.017132889 0.003918385 0.007126775
38.074678584 0.999820570 -0.017109741 0.003907303 0.007128624
38.094752657 0.999820668 -0.017102385 0.003901094 0.007135917
38.114970934 0.999820759 -0.017096350 0.003894699 0.007141180
38.135140507 0.999820613 -0.017097622 0.003893346 0.007159248
38.155484658 0.999820952 -0.017083126 0.003895585 0.007145225
38.175854138 0.999821228 -0.017062758 0.003899865 0.007153041
38.196088148 0.999821165 -0.017064257 0.003884682 0.007166509
38.216089310 0.999820923 -0.017070652 0.003878383 0.007188366
38.236167653 0.999820705 -0.017091368 0.003889433 0.007163486
38.256196717 0.999820608 -0.017097087 0.003897028 0.007159265
38.276319390 0.999820761 -0.017081928 0.003888080 0.007178841
38.296519408 0.999820667 -0.017088470 0.003903152 0.007168240
38.316687999 0.999820492 -0.017096176 0.003892851 0.007179879
38.336877243 0.999820492 -0.017090138 0.003884038 0.007198996
38.357121116 0.999820658 -0.017092969 0.003867919 0.007177900
38.377933218 0.999821256 -0.017055118 0.003866140 0.007185514
38.397776017 0.999821078 -0.017057630 0.003885674 0.007193789
38.417697261 0.999821433 -0.017055645 0.003874069 0.007155318
38.437806198 0.999821330 -0.017059424 0.003874077 0.007160769
38.458061751 0.999821209 -0.017063200 0.003874082 0.007168652
38.478133376 0.999821248 -0.017046089 0.003886462 0.007197036
38.498321813 0.999821034 -0.017057815 0.003883893 0.007200481
38.518485239 0.999821049 -0.017054148 0.003881054 0.007208533
38.538789529 0.999820838 -0.017071485 0.003885623 0.007194302
38.558908406 0.999820862 -0.017065622 0.003887197 0.007203987
38.579085723 0.999820349 -0.017090693 0.003871742 0.007224047
38.599378546 0.999820355 -0.017097966 0.003870405 0.007206808
38.619436544 0.999820841 -0.017074131 0.003863393 0.007199663
38.639585197 0.999820944 -0.017069381 0.003863331 0.007196526
38.659928712 0.999820871 -0.017061698 0.003860669 0.007226342
38.679881904 0.999820953 -0.017064516 0.003846884 0.007215675
38.700114144 0.999820456 -0.017073824 0.003859146 0.007255837
38.720292130 0.999820542 -0.017065653 0.003854378 0.007265709
38.740433508 0.999820573 -0.017058910 0.003876781 0.007265350
38.760626107 0.999820627 -0.017057008 0.003869246 0.007266450
38.780784981 0.999820571 -0.017062868 0.003878651 0.007255394
38.801036646 0.999820663 -0.017055836 0.003881791 0.007257532
38.821200840 0.999820878 -0.017050996 0.003883329 0.007238505
38.841442984 0.999820607 -0.017055919 0.003878371 0.007266873
38.861578319 0.999820594 -0.017053309 0.003893663 0.007266674
38.881740975 0.999820663 -0.017067195 0.003888663 0.007227081
38.901930199 0.999820488 -0.017064663 0.003886618 0.007258328
38.922327915 0.999820443 -0.017071826 0.003897978 0.007241541
38.942224913 0.999820467 -0.017067957 0.003905473 0.007243320
38.962336473 0.999820606 -0.017055925 0.003898276 0.007256412
38.982576258 0.999820584 -0.017052747 0.003895669 0.007268291
39.002716461 0.999820503 -0.017070716 0.003895074 0.007237454
39.022967560 0.999820550 -0.017064175 0.003897861 0.007244857
39.043395074 0.999820526 -0.017064316 0.003899186 0.007247174
39.063508234 0.999820374 -0.017078628 0.003913454 0.007226674
39.083561744 0.999820262 -0.017081283 0.003907278 0.007239290
39.103650381 0.999820462 -0.017060661 0.003916035 0.007255483
39.124204903 0.999821056 -0.017034743 0.003914031 0.007235543
39.143974053 0.999821064 -0.017032839 0.003906595 0.007243004
39.164169549 0.999821116 -0.017020640 0.003904999 0.007265373
39.184302108 0.999821022 -0.017032321 0.003921299 0.007242032
39.204459975 0.999820644 -0.017052025 0.003920502 0.007248306
39.224744232 0.999820960 -0.017032348 0.003927663 0.007247102
39.245082630 0.999820881 -0.017045035 0.003921072 0.007231708
39.265035106 0.999820758 -0.017055844 0.003931060 0.007217795
39.285366164 0.999820586 -0.017064980 0.003924980 0.007223350
39.305464972 0.999820713 -0.017068424 0.003929369 0.007195132
39.345753859 0.999820628 -0.017069293 0.003924401 0.007207659
39.365962024 0.999820686 -0.017056608 0.003930712 0.007226118
39.386252147 0.999820663 -0.017061123 0.003930437 0.007218882
39.406546992 0.999820448 -0.017057230 0.003943932 0.007250416
39.426553717 0.999820523 -0.017056582 0.003940370 0.007243541
39.447073367 0.999820453 -0.017061912 0.003929825 0.007246389
39.466847313 0.999820397 -0.017066398 0.003933118 0.007241763
39.486993646 0.999820271 -0.017073382 0.003947052 0.007235029
39.507240415 0.999820356 -0.017064363 0.003949317 0.007243374
39.527313762 0.999820170 -0.017078613 0.003938047 0.007241572
39.547656186 0.999819931 -0.017089710 0.003940736 0.007246957
39.567726082 0.999820002 -0.017087522 0.003946027 0.007239461
39.587862734 0.999820105 -0.017083582 0.003944331 0.007235445
39.608067390 0.999819994 -0.017084067 0.003953234 0.007244701
39.628306842 0.999819975 -0.017082463 0.003948714 0.007253623
39.668605528 0.999819422 -0.017114988 0.003938211 0.007258853
39.688797464 0.999819631 -0.017113857 0.003926308 0.007239222
39.708908618 0.999819533 -0.017125865 0.003925221 0.007224877
39.729139790 0.999819519 -0.017134440 0.003922653 0.007207838
39.749254013 0.999819509 -0.017131780 0.003931571 0.007210724
39.769444760 0.999819147 -0.017140428 0.003938804 0.007236334
39.789760820 0.999819158 -0.017138851 0.003941730 0.007236927
39.809979953 0.999818916 -0.017150584 0.003931446 0.007248153
39.830022872 0.999818899 -0.017164484 0.003932167 0.007217134
39.850271045 0.999818885 -0.017168903 0.003933086 0.007208156
39.870309023 0.999818999 -0.017161638 0.003940766 0.007205390
39.890525072 0.999818917 -0.017155199 0.003941848 0.007231405
39.910768820 0.999818931 -0.017169487 0.003941456 0.007195744
39.930882133 0.999818744 -0.017172803 0.003934872 0.007217378
39.951105966 0.999818944 -0.017157137 0.003927556 0.007230882
39.971280418 0.999819111 -0.017151230 0.003923310 0.007224102
39.991552954 0.999819226 -0.017126760 0.003921973 0.007266825
40.011564495 0.999818914 -0.017144767 0.003916362 0.007270318
40.031785082 0.999818987 -0.017139874 0.003924691 0.007267345
40.052014220 0.999819351 -0.017132736 0.003929941 0.007231187
40.072197411 0.999819664 -0.017106410 0.003917517 0.007256949
40.092510724 0.999819949 -0.017085262 0.003915305 0.007268748
40.112467589 0.999819943 -0.017088942 0.003908525 0.007264516
40.132782949 0.999819917 -0.017090452 0.003901605 0.007268206
40.152871222 0.999819687 -0.017093670 0.003908605 0.007288585
40.173112583 0.999819562 -0.017110707 0.003893527 0.007273717
40.193198300 0.999819813 -0.017101137 0.003895303 0.007260779
40.213363357 0.999820144 -0.017068618 0.003893601 0.007292571
40.233583757 0.999820405 -0.017058956 0.003908597 0.007271421
40.253722357 0.999820888 -0.017037127 0.003905365 0.007257889
40.273975341 0.999820905 -0.017031314 0.003898774 0.007272720
40.294380652 0.999820867 -0.017031870 0.003900170 0.007275789
40.314236449 0.999821023 -0.017023520 0.003888494 0.007280143
40.334493597 0.999821023 -0.017023578 0.003885499 0.007281656
40.354618258 0.999821234 -0.017023993 0.003886231 0.007251289
40.375015400 0.999821391 -0.017020299 0.003879461 0.007241865
40.394981705 0.999821513 -0.017015073 0.003882316 0.007235876
40.415201827 0.999821489 -0.017003731 0.003894616 0.007259126
40.435316926 0.999821268 -0.017031376 0.003906541 0.007218319
40.455649307 0.999821384 -0.017019249 0.003896506 0.007236133
40.475801359 0.999821711 -0.017009275 0.003891295 0.007217269
40.495885210 0.999821522 -0.017021474 0.003896409 0.007211883
40.516147735 0.999821285 -0.017022353 0.003890802 0.007245585
40.536235097 0.999821302 -0.017030315 0.003886517 0.007226914
40.556537875 0.999821449 -0.017019653 0.003871414 0.007239719
40.576705309 0.999821253 -0.017033803 0.003870013 0.007234226
40.596751987 0.999821180 -0.017032732 0.003879910 0.007241629
40.617010136 0.999821299 -0.017025989 0.003887128 0.007237147
40.637202648 0.999821215 -0.017030572 0.003886657 0.007238197
40.657369625 0.999820879 -0.017051852 0.003875190 0.007240683
40.677462578 0.999820838 -0.017055757 0.003859231 0.007245609
40.697606974 0.999820741 -0.017057170 0.003851474 0.007259792
40.717808080 0.999820202 -0.017091089 0.003864836 0.007247180
40.738127320 0.999820048 -0.017091568 0.003877816 0.007260393
40.758338959 0.999820344 -0.017082961 0.003867774 0.007245200
40.778373164 0.999820429 -0.017078566 0.003859523 0.007248177
40.798518097 0.999820216 -0.017087818 0.003852142 0.007259748
40.818743024 0.999819944 -0.017095719 0.003857871 0.007275448
40.838868791 0.999819798 -0.017119352 0.003846733 0.007245786
40.859358004 0.999820063 -0.017103717 0.003829551 0.007255249
40.879293348 0.999820385 -0.017088285 0.003824537 0.007249910
40.899477609 0.999820234 -0.017098394 0.003827200 0.007245513
40.919635594 0.999820038 -0.017105210 0.003826651 0.007256787
40.939857817 0.999819963 -0.017110898 0.003817140 0.007258688
40.960282719 0.999820403 -0.017089653 0.003803044 0.007255491
40.980120511 0.999820415 -0.017090418 0.003796076 0.007255639
41.000357742 0.999820491 -0.017093746 0.003783853 0.007243808
41.020484397 0.999820515 -0.017099918 0.003791350 0.007221889
41.040650138 0.999820329 -0.017107599 0.003805853 0.007221839
41.060980389 0.999820362 -0.017099441 0.003805064 0.007237047
41.081098404 0.999820256 -0.017109531 0.003796575 0.007232228
41.101350762 0.999820509 -0.017093871 0.003788771 0.007238341
41.121631387 0.999821059 -0.017054830 0.003797670 0.007249894
41.141755362 0.999821334 -0.017033424 0.003818033 0.007251617
41.161714678 0.999821412 -0.017031082 0.003815027 0.007247834
41.181887603 0.999821467 -0.017029005 0.003827119 0.007238823
41.202087768 0.999821483 -0.017020959 0.003839955 0.007248710
41.222279866 0.999821846 -0.017005215 0.003844953 0.007232894
41.242583420 0.999821548 -0.017024611 0.003833830 0.007234404
41.262613411 0.999821589 -0.017022054 0.003821332 0.007241362
41.282891887 0.999821501 -0.017024541 0.003812447 0.007252300
41.302980071 0.999821106 -0.017044530 0.003809584 0.007261379
41.323165225 0.999821321 -0.017040375 0.003799654 0.007246678
41.343301742 0.999821403 -0.017033521 0.003812268 0.007244802
41.363484963 0.999821473 -0.017030861 0.003817577 0.007238670
41.383719203 0.999821399 -0.017035488 0.003806546 0.007243853
41.403829458 0.999821197 -0.017044176 0.003818189 0.007245165
41.424031780 0.999821138 -0.017055538 0.003800769 0.007235680
41.444322025 0.999821089 -0.017062608 0.003797407 0.007227493
41.464462400 0.999821146 -0.017059584 0.003810358 0.007219989
41.484565960 0.999821576 -0.017029276 0.003815126 0.007229490
41.504929220 0.999821360 -0.017042673 0.003802189 0.007234561
41.524866810 0.999821413 -0.017043395 0.003804469 0.007224301
41.545271305 0.999821436 -0.017045271 0.003789201 0.007224700
41.565265344 0.999821252 -0.017052303 0.003798261 0.007228797
41.585424957 0.999821207 -0.017056074 0.003798949 0.007225841
41.605669755 0.999821358 -0.017059755 0.003801491 0.007194800
41.625742699 0.999821269 -0.017052456 0.003804374 0.007222869
41.645994846 0.999821234 -0.017051929 0.003806308 0.007228049
41.666323926 0.999821062 -0.017047898 0.003816617 0.007255759
41.686282286 0.999820841 -0.017058342 0.003817107 0.007261503
41.706585168 0.999820804 -0.017069402 0.003806854 0.007245904
41.726816332 0.999820561 -0.017077758 0.003800126 0.007263198
41.746946569 0.999820549 -0.017071160 0.003801787 0.007279565
41.767074412 0.999820713 -0.017064333 0.003803685 0.007272028
41.787453801 0.999821023 -0.017052226 0.003802510 0.007258423
41.807388892 0.999821053 -0.017059663 0.003790622 0.007242983
41.827685420 0.999821122 -0.017050534 0.003789453 0.007255628
41.847802958 0.999821070 -0.017045649 0.003796595 0.007270500
41.867938470 0.999821257 -0.017035400 0.003797333 0.007268384
41.888148796 0.999821487 -0.017026539 0.003786235 0.007263265
41.908373387 0.999821573 -0.017031232 0.003776756 0.007245318
41.928635126 0.999821414 -0.017039376 0.003773234 0.007250007
41.948622085 0.999821326 -0.017047181 0.003776776 0.007241870
41.968813090 0.999820996 -0.017075285 0.003765901 0.007226968
41.989048412 0.999821310 -0.017066924 0.003771767 0.007200093
42.009234378 0.999821137 -0.017075195 0.003769895 0.007205507
42.029342297 0.999820947 -0.017092151 0.003783840 0.007184365
42.049587168 0.999821139 -0.017075915 0.003792289 0.007191846
42.069845019 0.999820626 -0.017106597 0.003788818 0.007192074
42.089887563 0.999820640 -0.017114116 0.003788744 0.007172132
42.110072990 0.999820271 -0.017115541 0.003807277 0.007210349
42.130359904 0.999820742 -0.017089004 0.003807528 0.007207754
42.150409733 0.999820829 -0.017085859 0.003809032 0.007202460
42.170613906 0.999820712 -0.017096249 0.003807863 0.007194575
42.190777313 0.999820830 -0.017087347 0.003813686 0.007196304
42.210926317 0.999821030 -0.017068807 0.003801711 0.007218847
42.231119379 0.999820837 -0.017076231 0.003816995 0.007219858
42.251359678 0.999821105 -0.017050295 0.003834839 0.007234654
42.271579321 0.999821580 -0.017026661 0.003842756 0.007220455
42.291822057 0.999821742 -0.017025170 0.003842163 0.007201718
42.311958363 0.999821608 -0.017019884 0.003853004 0.007226999
42.331947049 0.999821690 -0.017016365 0.003847857 0.007226716
42.352201435 0.999821200 -0.017034667 0.003858160 0.007245926
42.372391423 0.999821314 -0.017035250 0.003843986 0.007236308
42.392648860 0.999821154 -0.017054237 0.003850898 0.007209941
42.412768271 0.999821427 -0.017048464 0.003847790 0.007187424
42.432859522 0.999821966 -0.017025693 0.003837459 0.007171836
42.453155249 0.999822094 -0.017012418 0.003838516 0.007184921
42.473336404 0.999822567 -0.016991572 0.003822837 0.007176865
42.493445143 0.999822370 -0.016994843 0.003818949 0.007198625
42.513780727 0.999822249 -0.017003274 0.003813246 0.007198431
42.533789686 0.999822101 -0.017006794 0.003811946 0.007211417
42.554120315 0.999822109 -0.017000909 0.003835913 0.007211411
42.574347097 0.999822022 -0.017012929 0.003834451 0.007195876
42.594292723 0.999821983 -0.017013186 0.003833108 0.007201526
42.614602451 0.999822297 -0.016999323 0.003831750 0.007191273
42.634766631 0.999822233 -0.017000664 0.003828160 0.007198968
42.655178709 0.999822442 -0.016997234 0.003832544 0.007175720
42.675283450 0.999822668 -0.016990213 0.003837770 0.007157988
42.695503606 0.999822444 -0.017000335 0.003836189 0.007166108
42.715431394 0.999822548 -0.016999982 0.003842270 0.007149170
42.735651685 0.999822664 -0.016994958 0.003838337 0.007146962
42.755887773 0.999822763 -0.016990391 0.003850701 0.007137337
42.775965281 0.999822495 -0.017011015 0.003844177 0.007129181
42.796090367 0.999822445 -0.017009862 0.003857479 0.007131852
42.816261773 0.999822439 -0.017007824 0.003864609 0.007133680
42.836517713 0.999822568 -0.016998383 0.003866035 0.007137325
42.856863966 0.999822379 -0.016991932 0.003888681 0.007166750
42.877379269 0.999822487 -0.016983374 0.003893146 0.007169540
42.897249347 0.999822103 -0.017001767 0.003900163 0.007175655
42.917284751 0.999821981 -0.017021302 0.003902390 0.007145187
42.937384964 0.999821935 -0.017023958 0.003900760 0.007146197
42.957609321 0.999821926 -0.017017102 0.003910301 0.007158525
42.977672857 0.999822146 -0.016995049 0.003903214 0.007184017
42.997839072 0.999822202 -0.016999548 0.003896772 0.007169001
43.018027956 0.999821946 -0.017013882 0.003900059 0.007168915
43.038258584 0.999821840 -0.017025892 0.003880579 0.007165806
43.058415187 0.999821784 -0.017039334 0.003877399 0.007143285
43.078559432 0.999822009 -0.017025270 0.003854643 0.007157660
43.098737219 0.999822372 -0.016999576 0.003843280 0.007174087
43.118899016 0.999822496 -0.016989472 0.003851826 0.007176194
43.139120542 0.999822517 -0.016994262 0.003844301 0.007165997
43.159456715 0.999822632 -0.016989688 0.003845596 0.007160047
43.179430023 0.999822646 -0.016993633 0.003852652 0.007144902
43.199610015 0.999822680 -0.016971213 0.003852060 0.007193670
43.219832585 0.999822808 -0.016969732 0.003845262 0.007182977
43.240351694 0.999822920 -0.016978544 0.003835210 0.007151847
43.261066863 0.999823167 -0.016965642 0.003836472 0.007147273
43.280630834 0.999823012 -0.016969888 0.003826754 0.007163998
43.300767577 0.999822938 -0.016961824 0.003842442 0.007185078
43.320801993 0.999823024 -0.016958889 0.003844274 0.007178958
43.341021385 0.999823174 -0.016954212 0.003827312 0.007178207
43.361059121 0.999823061 -0.016951655 0.003839073 0.007193771
43.381244877 0.999823581 -0.016922836 0.003836638 0.007190563
43.401483066 0.999823571 -0.016916023 0.003843638 0.007204221
43.421574037 0.999823586 -0.016919051 0.003841819 0.007196093
43.441837631 0.999823701 -0.016913884 0.003838012 0.007194254
43.462061905 0.999823385 -0.016925785 0.003838147 0.007210145
43.482183509 0.999823451 -0.016930249 0.003846366 0.007186054
43.502254011 0.999823467 -0.016928186 0.003850277 0.007186511
43.522415544 0.999823808 -0.016914337 0.003842645 0.007175847
43.542618240 0.999823790 -0.016907961 0.003850269 0.007189253
43.562889064 0.999823324 -0.016932662 0.003855295 0.007193153
43.583102641 0.999822942 -0.016946953 0.003861834 0.007209201
43.603199274 0.999822777 -0.016951359 0.003859223 0.007223002
43.623589470 0.999822575 -0.016964172 0.003863334 0.007218699
43.643986672 0.999822755 -0.016956998 0.003860733 0.007211976
43.663755859 0.999822673 -0.016957337 0.003873518 0.007215732
43.684119555 0.999823231 -0.016936343 0.003865342 0.007192125
43.704134492 0.999823404 -0.016933568 0.003868567 0.007172774
43.724333227 0.999823434 -0.016931385 0.003860136 0.007178373
43.744415715 0.999823409 -0.016935515 0.003857186 0.007173606
43.764595697 0.999823809 -0.016918873 0.003850801 0.007160537
43.784769386 0.999823644 -0.016922295 0.003861179 0.007169903
43.805019945 0.999823535 -0.016929026 0.003861978 0.007168888
43.825333894 0.999823348 -0.016937632 0.003874693 0.007167720
43.845523773 0.999823192 -0.016935460 0.003875749 0.007193945
43.865770238 0.999823313 -0.016940908 0.003874166 0.007165188
43.885660055 0.999823267 -0.016940873 0.003874780 0.007171295
43.905804082 0.999823260 -0.016940577 0.003866103 0.007177656
43.926024222 0.999823624 -0.016913565 0.003861096 0.007193379
43.946202725 0.999823654 -0.016914256 0.003866528 0.007184661
43.966338467 0.999823488 -0.016924131 0.003873351 0.007180837
43.986626621 0.999823326 -0.016926872 0.003898286 0.007183415
44.006748585 0.999823247 -0.016920889 0.003904441 0.007205083
44.027203899 0.999823117 -0.016929764 0.003911992 0.007198258
44.047145998 0.999823198 -0.016942149 0.003909108 0.007159313
44.067265486 0.999823097 -0.016940382 0.003915259 0.007174143
44.087441143 0.999823126 -0.016938437 0.003908579 0.007178320
44.107611654 0.999823005 -0.016938099 0.003894369 0.007203689
44.127741377 0.999823648 -0.016923820 0.003887492 0.007151498
44.147967570 0.999823468 -0.016928541 0.003883622 0.007167668
44.168156398 0.999823456 -0.016937374 0.003881922 0.007149264
44.188317625 0.999823245 -0.016954075 0.003889744 0.007135013
44.208741112 0.999823161 -0.016948107 0.003883601 0.007164162
44.229007538 0.999822817 -0.016965740 0.003883343 0.007170621
44.248813462 0.999823070 -0.016965496 0.003881255 0.007137049
44.269160018 0.999823279 -0.016947450 0.003881239 0.007150595
44.289210513 0.999823387 -0.016941292 0.003880001 0.007150716
44.309376456 0.999823151 -0.016950392 0.003889672 0.007156865
44.329551625 0.999823281 -0.016949452 0.003887535 0.007142076
44.349846449 0.999823752 -0.016919720 0.003881236 0.007150042
44.369900481 0.999823785 -0.016919019 0.003877860 0.007149036
44.390047992 0.999823747 -0.016943794 0.003882352 0.007092966
44.410385192 0.999823859 -0.016936349 0.003869631 0.007101960
44.430503053 0.999823606 -0.016954970 0.003872432 0.007091556
44.450637330 0.999823950 -0.016936266 0.003872900 0.007087447
44.470909161 0.999823885 -0.016929583 0.003857107 0.007121216
44.490988056 0.999823965 -0.016922204 0.003852126 0.007130191
44.511290473 0.999824268 -0.016918766 0.003837787 0.007103479
44.531311998 0.999824174 -0.016922521 0.003844112 0.007104421
44.551525544 0.999823764 -0.016927456 0.003846764 0.007148744
44.571694633 0.999823977 -0.016912969 0.003865471 0.007143206
44.592034624 0.999824204 -0.016911330 0.003864427 0.007115746
44.612133175 0.999824117 -0.016917072 0.003858716 0.007117473
44.632306252 0.999824080 -0.016924157 0.003868416 0.007100462
44.652440631 0.999823767 -0.016921026 0.003882580 0.007144165
44.672575015 0.999823736 -0.016919393 0.003886768 0.007150082
44.692793984 0.999823772 -0.016916486 0.003899760 0.007144836
44.712921783 0.999823431 -0.016937460 0.003905274 0.007139835
44.733100029 0.999823503 -0.016933040 0.003912334 0.007136495
44.753294926 0.999823550 -0.016932477 0.003927318 0.007122981
44.773496334 0.999824117 -0.016903025 0.003921637 0.007116425
44.793933105 0.999824316 -0.016896355 0.003917137 0.007106776
44.813851415 0.999824344 -0.016888150 0.003912123 0.007125097
44.834103462 0.999824550 -0.016888564 0.003922982 0.007089124
44.854403279 0.999824386 -0.016885372 0.003951199 0.007104144
44.874303145 0.999824257 -0.016893691 0.003941312 0.007108010
44.894494902 0.999824346 -0.016883383 0.003936884 0.007122402
44.914773965 0.999823606 -0.016921624 0.003935173 0.007136510
44.934907142 0.999823631 -0.016919086 0.003943527 0.007134436
44.955258775 0.999823871 -0.016912900 0.003944074 0.007115065
44.975625013 0.999823837 -0.016919369 0.003951790 0.007100238
44.995675502 0.999823550 -0.016924938 0.003974726 0.007114547
45.015693561 0.999823428 -0.016937189 0.003981391 0.007098750
45.036187974 0.999823168 -0.016942575 0.003996552 0.007114025
45.056047696 0.999823037 -0.016950207 0.003995775 0.007114685
45.076458301 0.999823250 -0.016944481 0.003981831 0.007106248
45.096388575 0.999823167 -0.016954749 0.003985020 0.007091538
45.116545758 0.999823348 -0.016936023 0.004003404 0.007100520
45.136777078 0.999822955 -0.016953929 0.004015088 0.007106430
45.157038497 0.999822969 -0.016964429 0.004004698 0.007085341
45.177280928 0.999822862 -0.016970526 0.004006337 0.007084907
45.197331774 0.999822876 -0.016969401 0.004005397 0.007086044
45.217497615 0.999822866 -0.016964025 0.004006284 0.007099882
45.237735005 0.999822581 -0.016974585 0.003992220 0.007122603
45.257839693 0.999822532 -0.016971898 0.003997093 0.007133241
45.277933158 0.999822436 -0.016977255 0.003999059 0.007132756
45.298212677 0.999822891 -0.016947678 0.004004204 0.007136420
45.318282934 0.999823181 -0.016929625 0.003993259 0.007144872
45.338448189 0.999823498 -0.016906940 0.003995751 0.007152727
45.358839189 0.999823104 -0.016916887 0.003997694 0.007183115
45.378825971 0.999822412 -0.016949313 0.003996864 0.007203467
45.399184511 0.999822907 -0.016941405 0.003979584 0.007162871
45.419422632 0.999822951 -0.016941754 0.003986974 0.007151815
45.439564888 0.999822905 -0.016928457 0.003987009 0.007189573
45.459932670 0.999822651 -0.016939737 0.003984825 0.007199531
45.479782321 0.999822704 -0.016940169 0.003982762 0.007192325
45.499844217 0.999822373 -0.016954405 0.003988740 0.007201492
45.520049858 0.999822037 -0.016973990 0.003985359 0.007203788
45.540260830 0.999822506 -0.016957418 0.003987055 0.007176794
45.560747618 0.999822426 -0.016956813 0.003995193 0.007184813
45.580621380 0.999822415 -0.016961836 0.003991124 0.007176725
45.600762750 0.999822594 -0.016958166 0.003981706 0.007165710
45.621198429 0.999822488 -0.016957947 0.003971946 0.007186344
45.641149787 0.999822707 -0.016952511 0.003968680 0.007170550
45.661267277 0.999822882 -0.016948273 0.003965316 0.007158051
45.681395110 0.999822563 -0.016956581 0.003993444 0.007167241
45.701620803 0.999822846 -0.016945625 0.003989788 0.007155692
45.721864446 0.999822675 -0.016958369 0.003985972 0.007151481
45.742242080 0.999822136 -0.016976525 0.003994551 0.007178951
45.762169960 0.999822008 -0.016986252 0.003983379 0.007179965
45.782341424 0.999822332 -0.016976515 0.003981337 0.007158958
45.802569986 0.999822325 -0.016968460 0.003978366 0.007180714
45.822812529 0.999821856 -0.016993190 0.003985163 0.007183801
45.842887487 0.999821660 -0.017005386 0.003992387 0.007178125
45.863055931 0.999821388 -0.017016946 0.003990784 0.007189461
45.883169524 0.999821511 -0.017014466 0.003979070 0.007184846
45.903389168 0.999821371 -0.017030113 0.003973288 0.007170446
45.923568060 0.999821130 -0.017037956 0.003966537 0.007189103
45.943969663 0.999821009 -0.017050567 0.003975566 0.007170955
45.963960722 0.999820722 -0.017069843 0.003965633 0.007170581
45.984296811 0.999820522 -0.017075280 0.003982081 0.007176410
46.004686513 0.999820034 -0.017099440 0.004005191 0.007174024
46.024560922 0.999820258 -0.017087492 0.004002680 0.007172746
46.044657595 0.999820137 -0.017092195 0.004002835 0.007178238
46.064859962 0.999819935 -0.017106253 0.003980295 0.007185484
46.085042287 0.999820087 -0.017089916 0.003980571 0.007203049
46.105169941 0.999820158 -0.017080162 0.003983974 0.007214345
46.125470278 0.999819966 -0.017091421 0.004001773 0.007204504
46.145832289 0.999819718 -0.017115827 0.003993244 0.007185633
46.165900975 0.999819536 -0.017129374 0.003996580 0.007176819
46.185934750 0.999820053 -0.017099155 0.003993530 0.007178628
46.206206153 0.999819932 -0.017107052 0.003988228 0.007179644
46.226465126 0.999819913 -0.017103835 0.003989921 0.007188956
46.246373502 0.999820322 -0.017087816 0.003984084 0.007173341
46.266603073 0.999820346 -0.017097587 0.003974852 0.007151876
46.286808142 0.999819939 -0.017122126 0.003968763 0.007153470
46.306997729 0.999819698 -0.017132148 0.003964283 0.007165585
46.327117158 0.999819857 -0.017126091 0.003973471 0.007152761
46.347515061 0.999819974 -0.017116562 0.003980249 0.007155510
46.367446958 0.999819635 -0.017127819 0.003977512 0.007177324
46.387634836 0.999819378 -0.017141635 0.003979216 0.007179305
46.407806868 0.999819498 -0.017141579 0.003973972 0.007165595
46.428028171 0.999819346 -0.017143459 0.003974350 0.007181993
46.448175984 0.999819416 -0.017137260 0.003970678 0.007189087
46.468365250 0.999819213 -0.017149181 0.003973783 0.007187259
46.488565212 0.999819316 -0.017140288 0.003988950 0.007185689
46.508867496 0.999819469 -0.017136660 0.003987740 0.007173769
46.528900724 0.999819267 -0.017156681 0.003994521 0.007150189
46.549295143 0.999819282 -0.017153657 0.003979371 0.007163740
46.569271935 0.999819449 -0.017133097 0.003969970 0.007194873
46.589413389 0.999819464 -0.017137228 0.003964136 0.007186140
46.609613359 0.999819636 -0.017131910 0.003947582 0.007184031
46.629775007 0.999819639 -0.017129821 0.003948967 0.007187811
46.649946400 0.999819657 -0.017129329 0.003946100 0.007188017
46.670153877 0.999819609 -0.017134428 0.003948934 0.007181026
46.690310607 0.999819913 -0.017112013 0.003944372 0.007194590
46.710480247 0.999820272 -0.017093387 0.003943218 0.007189641
46.730682732 0.999820489 -0.017083608 0.003960478 0.007173143
46.751056331 0.999820735 -0.017071036 0.003956017 0.007171341
46.771095297 0.999820719 -0.017065566 0.003959761 0.007184427
46.791652307 0.999820602 -0.017074988 0.003955568 0.007180702
46.811365499 0.999820741 -0.017069624 0.003962805 0.007170098
46.831555359 0.999820810 -0.017067150 0.003960623 0.007167587
46.851848333 0.999821281 -0.017037436 0.003949709 0.007178581
46.871957184 0.999821615 -0.017021695 0.003942766 0.007173218
46.892293208 0.999821757 -0.017019287 0.003937139 0.007162131
46.912259805 0.999822353 -0.016989272 0.003926498 0.007156146
46.932410186 0.999822639 -0.016981699 0.003922496 0.007136338
46.952671451 0.999822729 -0.016981252 0.003917024 0.007127695
46.972876518 0.999822452 -0.016992499 0.003909085 0.007144080
46.993566856 0.999822676 -0.016973635 0.003906752 0.007158854
47.013169229 0.999822663 -0.016980682 0.003920425 0.007136543
47.033338451 0.999822666 -0.016978393 0.003928491 0.007137105
47.053621420 0.999823104 -0.016958980 0.003932528 0.007119570
47.073658826 0.999822875 -0.016969096 0.003928531 0.007129907
47.093855366 0.999822860 -0.016963915 0.003935607 0.007140388
47.114071724 0.999822874 -0.016968655 0.003926737 0.007132097
47.134336009 0.999822908 -0.016963907 0.003947854 0.007126969
47.154924236 0.999822664 -0.016978791 0.003941512 0.007129229
47.174650896 0.999822605 -0.016983964 0.003927804 0.007132765
47.194747537 0.999822370 -0.017001236 0.003917943 0.007129893
47.214963311 0.999822407 -0.016998721 0.003917885 0.007130812
47.235175944 0.999822290 -0.017000645 0.003928025 0.007136981
47.255265997 0.999822355 -0.016999392 0.003911356 0.007140051
47.275592393 0.999822342 -0.017011908 0.003905602 0.007115239
47.295591711 0.999822127 -0.017021982 0.003894609 0.007127291
47.315838980 0.999822211 -0.017018038 0.003898673 0.007122668
47.335982166 0.999822345 -0.017004970 0.003894125 0.007137528
47.356388155 0.999822298 -0.017005146 0.003894678 0.007143446
47.377144537 0.999822452 -0.016998124 0.003898548 0.007136472
47.396510183 0.999822594 -0.016986251 0.003900744 0.007143656
47.416693147 0.999822638 -0.016990962 0.003897914 0.007127821
47.436862505 0.999822364 -0.017003616 0.003897570 0.007136310
47.457268324 0.999822483 -0.016989531 0.003894428 0.007154832
47.477258277 0.999822905 -0.016971341 0.003887149 0.007143027
47.497412814 0.999823425 -0.016948335 0.003890521 0.007123020
47.517579444 0.999823402 -0.016940275 0.003890162 0.007145486
47.537770393 0.999823591 -0.016932157 0.003886757 0.007140178
47.558086373 0.999823613 -0.016924972 0.003913715 0.007139456
47.578285372 0.999823448 -0.016932269 0.003919314 0.007142192
47.598417544 0.999823356 -0.016931108 0.003911823 0.007161841
47.618533535 0.999823405 -0.016934990 0.003911972 0.007145789
47.638788015 0.999823292 -0.016949304 0.003910834 0.007128243
47.658916660 0.999822981 -0.016963634 0.003909760 0.007138270
47.678985962 0.999823068 -0.016947427 0.003921804 0.007157961
47.699188841 0.999823218 -0.016931892 0.003938669 0.007164590
47.719350995 0.999823430 -0.016923148 0.003932211 0.007159230
47.739893978 0.999823670 -0.016910593 0.003938586 0.007151823
47.760651955 0.999823610 -0.016926105 0.003951960 0.007116060
47.779844876 0.999823448 -0.016924697 0.003941608 0.007147859
47.800213780 0.999823400 -0.016923647 0.003957288 0.007148300
47.820256117 0.999823174 -0.016935396 0.003965744 0.007147484
47.840409315 0.999823524 -0.016930582 0.003946657 0.007120359
47.860786137 0.999823696 -0.016926398 0.003934689 0.007112756
47.880827896 0.999823476 -0.016934389 0.003940067 0.007121745
47.900981719 0.999823336 -0.016940866 0.003948522 0.007121322
47.921155033 0.999823061 -0.016950411 0.003958117 0.007131890
47.941363176 0.999823217 -0.016951049 0.003953345 0.007111154
47.961488061 0.999823062 -0.016963355 0.003943080 0.007109294
47.982072055 0.999823590 -0.016927647 0.003950091 0.007116273
48.001850065 0.999823544 -0.016932110 0.003951959 0.007111065
48.022163016 0.999823295 -0.016933166 0.003965657 0.007135774
48.042171004 0.999823211 -0.016943208 0.003975112 0.007118554
48.062481286 0.999823031 -0.016950623 0.003956173 0.007136668
48.082625278 0.999823375 -0.016931520 0.003965040 0.007128908
48.102756012 0.999823441 -0.016915660 0.003982849 0.007147284
48.123133095 0.999823895 -0.016900827 0.003973701 0.007123913
48.143132833 0.999824128 -0.016882436 0.003969499 0.007137214
48.163370037 0.999824316 -0.016880179 0.003959681 0.007121583
48.183540125 0.999824334 -0.016884701 0.003967396 0.007104057
48.203633652 0.999824525 -0.016875214 0.003967501 0.007099737
48.223815037 0.999824296 -0.016877864 0.003974411 0.007121750
48.243966748 0.999824275 -0.016888121 0.003981983 0.007096078
48.264164325 0.999824181 -0.016895038 0.003972580 0.007098177
48.284314297 0.999823917 -0.016902588 0.003984324 0.007110736
48.304476883 0.999823592 -0.016919471 0.003984244 0.007116299
48.325042198 0.999823783 -0.016904631 0.003977749 0.007128379
48.345431648 0.999823656 -0.016901376 0.003984718 0.007149941
48.365035649 0.999823797 -0.016896145 0.003993373 0.007137767
48.385216139 0.999823754 -0.016895652 0.003998788 0.007141959
48.405370760 0.999824009 -0.016883062 0.003995895 0.007137634
48.425525391 0.999824335 -0.016870533 0.003984492 0.007127922
48.445896410 0.999823974 -0.016881135 0.003982305 0.007154700
48.465921265 0.999824082 -0.016872778 0.003979560 0.007160873
48.486094758 0.999824081 -0.016872227 0.003978294 0.007163021
48.506366102 0.999823976 -0.016880533 0.003973502 0.007160650
48.526802833 0.999823992 -0.016887478 0.003970692 0.007143585
48.546678110 0.999823973 -0.016883064 0.003982442 0.007150194
48.566828523 0.999823851 -0.016888039 0.003987086 0.007152952
48.586999959 0.999824182 -0.016870235 0.003977351 0.007154074
48.607161434 0.999823950 -0.016883027 0.003974216 0.007158088
48.627294698 0.999824424 -0.016859881 0.003977600 0.007144457
48.647469974 0.999824574 -0.016862928 0.003970270 0.007120339
48.667706197 0.999824514 -0.016864096 0.003977251 0.007122165
48.687887582 0.999824567 -0.016871305 0.003974181 0.007099297
48.708223839 0.999824550 -0.016869481 0.003972099 0.007107147
48.728466463 0.999824939 -0.016853265 0.003967801 0.007093334
48.748450469 0.999824863 -0.016851377 0.003982610 0.007100268
48.768567519 0.999824681 -0.016864690 0.003982699 0.007094140
48.788861663 0.999824861 -0.016859945 0.003971492 0.007086404
48.808958983 0.999824659 -0.016867085 0.003981937 0.007092040
48.829182204 0.999824677 -0.016869462 0.003976611 0.007086890
48.849364076 0.999824883 -0.016862548 0.003973386 0.007075995
48.869425967 0.999824919 -0.016867053 0.003960894 0.007067195
48.889618769 0.999825572 -0.016822738 0.003952389 0.007085240
48.910189237 0.999825691 -0.016814313 0.003950346 0.007089459
48.930019370 0.999825540 -0.016817981 0.003958564 0.007097470
48.950352584 0.999825364 -0.016828028 0.003952906 0.007101592
48.970434880 0.999825492 -0.016840280 0.003951284 0.007055281
48.990555980 0.999825474 -0.016841182 0.003949802 0.007056579
49.010755576 0.999825153 -0.016854521 0.003964725 0.007061799
49.030986760 0.999824930 -0.016870669 0.003961107 0.007056936
49.051193839 0.999824865 -0.016872315 0.003963046 0.007061129
49.071220565 0.999824805 -0.016867168 0.003953217 0.007087267
49.091419381 0.999824260 -0.016899791 0.003960566 0.007082314
49.111760695 0.999824699 -0.016874576 0.003962441 0.007079486
49.131824910 0.999824933 -0.016859453 0.003967576 0.007079578
49.152036752 0.999825293 -0.016840323 0.003964200 0.007076235
49.172153393 0.999825268 -0.016842244 0.003965321 0.007074454
49.192581986 0.999825243 -0.016848715 0.003973889 0.007057758
49.212471141 0.999825569 -0.016837243 0.003954907 0.007049612
49.232777004 0.999825696 -0.016822379 0.003945508 0.007072418
49.252844441 0.999825791 -0.016814748 0.003946938 0.007076215
49.273015326 0.999826134 -0.016799658 0.003938704 0.007068163
49.293557659 0.999825790 -0.016810414 0.003939226 0.007090961
49.313476331 0.999825603 -0.016814004 0.003945315 0.007105432
49.333658588 0.999825486 -0.016828525 0.003942126 0.007089319
49.353818226 0.999825602 -0.016812227 0.003944550 0.007110199
49.373956920 0.999825548 -0.016812675 0.003934796 0.007122109
49.394138135 0.999825518 -0.016811716 0.003937543 0.007127154
49.414330606 0.999825120 -0.016834840 0.003941617 0.007126133
49.434387895 0.999824933 -0.016839174 0.003955749 0.007134318
49.454750181 0.999824570 -0.016869101 0.003950255 0.007117478
49.474848599 0.999824608 -0.016867982 0.003942791 0.007118956
49.495192276 0.999824459 -0.016875480 0.003943295 0.007121850
49.515284561 0.999824590 -0.016880489 0.003950657 0.007087297
49.535609252 0.999824421 -0.016879564 0.003946082 0.007115927
49.555515770 0.999824507 -0.016878470 0.003940688 0.007109417
49.575926282 0.999824473 -0.016867578 0.003931964 0.007144731
49.595866258 0.999824455 -0.016871734 0.003927384 0.007139955
49.616065153 0.999824616 -0.016861188 0.003931116 0.007140340
49.636399461 0.999824259 -0.016877620 0.003937437 0.007147992
49.656492038 0.999823784 -0.016910358 0.003960688 0.007124229
49.676558169 0.999823810 -0.016906278 0.003969155 0.007125524
49.696748123 0.999823454 -0.016924326 0.003967844 0.007133288
49.716953075 0.999823789 -0.016919685 0.003960204 0.007101604
49.737121403 0.999823526 -0.016925902 0.003963909 0.007121634
49.757396114 0.999823448 -0.016937892 0.003957430 0.007107630
49.777434031 0.999823672 -0.016919479 0.003958600 0.007119417
49.797608211 0.999823907 -0.016901747 0.003947593 0.007134612
49.817793061 0.999823601 -0.016915792 0.003947714 0.007144150
49.837946002 0.999823848 -0.016918807 0.003961199 0.007094797
49.858503385 0.999823725 -0.016915169 0.003959304 0.007121753
49.878328776 0.999823729 -0.016910789 0.003973379 0.007123738
49.898485797 0.999823872 -0.016906270 0.003965776 0.007118661
49.918700589 0.999823814 -0.016895225 0.003964464 0.007153629
49.938893534 0.999824050 -0.016892529 0.003964381 0.007127064
49.959424214 0.999824327 -0.016890610 0.003963312 0.007093275
49.979293601 0.999824340 -0.016894142 0.003968390 0.007080150
49.999370491 0.999823852 -0.016911903 0.003964977 0.007108497
50.019653027 0.999823633 -0.016926691 0.003958798 0.007107584
50.039844346 0.999823267 -0.016950954 0.003966315 0.007097005
50.060477166 0.999823034 -0.016959791 0.003980462 0.007100907
50.080180221 0.999823006 -0.016965313 0.003978397 0.007092718
50.100238937 0.999822852 -0.016972301 0.003985315 0.007093932
50.120668707 0.999822685 -0.016984419 0.003978460 0.007092281
50.140687196 0.999822403 -0.016995728 0.003975388 0.007106625
50.160992688 0.999821983 -0.017016537 0.003968122 0.007120003
50.181028844 0.999821905 -0.017016856 0.003970167 0.007129022
50.201181709 0.999822291 -0.017002809 0.003964849 0.007111338
50.241504968 0.999822199 -0.016999418 0.003968735 0.007130218
50.261740119 0.999822376 -0.016981074 0.003981320 0.007142001
50.281839331 0.999822677 -0.016966953 0.003969661 0.007139971
50.302046701 0.999822844 -0.016958224 0.003969309 0.007137452
50.322220761 0.999822985 -0.016958626 0.003968843 0.007117008
50.342543479 0.999823130 -0.016949159 0.003960763 0.007123674
50.362645462 0.999823060 -0.016953803 0.003956663 0.007124792
50.382840198 0.999823121 -0.016954981 0.003951364 0.007116295
50.402976943 0.999822979 -0.016963201 0.003944181 0.007120676
50.423140939 0.999823076 -0.016957017 0.003946866 0.007120359
50.443380238 0.999822948 -0.016952162 0.003941830 0.007152516
50.463481588 0.999823137 -0.016948774 0.003941018 0.007134590
50.483677601 0.999823141 -0.016935724 0.003939349 0.007165873
50.503967687 0.999823080 -0.016945123 0.003940263 0.007151654
50.524290558 0.999823288 -0.016935887 0.003945492 0.007141524
50.544297878 0.999823552 -0.016910032 0.003940337 0.007168604
50.564352557 0.999823540 -0.016910044 0.003928829 0.007176628
50.584681357 0.999823445 -0.016915306 0.003921141 0.007181572
50.604858237 0.999823438 -0.016920581 0.003924965 0.007168099
50.625245794 0.999823721 -0.016910459 0.003911337 0.007159986
50.645114099 0.999823481 -0.016917477 0.003912246 0.007176408
50.665296728 0.999823730 -0.016910688 0.003903274 0.007162548
50.685383295 0.999823284 -0.016928414 0.003887574 0.007191405
50.705595234 0.999823335 -0.016924478 0.003886095 0.007194425
50.725850030 0.999823129 -0.016935752 0.003896887 0.007190619
50.746402927 0.999822947 -0.016947111 0.003889712 0.007193009
50.766242687 0.999823314 -0.016929313 0.003884824 0.007186641
50.786308683 0.999823312 -0.016932369 0.003886613 0.007178762
50.806594214 0.999823055 -0.016944203 0.003882679 0.007188679
50.826782730 0.999822902 -0.016944604 0.003877107 0.007212009
50.846859635 0.999822884 -0.016944289 0.003877900 0.007214792
50.867074390 0.999822882 -0.016935732 0.003892406 0.007227377
50.887235996 0.999822485 -0.016959360 0.003886125 0.007230321
50.907492392 0.999822698 -0.016941752 0.003895076 0.007237313
50.927987495 0.999822862 -0.016938304 0.003896323 0.007221964
50.947764195 0.999822617 -0.016949331 0.003897003 0.007229696
50.967956405 0.999822562 -0.016955463 0.003892607 0.007225308
50.988078703 0.999822129 -0.016963341 0.003893094 0.007266323
51.008342681 0.999821784 -0.016974190 0.003875151 0.007297940
51.028425012 0.999822447 -0.016943311 0.003867949 0.007282636
51.048661110 0.999822636 -0.016942955 0.003860911 0.007261280
51.068874129 0.999822662 -0.016946048 0.003857527 0.007252276
51.089063986 0.999822825 -0.016929390 0.003848654 0.007273366
51.109479581 0.999822307 -0.016964305 0.003854459 0.007260186
51.129314094 0.999822295 -0.016957065 0.003849520 0.007281265
51.149505012 0.999822225 -0.016956967 0.003854492 0.007288478
51.169707371 0.999821935 -0.016967444 0.003852242 0.007305157
51.189904791 0.999821793 -0.016988922 0.003860621 0.007270169
51.210066649 0.999822196 -0.016970114 0.003857868 0.007260034
51.230236674 0.999821934 -0.016985804 0.003848295 0.007264535
51.250464515 0.999821572 -0.017006306 0.003842042 0.007269759
51.270698954 0.999821656 -0.017000078 0.003851194 0.007267838
51.290785996 0.999821637 -0.016999832 0.003851624 0.007270756
51.310938856 0.999821822 -0.016990666 0.003848894 0.007268272
51.331110592 0.999821928 -0.016984168 0.003849738 0.007268350
51.351322355 0.999821996 -0.016987434 0.003843727 0.007254641
51.371433477 0.999822066 -0.016979044 0.003846800 0.007262921
51.392108998 0.999821979 -0.016998013 0.003856126 0.007225484
51.411832755 0.999821973 -0.016990607 0.003856581 0.007243536
51.432058830 0.999822447 -0.016973320 0.003851243 0.007221409
51.452231961 0.999822653 -0.016963719 0.003851607 0.007215303
51.472411281 0.999822695 -0.016946756 0.003857650 0.007246014
51.493199303 0.999822232 -0.016967237 0.003867895 0.007256465
51.512835637 0.999822351 -0.016961199 0.003875275 0.007250302
51.532898801 0.999822104 -0.016975337 0.003885465 0.007245811
51.553169045 0.999821904 -0.016981762 0.003879946 0.007261206
51.573225869 0.999822154 -0.016964523 0.003886255 0.007263815
51.593722737 0.999822080 -0.016959233 0.003879880 0.007289736
51.613712354 0.999822503 -0.016947455 0.003874626 0.007261826
51.633874849 0.999822657 -0.016951546 0.003869334 0.007233793
51.653930579 0.999822519 -0.016955465 0.003863652 0.007246721
51.674125230 0.999822440 -0.016949843 0.003863429 0.007270863
51.694273897 0.999822347 -0.016966988 0.003851385 0.007249958
51.714432793 0.999822106 -0.016969471 0.003865365 0.007269931
51.734615432 0.999821662 -0.016994769 0.003882699 0.007262738
51.755000832 0.999821440 -0.017010511 0.003883465 0.007255997
51.775234108 0.999821237 -0.017021871 0.003882945 0.007257618
51.795618363 0.999821455 -0.017010058 0.003890066 0.007251386
51.815344420 0.999821246 -0.017016116 0.003893668 0.007264081
51.835512863 0.999821119 -0.017022518 0.003898021 0.007264265
51.855814409 0.999820888 -0.017034581 0.003887524 0.007273391
51.875875825 0.999820992 -0.017044274 0.003873266 0.007243963
51.896168882 0.999820693 -0.017059848 0.003876314 0.007246864
51.916269832 0.999820468 -0.017076507 0.003898889 0.007226511
51.936454746 0.999820724 -0.017064767 0.003901105 0.007217721
51.956703632 0.999820674 -0.017068776 0.003895046 0.007218438
51.977052338 0.999820607 -0.017073083 0.003893907 0.007218127
51.997119324 0.999820551 -0.017083155 0.003896024 0.007200836
52.017149958 0.999820593 -0.017079518 0.003893336 0.007205070
52.037376217 0.999820210 -0.017099027 0.003893095 0.007212169
52.057562972 0.999820394 -0.017082160 0.003909334 0.007217752
52.077634535 0.999820315 -0.017080276 0.003900961 0.007237683
52.097840600 0.999820342 -0.017078817 0.003896428 0.007239865
52.118023469 0.999820377 -0.017068800 0.003905040 0.007254004
52.138229520 0.999820237 -0.017081068 0.003900839 0.007246676
52.158638244 0.999820323 -0.017078521 0.003885701 0.007248931
52.179338514 0.999819973 -0.017087151 0.003880247 0.007279751
52.199017681 0.999819975 -0.017095374 0.003851999 0.007275125
52.218900311 0.999819901 -0.017098221 0.003866226 0.007271083
52.239103974 0.999820034 -0.017078847 0.003873272 0.007294575
52.259416295 0.999820171 -0.017063746 0.003886814 0.007303906
52.279393395 0.999820461 -0.017061457 0.003880849 0.007272640
52.299826293 0.999820450 -0.017065904 0.003885870 0.007261008
52.319897430 0.999820632 -0.017054784 0.003875022 0.007267902
52.340311173 0.999820801 -0.017042247 0.003870220 0.007276562
52.360607699 0.999821577 -0.017020888 0.003854426 0.007228143
52.380383559 0.999821456 -0.017025669 0.003865729 0.007227599
52.400485222 0.999821705 -0.017004397 0.003858722 0.007246944
52.420791881 0.999821413 -0.017026746 0.003849193 0.007239817
52.440935145 0.999821124 -0.017042775 0.003848623 0.007242425
52.461135755 0.999821174 -0.017034236 0.003845476 0.007257227
52.481341838 0.999820867 -0.017067510 0.003834405 0.007227074
52.501488779 0.999820649 -0.017086791 0.003833354 0.007212337
52.521768373 0.999820339 -0.017106318 0.003840247 0.007205340
52.541775961 0.999820347 -0.017112850 0.003832928 0.007192574
52.561976505 0.999820510 -0.017103776 0.003835909 0.007189893
52.582081230 0.999820333 -0.017104644 0.003829504 0.007215816
52.602271101 0.999821021 -0.017065287 0.003841781 0.007207122
52.622467497 0.999821152 -0.017064484 0.003847450 0.007187796
52.642861119 0.999821204 -0.017062537 0.003832271 0.007193333
52.662795343 0.999821318 -0.017042736 0.003830545 0.007225245
52.683001554 0.999821609 -0.017033552 0.003825460 0.007209293
52.703207269 0.999821408 -0.017036721 0.003828015 0.007228286
52.723373486 0.999821480 -0.017023681 0.003830065 0.007247992
52.743514932 0.999821792 -0.017012695 0.003837960 0.007226497
52.763735455 0.999821700 -0.017011546 0.003853529 0.007233622
52.783900181 0.999821537 -0.017020937 0.003849990 0.007235975
52.804281955 0.999821603 -0.017024197 0.003850293 0.007219026
52.824252228 0.999821498 -0.017036042 0.003845016 0.007208420
52.844518108 0.999821467 -0.017039898 0.003842797 0.007204772
52.864624220 0.999821582 -0.017035477 0.003854019 0.007193210
52.884875577 0.999821637 -0.017026460 0.003837536 0.007215759
52.904958549 0.999821688 -0.017017512 0.003838523 0.007229316
52.925198892 0.999821555 -0.017026182 0.003854478 0.007218749
52.945563713 0.999821895 -0.017007906 0.003858044 0.007212793
52.965479707 0.999821831 -0.017004824 0.003858072 0.007228880
52.985714585 0.999822003 -0.017004803 0.003856892 0.007205802
53.005984317 0.999821937 -0.016991226 0.003861048 0.007244580
53.026241716 0.999821828 -0.017014411 0.003860716 0.007205397
53.046377592 0.999822022 -0.017004316 0.003871508 0.007196503
53.066303324 0.999821757 -0.017016772 0.003875050 0.007201972
53.086513702 0.999821745 -0.017015554 0.003885857 0.007200612
53.106733810 0.999821223 -0.017051837 0.003884555 0.007187992
53.126877522 0.999820970 -0.017064191 0.003868559 0.007202501
53.147056543 0.999821103 -0.017058015 0.003858819 0.007203868
53.167258841 0.999820840 -0.017078161 0.003868272 0.007187561
53.187481065 0.999821018 -0.017073513 0.003870777 0.007172512
53.207628151 0.999821315 -0.017052732 0.003853291 0.007189838
53.227914844 0.999821624 -0.017030096 0.003857679 0.007198255
53.248148758 0.999821701 -0.017025922 0.003862360 0.007194915
53.268103563 0.999821612 -0.017029795 0.003862990 0.007197692
53.288306195 0.999821641 -0.017024011 0.003870247 0.007203519
53.308730326 0.999821853 -0.017007961 0.003870111 0.007212021
53.328770284 0.999822027 -0.017008612 0.003857938 0.007192883
53.348832195 0.999822170 -0.016997286 0.003850612 0.007203707
53.369032455 0.999822324 -0.016987775 0.003854241 0.007202877
53.389162332 0.999821889 -0.017007454 0.003874166 0.007206070
53.409556545 0.999821611 -0.017010705 0.003888101 0.007229422
53.429862380 0.999821631 -0.017014119 0.003883913 0.007220931
53.449953923 0.999821807 -0.017011108 0.003874975 0.007208399
53.470051768 0.999821437 -0.017025397 0.003884493 0.007220885
53.490070037 0.999821590 -0.017017850 0.003886271 0.007216492
53.510309484 0.999821456 -0.017029772 0.003875573 0.007212634
53.530456703 0.999821553 -0.017031107 0.003882655 0.007192238
53.550641271 0.999821541 -0.017025960 0.003882702 0.007206118
53.570819176 0.999821618 -0.017015675 0.003882417 0.007219876
53.590962922 0.999821743 -0.017016480 0.003874532 0.007204870
53.611160835 0.999821422 -0.017028370 0.003890307 0.007212779
53.631274623 0.999821375 -0.017032567 0.003891615 0.007208722
53.651552801 0.999821533 -0.017031193 0.003899108 0.007185863
53.671772964 0.999821664 -0.017019327 0.003906570 0.007191729
53.691979494 0.999821869 -0.016999578 0.003905644 0.007210398
53.712136213 0.999822218 -0.016993057 0.003901067 0.007179807
53.732190670 0.999822585 -0.016980925 0.003889040 0.007163983
53.752643796 0.999822904 -0.016962337 0.003884449 0.007165886
53.772825078 0.999822662 -0.016979522 0.003896770 0.007152254
53.792837352 0.999822685 -0.016976754 0.003907386 0.007149865
53.813001380 0.999823021 -0.016954836 0.003890048 0.007164369
53.833196354 0.999823237 -0.016952236 0.003884828 0.007143111
53.853363552 0.999823218 -0.016942742 0.003900003 0.007160060
53.873442741 0.999823108 -0.016940230 0.003908458 0.007176736
53.893684017 0.999823005 -0.016950398 0.003914738 0.007163654
53.914192825 0.999822961 -0.016955274 0.003917473 0.007156699
53.934195187 0.999823612 -0.016926882 0.003908131 0.007138067
53.954280371 0.999823853 -0.016919813 0.003894281 0.007128628
53.974628473 0.999824164 -0.016890006 0.003885437 0.007160476
53.994613824 0.999824145 -0.016894496 0.003896382 0.007146544
54.014787093 0.999824088 -0.016889985 0.003888183 0.007169643
54.034961496 0.999823850 -0.016906368 0.003885670 0.007165534
54.055174541 0.999823812 -0.016920809 0.003880528 0.007139496
54.075500139 0.999824081 -0.016897931 0.003867264 0.007163186
54.095386896 0.999824154 -0.016884879 0.003853735 0.007190994
54.115570560 0.999824110 -0.016884352 0.003862434 0.007193658
54.135752996 0.999823797 -0.016899839 0.003863861 0.007200093
54.155942206 0.999823834 -0.016897970 0.003853763 0.007204772
54.176114203 0.999824016 -0.016895721 0.003844219 0.007189761
54.196325222 0.999823558 -0.016927878 0.003844493 0.007177655
54.216453220 0.999823241 -0.016939843 0.003841710 0.007195063
54.236794708 0.999822991 -0.016955542 0.003853516 0.007186565
54.256856045 0.999823084 -0.016942751 0.003852050 0.007204550
54.277114609 0.999823033 -0.016949904 0.003857935 0.007191620
54.297165308 0.999823061 -0.016949793 0.003863742 0.007184868
54.317315050 0.999823732 -0.016924478 0.003874684 0.007145150
54.337485270 0.999823774 -0.016920001 0.003870069 0.007152386
54.357936445 0.999823860 -0.016916705 0.003864246 0.007151326
54.378131577 0.999823863 -0.016915092 0.003866518 0.007153542
54.398194880 0.999823735 -0.016922160 0.003857949 0.007159304
54.418300468 0.999823766 -0.016926997 0.003868144 0.007138032
54.438361824 0.999824007 -0.016916317 0.003861349 0.007133265
54.458659055 0.999824077 -0.016903450 0.003855709 0.007156924
54.478775029 0.999823858 -0.016907748 0.003862152 0.007173884
54.498906231 0.999824370 -0.016882734 0.003871739 0.007156234
54.519295711 0.999823894 -0.016912171 0.003882037 0.007147624
54.539432641 0.999824292 -0.016902274 0.003879987 0.007116462
54.559579182 0.999824321 -0.016896629 0.003886294 0.007122358
54.579754563 0.999824289 -0.016892786 0.003893411 0.007132105
54.600163329 0.999824266 -0.016899675 0.003907724 0.007111068
54.619996872 0.999824178 -0.016904121 0.003911981 0.007110546
54.640183865 0.999824300 -0.016900719 0.003922555 0.007095660
54.660589096 0.999823841 -0.016926894 0.003927963 0.007095007
54.680552337 0.999823797 -0.016931247 0.003939087 0.007084582
54.700929102 0.999823308 -0.016961401 0.003917710 0.007093372
54.721062594 0.999822994 -0.016979106 0.003917050 0.007095527
54.741091672 0.999822776 -0.016992521 0.003906467 0.007100047
54.761323403 0.999822992 -0.016984019 0.003919091 0.007082946
54.781393608 0.999823421 -0.016952250 0.003919640 0.007098208
54.801603638 0.999823863 -0.016936429 0.003917957 0.007074549
54.821830627 0.999824181 -0.016921683 0.003923223 0.007062067
54.841995435 0.999824126 -0.016921739 0.003914213 0.007074707
54.862753968 0.999823778 -0.016944807 0.003913670 0.007068871
54.882491537 0.999824001 -0.016939377 0.003899230 0.007058399
54.902496358 0.999824263 -0.016930458 0.003882940 0.007051626
54.922690207 0.999824164 -0.016937529 0.003885821 0.007047047
54.942919677 0.999824230 -0.016937255 0.003884646 0.007038973
54.963070872 0.999823804 -0.016938328 0.003894685 0.007091206
54.983225106 0.999823918 -0.016939448 0.003889442 0.007075286
55.003361144 0.999824493 -0.016892854 0.003883423 0.007108764
55.023781704 0.999824814 -0.016871048 0.003873670 0.007120647
55.044103502 0.999825195 -0.016852663 0.003868289 0.007113661
55.063875787 0.999825079 -0.016853508 0.003846564 0.007139652
55.084068733 0.999825345 -0.016836497 0.003865531 0.007132301
55.104248682 0.999825417 -0.016824985 0.003867218 0.007148411
55.124500358 0.999825289 -0.016819618 0.003872110 0.007176267
55.144652902 0.999825548 -0.016803342 0.003877015 0.007175678
55.164849482 0.999825458 -0.016819616 0.003880278 0.007148272
55.185003963 0.999825347 -0.016823102 0.003885810 0.007152526
55.205171877 0.999825158 -0.016834168 0.003875259 0.007158728
55.225411959 0.999825042 -0.016842726 0.003867868 0.007158808
55.245647016 0.999825540 -0.016820419 0.003863589 0.007143934
55.265672493 0.999825425 -0.016825760 0.003867232 0.007145440
55.285874865 0.999824912 -0.016853303 0.003865038 0.007153493
55.306108137 0.999824723 -0.016860266 0.003864685 0.007163703
55.326249413 0.999824756 -0.016855995 0.003861440 0.007170886
55.346422608 0.999824883 -0.016852846 0.003862994 0.007159758
55.366663624 0.999824758 -0.016867356 0.003851237 0.007149398
55.386849050 0.999824697 -0.016860372 0.003852425 0.007173655
55.406915098 0.999824895 -0.016850828 0.003852862 0.007168350
55.427136599 0.999824806 -0.016856727 0.003845881 0.007170573
55.447272850 0.999825006 -0.016847253 0.003852417 0.007161500
55.467492849 0.999825142 -0.016846937 0.003847613 0.007145731
55.487623715 0.999825134 -0.016842314 0.003839545 0.007162118
55.508019736 0.999824608 -0.016867466 0.003840506 0.007175767
55.528174216 0.999824979 -0.016855789 0.003823617 0.007160584
55.548510395 0.999824937 -0.016863392 0.003814232 0.007153556
55.568303017 0.999824895 -0.016863588 0.003814807 0.007158696
55.588620808 0.999825015 -0.016856738 0.003808265 0.007161495
55.608980580 0.999825158 -0.016845926 0.003800596 0.007171064
55.628875236 0.999825211 -0.016851784 0.003795073 0.007152741
55.649445819 0.999824998 -0.016860586 0.003811302 0.007153211
55.669352365 0.999825094 -0.016853376 0.003812101 0.007156288
55.689612114 0.999824703 -0.016873528 0.003828488 0.007154729
55.709851977 0.999824985 -0.016867791 0.003826007 0.007130107
55.729762998 0.999824888 -0.016873362 0.003828864 0.007129078
55.749928875 0.999824982 -0.016868749 0.003821306 0.007130835
55.770147026 0.999824922 -0.016866694 0.003811555 0.007149214
55.790262339 0.999825168 -0.016850680 0.003813682 0.007151529
55.810426164 0.999824991 -0.016872914 0.003827270 0.007116448
55.830676112 0.999824990 -0.016868614 0.003821219 0.007130032
55.851000692 0.999824691 -0.016869507 0.003818156 0.007171320
55.871226044 0.999824738 -0.016866200 0.003821940 0.007170591
55.891154702 0.999824758 -0.016865036 0.003827083 0.007167861
55.911387193 0.999825193 -0.016855754 0.003826962 0.007128862
55.931599683 0.999824933 -0.016868333 0.003829249 0.007134462
55.951816120 0.999824771 -0.016881035 0.003827586 0.007127981
55.971959865 0.999824692 -0.016880635 0.003819748 0.007144096
55.992438064 0.999824548 -0.016880977 0.003824525 0.007160961
56.012313135 0.999824388 -0.016897904 0.003817194 0.007147227
56.032475846 0.999824606 -0.016886584 0.003813746 0.007145357
56.052731138 0.999824593 -0.016898198 0.003823403 0.007114438
56.072838799 0.999824803 -0.016885818 0.003827330 0.007112283
56.092985992 0.999824040 -0.016921420 0.003844015 0.007125813
56.113142360 0.999824170 -0.016914994 0.003845634 0.007122019
56.133277591 0.999824408 -0.016903906 0.003853698 0.007110543
56.153545395 0.999824424 -0.016895203 0.003853645 0.007128989
56.173724837 0.999824419 -0.016908540 0.003865017 0.007091872
56.193990051 0.999824302 -0.016917897 0.003854067 0.007091994
56.214084929 0.999824141 -0.016929366 0.003851694 0.007088641
56.234237931 0.999824063 -0.016936909 0.003857831 0.007078165
56.254523036 0.999824548 -0.016923665 0.003848016 0.007046631
56.274518753 0.999824612 -0.016919662 0.003850102 0.007046091
56.294767651 0.999824847 -0.016901751 0.003841885 0.007060105
56.315084076 0.999824611 -0.016923568 0.003836171 0.007044468
56.335297582 0.999824474 -0.016922537 0.003842818 0.007062718
56.355680019 0.999824230 -0.016948262 0.003841195 0.007036364
56.375944408 0.999823943 -0.016965442 0.003840925 0.007035862
56.395699236 0.999823595 -0.016978773 0.003844910 0.007050969
56.415802606 0.999823850 -0.016966710 0.003830296 0.007051822
56.435933634 0.999823785 -0.016973506 0.003832498 0.007043458
56.456265144 0.999824146 -0.016953741 0.003844051 0.007033553
56.476513492 0.999823580 -0.016985538 0.003853285 0.007032296
56.496729512 0.999824057 -0.016960889 0.003833290 0.007034859
56.516769551 0.999824297 -0.016964121 0.003826270 0.006996676
56.536863758 0.999824377 -0.016958943 0.003821987 0.007000107
56.557099647 0.999824082 -0.016969488 0.003824681 0.007015158
56.577225655 0.999823933 -0.016974586 0.003836894 0.007017519
56.597358374 0.999824076 -0.016979934 0.003848601 0.006977563
56.617568896 0.999824064 -0.016978799 0.003851230 0.006980595
56.637855778 0.999824452 -0.016955265 0.003850531 0.006982640
56.658081937 0.999824519 -0.016943267 0.003860102 0.006996830
56.678200612 0.999824563 -0.016944024 0.003870067 0.006983206
56.698370624 0.999824796 -0.016942361 0.003868204 0.006954907
56.718436722 0.999824832 -0.016939752 0.003874499 0.006952594
56.738747161 0.999824666 -0.016955278 0.003858761 0.006947410
56.759001987 0.999824665 -0.016945560 0.003856593 0.006972332
56.778996178 0.999824225 -0.016968110 0.003860624 0.006978428
56.799236913 0.999824406 -0.016958011 0.003874695 0.006969148
56.839516694 0.999824312 -0.016971322 0.003870849 0.006952398
56.859996157 0.999824086 -0.016978056 0.003884817 0.006960718
56.879897854 0.999824050 -0.016981302 0.003875730 0.006962988
56.900041058 0.999824360 -0.016965024 0.003879254 0.006956217
56.920236762 0.999824251 -0.016972267 0.003880421 0.006953603
56.940465171 0.999824254 -0.016972139 0.003883742 0.006951535
56.960750518 0.999824349 -0.016975374 0.003892496 0.006925086
56.980874014 0.999824313 -0.016970207 0.003895810 0.006940967
57.001019925 0.999824156 -0.016978838 0.003883128 0.006949611
57.021209688 0.999824011 -0.016984053 0.003892629 0.006952374
57.041514805 0.999824069 -0.016979405 0.003884250 0.006960179
57.061791456 0.999824125 -0.016975754 0.003892465 0.006956369
57.081642580 0.999824669 -0.016954178 0.003885514 0.006934652
57.101808549 0.999824307 -0.016962565 0.003884634 0.006966801
57.122061426 0.999824225 -0.016968266 0.003887160 0.006963248
57.142406178 0.999824110 -0.016973147 0.003900526 0.006960359
57.162385427 0.999824012 -0.016974823 0.003907792 0.006966315
57.182552659 0.999824045 -0.016976152 0.003905941 0.006959325
57.202673613 0.999824055 -0.016985485 0.003902667 0.006936972
57.223060319 0.999824319 -0.016968866 0.003892576 0.006945299
57.243246253 0.999824176 -0.016969497 0.003890012 0.006965747
57.263441006 0.999824221 -0.016969172 0.003879473 0.006965984
57.283399888 0.999824620 -0.016946121 0.003875062 0.006967265
57.303865085 0.999824685 -0.016953115 0.003887359 0.006933910
57.323813538 0.999824691 -0.016947924 0.003879688 0.006950033
57.343903425 0.999824717 -0.016948373 0.003876233 0.006947142
57.364246311 0.999825038 -0.016931668 0.003882662 0.006938114
57.384346415 0.999824898 -0.016937516 0.003873782 0.006948987
57.404525185 0.999825224 -0.016924959 0.003880693 0.006928692
57.424856904 0.999824853 -0.016955562 0.003881059 0.006907270
57.444851960 0.999824771 -0.016963927 0.003880005 0.006899199
57.465235318 0.999824900 -0.016955952 0.003882293 0.006898810
57.485208261 0.999824544 -0.016965771 0.003876150 0.006929615
57.505383395 0.999824502 -0.016966414 0.003885949 0.006928627
57.525535254 0.999824300 -0.016972179 0.003897283 0.006937298
57.545786539 0.999824239 -0.016982316 0.003901270 0.006918920
57.565914987 0.999824255 -0.016974406 0.003895510 0.006939327
57.586114821 0.999824000 -0.016984937 0.003896696 0.006949642
57.606302656 0.999823946 -0.016990765 0.003876595 0.006954394
57.626431045 0.999823570 -0.017007752 0.003870955 0.006970049
57.646597135 0.999823614 -0.017015584 0.003870542 0.006944717
57.666849685 0.999823677 -0.017013776 0.003874491 0.006937978
57.687028633 0.999823651 -0.017003733 0.003874533 0.006966160
57.707204981 0.999823573 -0.017021174 0.003857686 0.006944053
57.727326615 0.999823577 -0.017017362 0.003860211 0.006951535
57.747815703 0.999823455 -0.017020442 0.003849478 0.006967402
57.767817468 0.999822849 -0.017048886 0.003842600 0.006988614
57.788000817 0.999822858 -0.017053565 0.003845159 0.006974529
57.808183952 0.999822854 -0.017055795 0.003832599 0.006976550
57.828218455 0.999822809 -0.017058601 0.003828060 0.006978597
57.848630218 0.999822622 -0.017078610 0.003833834 0.006953267
57.868557607 0.999822514 -0.017083798 0.003817152 0.006965192
57.888747092 0.999823097 -0.017052413 0.003819094 0.006957358
57.909163216 0.999823173 -0.017040401 0.003822643 0.006973835
57.929433616 0.999823433 -0.017035709 0.003812331 0.006953658
57.949681391 0.999823850 -0.017011464 0.003810834 0.006953824
57.969644086 0.999823726 -0.017020868 0.003812119 0.006948059
57.989889768 0.999824003 -0.017010034 0.003807929 0.006936971
58.009819344 0.999824169 -0.017000640 0.003813899 0.006932840
58.029967380 0.999824301 -0.016991915 0.003826232 0.006928315
58.050242249 0.999824344 -0.016988085 0.003813585 0.006938501
58.070297339 0.999824363 -0.016988185 0.003825465 0.006928920
58.090623213 0.999824195 -0.016993168 0.003821518 0.006943196
58.110686517 0.999823746 -0.017000847 0.003841171 0.006978089
58.130969033 0.999823958 -0.016989235 0.003851323 0.006970406
58.151118240 0.999823983 -0.016978867 0.003860186 0.006987187
58.171291423 0.999823727 -0.016991871 0.003857732 0.006993529
58.191517785 0.999823972 -0.016991651 0.003870833 0.006951593
58.211574859 0.999823960 -0.016990356 0.003875327 0.006953982
58.231742883 0.999824082 -0.016980238 0.003876318 0.006960711
58.251956900 0.999823835 -0.016991761 0.003881950 0.006964816
58.272130129 0.999823712 -0.016997443 0.003889816 0.006964248
58.292276036 0.999823534 -0.017002435 0.003899447 0.006972204
58.312488830 0.999823684 -0.017002908 0.003887808 0.006956035
58.332682664 0.999823853 -0.016998939 0.003886847 0.006941967
58.353011101 0.999823493 -0.017015902 0.003894312 0.006948143
58.373009604 0.999823280 -0.017034634 0.003882374 0.006939568
58.393283084 0.999823108 -0.017039684 0.003907036 0.006938082
58.413315835 0.999823062 -0.017044124 0.003905596 0.006934661
58.433526891 0.999823291 -0.017029112 0.003910795 0.006935616
58.453688334 0.999823090 -0.017032124 0.003930670 0.006945953
58.473841131 0.999823296 -0.017027338 0.003926005 0.006930529
58.494106578 0.999823454 -0.017026040 0.003926246 0.006910783
58.514264357 0.999823473 -0.017021422 0.003926108 0.006919517
58.534549484 0.999823309 -0.017024180 0.003921944 0.006938696
58.554643705 0.999823356 -0.017023795 0.003927288 0.006929926
58.574972039 0.999823181 -0.017040324 0.003922836 0.006917036
58.595360590 0.999823285 -0.017028333 0.003923844 0.006931019
58.615136705 0.999823190 -0.017034264 0.003929438 0.006926942
58.635267207 0.999822702 -0.017060371 0.003931631 0.006931874
58.655543293 0.999822976 -0.017043523 0.003921293 0.006939576
58.675680284 0.999822810 -0.017053933 0.003924280 0.006936267
58.695895856 0.999823279 -0.017037360 0.003906217 0.006919579
58.716039526 0.999823128 -0.017035462 0.003908145 0.006944935
58.736196918 0.999823055 -0.017042904 0.003912354 0.006934815
58.756516524 0.999822672 -0.017064253 0.003906014 0.006941045
58.777007233 0.999822721 -0.017052088 0.003908157 0.006962738
58.796749337 0.999822647 -0.017059128 0.003908345 0.006955990
58.816861718 0.999822699 -0.017054663 0.003915977 0.006955113
58.837157383 0.999822384 -0.017066287 0.003925199 0.006966654
58.857435983 0.999822899 -0.017037002 0.003932002 0.006960627
58.877403566 0.999823076 -0.017035642 0.003922889 0.006943623
58.897604555 0.999823127 -0.017021630 0.003910988 0.006977391
58.918090670 0.999822983 -0.017027790 0.003910420 0.006983261
58.938132366 0.999823186 -0.017018964 0.003904861 0.006978786
58.958398982 0.999823223 -0.017014774 0.003903162 0.006984646
58.978499452 0.999823039 -0.017036213 0.003895680 0.006962952
58.998494902 0.999823050 -0.017032988 0.003902092 0.006965617
59.018703808 0.999823156 -0.017026793 0.003909074 0.006961688
59.038845472 0.999823486 -0.017006376 0.003904312 0.006966797
59.059223741 0.999823059 -0.017020408 0.003917885 0.006986240
59.079233821 0.999822935 -0.017028695 0.003920263 0.006982424
59.099433192 0.999823334 -0.017005305 0.003912821 0.006986479
59.119539046 0.999823380 -0.017004463 0.003924790 0.006975155
59.139851424 0.999823322 -0.017005178 0.003920899 0.006983914
59.160329479 0.999822999 -0.017019266 0.003931802 0.006989780
59.180087707 0.999823022 -0.017021265 0.003929886 0.006982567
59.200256707 0.999823049 -0.017015426 0.003924150 0.006996282
59.220425476 0.999823050 -0.017016590 0.003931081 0.006989371
59.240651687 0.999823328 -0.017004931 0.003928382 0.006979464
59.260986198 0.999823417 -0.016999678 0.003927935 0.006979774
59.281044486 0.999823275 -0.017017061 0.003916967 0.006963895
59.301174695 0.999823146 -0.017024840 0.003901628 0.006971959
59.321326106 0.999823204 -0.017008760 0.003895470 0.007006247
59.341561438 0.999823457 -0.017001962 0.003902366 0.006982755
59.361829817 0.999823765 -0.016986890 0.003891230 0.006981582
59.381920900 0.999823943 -0.016976633 0.003890361 0.006981560
59.402109745 0.999823832 -0.016980856 0.003888144 0.006988389
59.422252484 0.999823545 -0.016997690 0.003890980 0.006986943
59.442533015 0.999823773 -0.016979634 0.003898941 0.006993824
59.462582483 0.999823526 -0.016986256 0.003904621 0.007009874
59.482714677 0.999823872 -0.016966731 0.003914389 0.007002353
59.502945893 0.999823479 -0.016985144 0.003920427 0.007010367
59.523071144 0.999823664 -0.016988923 0.003910602 0.006980346
59.543269425 0.999823658 -0.016990441 0.003909199 0.006978260
59.563427409 0.999823381 -0.016995369 0.003926728 0.006996077
59.583627319 0.999823720 -0.016980836 0.003909237 0.006992679
59.603830721 0.999823525 -0.016983498 0.003899067 0.007019739
59.624104650 0.999823619 -0.016969270 0.003900741 0.007039879
59.644482105 0.999823708 -0.016979901 0.003891994 0.007006303
59.664462715 0.999823727 -0.016968768 0.003894363 0.007029153
59.684509158 0.999823575 -0.016971482 0.003897137 0.007042791
59.704826515 0.999823982 -0.016961056 0.003892333 0.007012635
59.724900552 0.999824127 -0.016952912 0.003885778 0.007015295
59.745130052 0.999823796 -0.016965626 0.003881099 0.007034277
59.765293976 0.999823761 -0.016981850 0.003873373 0.007004289
59.785447157 0.999823491 -0.017004263 0.003884459 0.006982262
59.805625079 0.999823244 -0.017005980 0.003896677 0.007006708
59.826141556 0.999823088 -0.017019025 0.003901252 0.006994685
59.846057918 0.999822938 -0.017031731 0.003894000 0.006989276
59.866208500 0.999822768 -0.017032614 0.003905642 0.007004832
59.886397217 0.999823126 -0.017015441 0.003899902 0.006998716
59.906594948 0.999823138 -0.017015702 0.003900155 0.006996240
59.926743987 0.999823168 -0.017030012 0.003892053 0.006961568
59.946794317 0.999823016 -0.017039293 0.003900427 0.006955938
59.967043310 0.999822949 -0.017046771 0.003893166 0.006951424
59.987262040 0.999822693 -0.017063240 0.003906695 0.006940219
60.007395266 0.999822633 -0.017060896 0.003904984 0.006955506
60.027862582 0.999822590 -0.017064844 0.003921738 0.006942577
60.047850506 0.999822327 -0.017075662 0.003925245 0.006951900
60.067952469 0.999821853 -0.017101075 0.003934106 0.006952619
60.088226818 0.999821604 -0.017118735 0.003936419 0.006943578
60.108226974 0.999821331 -0.017127890 0.003939653 0.006958484
60.128390003 0.999821304 -0.017122053 0.003945318 0.006973553
