0.000000000 0.999829212 -0.017004204 0.004184166 0.005907260
0.020245669 0.999829411 -0.016997008 0.004185752 0.005893249
0.040420850 0.999829342 -0.017004033 0.004179344 0.005889292
0.060617364 0.999829352 -0.017002168 0.004191439 0.005884360
0.080721021 0.999829819 -0.016977040 0.004186727 0.005880912
0.100924539 0.999829520 -0.016986100 0.004189905 0.005903141
0.121183775 0.999829473 -0.016992307 0.004191076 0.005892413
0.141340460 0.999829762 -0.016985311 0.004185878 0.005867230
0.161510360 0.999829534 -0.016997144 0.004189853 0.005868956
0.181546390 0.999829618 -0.016979915 0.004191747 0.005903191
0.201702764 0.999829686 -0.016978040 0.004185936 0.005901161
0.221873698 0.999829880 -0.016973116 0.004170364 0.005893398
0.242053347 0.999829293 -0.017000280 0.004190611 0.005900285
0.262304033 0.999829240 -0.017006140 0.004195122 0.005889160
0.282458601 0.999829143 -0.017018256 0.004192171 0.005872856
0.302595934 0.999829031 -0.017020998 0.004208974 0.005871890
0.322883324 0.999829309 -0.017012996 0.004203531 0.005851533
0.343111963 0.999829469 -0.017003437 0.004192775 0.005859674
0.363524053 0.999829276 -0.017009381 0.004188687 0.005878337
0.383358973 0.999829417 -0.017001729 0.004195191 0.005871769
0.403473547 0.999829831 -0.016984822 0.004203937 0.005843934
0.423736056 0.999829817 -0.016985446 0.004191653 0.005853432
0.444023836 0.999829973 -0.016973252 0.004183702 0.005867681
0.464031221 0.999830015 -0.016961399 0.004194594 0.005887076
0.484220277 0.999830051 -0.016972203 0.004178197 0.005861428
0.504377954 0.999830015 -0.016981020 0.004199642 0.005826518
0.524604793 0.999829999 -0.016975071 0.004203173 0.005844111
0.544915734 0.999830186 -0.016970256 0.004199815 0.005828529
0.564971214 0.999830047 -0.016980607 0.004187368 0.005831180
0.585108629 0.999830148 -0.016977226 0.004188711 0.005822698
0.605294535 0.999830027 -0.016990722 0.004185349 0.005806475
0.625409015 0.999830416 -0.016971462 0.004187600 0.005794237
0.645647903 0.999830182 -0.016978340 0.004191361 0.005811625
0.665828511 0.999829594 -0.017003028 0.004196845 0.005836593
0.685973221 0.999829426 -0.017016983 0.004186377 0.005832280
0.706156642 0.999829232 -0.017019575 0.004178328 0.005863616
0.726323699 0.999829601 -0.017003835 0.004184318 0.005842028
0.746665343 0.999829131 -0.017034740 0.004190691 0.005827990
0.766715342 0.999829270 -0.017025969 0.004189209 0.005830676
0.786964947 0.999829655 -0.017011840 0.004170037 0.005819694
0.807012859 0.999829434 -0.017018695 0.004173805 0.005834939
0.827237927 0.999829406 -0.017014000 0.004178268 0.005850163
0.847530422 0.999829226 -0.017022843 0.004192464 0.005844993
0.867554239 0.999829550 -0.017007573 0.004194960 0.005832263
0.887777174 0.999829347 -0.017013263 0.004200925 0.005846279
0.907892502 0.999829312 -0.017012499 0.004202728 0.005853119
0.928123551 0.999829484 -0.017004747 0.004206063 0.005843918
0.948622627 0.999829381 -0.017006461 0.004192457 0.005866229
0.968439172 0.999829652 -0.016993654 0.004187232 0.005860898
0.988695123 0.999829502 -0.017002205 0.004194883 0.005856229
1.008848284 0.999829374 -0.016995141 0.004208058 0.005888965
1.029256152 0.999829256 -0.017010512 0.004215257 0.005859380
1.049262688 0.999829343 -0.017003336 0.004230781 0.005854249
1.069517966 0.999829119 -0.017014995 0.004230798 0.005858635
1.089665584 0.999829152 -0.017013661 0.004235813 0.005853150
1.109869716 0.999829180 -0.017020286 0.004238416 0.005827266
1.130122570 0.999829715 -0.016983148 0.004241921 0.005841211
1.150074544 0.999829891 -0.016969485 0.004243649 0.005849478
1.170251795 0.999829915 -0.016976859 0.004238941 0.005827360
1.190459261 0.999829724 -0.016976853 0.004251849 0.005850832
1.210696240 0.999830327 -0.016947483 0.004254620 0.005830826
1.230841441 0.999830492 -0.016946349 0.004250452 0.005808772
1.250970061 0.999830574 -0.016935613 0.004247439 0.005828245
1.271160335 0.999830597 -0.016934984 0.004242461 0.005829710
1.291307921 0.999830526 -0.016947260 0.004249351 0.005801149
1.311738687 0.999830484 -0.016947183 0.004235207 0.005818943
1.331881298 0.999830444 -0.016943703 0.004242873 0.005830244
1.351858933 0.999830057 -0.016980159 0.004241327 0.005791648
1.372006449 0.999829763 -0.016989935 0.004247766 0.005808998
1.392249839 0.999829860 -0.016985732 0.004243242 0.005807879
1.412619532 0.999829566 -0.017017972 0.004237199 0.005768270
1.432679161 0.999829190 -0.017031632 0.004237501 0.005792835
1.452845933 0.999829218 -0.017029356 0.004233952 0.005797399
1.472864529 0.999829254 -0.017029278 0.004233201 0.005792001
1.493080653 0.999829115 -0.017030922 0.004232954 0.005811185
1.513494344 0.999829343 -0.017006372 0.004238950 0.005839482
1.533459388 0.999829452 -0.017012484 0.004240362 0.005801941
1.553617420 0.999829251 -0.017020298 0.004241472 0.005812780
1.573794940 0.999829272 -0.017010481 0.004253303 0.005829261
1.594111661 0.999829591 -0.017004463 0.004254292 0.005791158
1.614582035 0.999829138 -0.017015667 0.004271028 0.005824126
1.634304683 0.999829136 -0.017012402 0.004277576 0.005829241
1.654532050 0.999829313 -0.016989686 0.004279953 0.005863273
1.674692161 0.999828913 -0.017015022 0.004282153 0.005856374
1.695065280 0.999828943 -0.017016916 0.004263746 0.005859192
1.715273447 0.999828983 -0.017014267 0.004265999 0.005858321
1.735218357 0.999828659 -0.017032415 0.004277846 0.005852357
1.755380553 0.999828873 -0.017019297 0.004284121 0.005849343
1.775706568 0.999828929 -0.017017430 0.004292828 0.005838843
1.796121059 0.999829083 -0.017012490 0.004295240 0.005825098
1.815955908 0.999829255 -0.017006689 0.004284993 0.005820069
1.836087370 0.999828855 -0.017013819 0.004304298 0.005853533
1.856270774 0.999828958 -0.017001469 0.004317442 0.005862130
1.876506539 0.999829103 -0.016997929 0.004312439 0.005851301
1.896778438 0.999829383 -0.016979325 0.004311262 0.005858404
1.916772880 0.999829046 -0.017003101 0.004319935 0.005840584
1.937082314 0.999829003 -0.017013362 0.004312417 0.005823459
1.957155289 0.999828861 -0.017023512 0.004310094 0.005819977
1.977632497 0.999829251 -0.017005137 0.004314796 0.005803206
1.997666872 0.999829382 -0.017003581 0.004313621 0.005785992
2.017801756 0.999828874 -0.017027202 0.004318068 0.005800921
2.037900442 0.999828741 -0.017038389 0.004326017 0.005785124
2.058035050 0.999828491 -0.017052636 0.004322638 0.005788887
2.078418449 0.999828635 -0.017053992 0.004310282 0.005769253
2.098609712 0.999828609 -0.017049057 0.004315588 0.005784319
2.118763197 0.999828577 -0.017046355 0.004312987 0.005799745
2.138983777 0.999828616 -0.017047154 0.004312830 0.005790692
2.159013717 0.999828675 -0.017045499 0.004307960 0.005788985
2.179163399 0.999828767 -0.017045630 0.004315294 0.005767241
2.199357075 0.999828968 -0.017027264 0.004311771 0.005789300
2.219577686 0.999829125 -0.017013733 0.004308383 0.005804490
2.239690184 0.999829096 -0.017012981 0.004306947 0.005812658
2.260097995 0.999829236 -0.016996435 0.004304310 0.005838834
2.280261428 0.999829741 -0.016981609 0.004296829 0.005800902
2.300280695 0.999829664 -0.016966838 0.004320411 0.005839761
2.320385246 0.999829728 -0.016963087 0.004313203 0.005845014
2.340583611 0.999829584 -0.016968833 0.004314668 0.005851969
2.360723061 0.999829573 -0.016978613 0.004295381 0.005839687
2.380851568 0.999830101 -0.016947049 0.004286526 0.005847445
2.401082039 0.999830127 -0.016956799 0.004283676 0.005816709
2.421294171 0.999830146 -0.016953692 0.004279689 0.005825504
2.441459647 0.999830326 -0.016941277 0.004282132 0.005828906
2.461622445 0.999830648 -0.016923303 0.004272914 0.005832611
2.481976145 0.999830649 -0.016919543 0.004272462 0.005843686
2.502247507 0.999830962 -0.016908637 0.004261958 0.005829404
2.522125930 0.999830777 -0.016914916 0.004265059 0.005840512
2.542288174 0.999831397 -0.016886724 0.004261724 0.005818388
2.562737691 0.999831371 -0.016881948 0.004242630 0.005850516
2.582704633 0.999831618 -0.016872909 0.004225758 0.005846751
2.602853723 0.999831586 -0.016874321 0.004235621 0.005840935
2.623285068 0.999831778 -0.016871262 0.004239885 0.005813736
2.643224744 0.999832317 -0.016841241 0.004229821 0.005815472
2.663609987 0.999832304 -0.016838531 0.004214825 0.005836315
2.683908279 0.999832281 -0.016853224 0.004208628 0.005802206
2.703733673 0.999832420 -0.016842411 0.004213602 0.005806110
2.723862084 0.999832225 -0.016841256 0.004242186 0.005822107
2.744164946 0.999832585 -0.016823994 0.004243229 0.005809565
2.764324586 0.999832639 -0.016819499 0.004233511 0.005820231
2.784542242 0.999832717 -0.016819832 0.004230146 0.005808408
2.804719691 0.999832437 -0.016841668 0.004212008 0.005806536
2.824902709 0.999832501 -0.016840211 0.004213315 0.005798690
2.845535568 0.999832523 -0.016830008 0.004224166 0.005816688
2.865178664 0.999832511 -0.016829933 0.004228726 0.005815573
2.885306355 0.999832627 -0.016826847 0.004230100 0.005803569
2.905594998 0.999832498 -0.016832463 0.004240675 0.005801845
2.925916628 0.999831960 -0.016859330 0.004245478 0.005812939
2.946197639 0.999832165 -0.016844869 0.004258040 0.005810504
2.966043259 0.999831892 -0.016862975 0.004267397 0.005798092
2.986254056 0.999831851 -0.016860393 0.004277502 0.005805225
3.006817401 0.999831300 -0.016885475 0.004290663 0.005817383
3.026919970 0.999831431 -0.016881085 0.004292036 0.005806693
3.046941447 0.999831472 -0.016878759 0.004294156 0.005804803
3.066988796 0.999831926 -0.016861700 0.004270795 0.005793340
3.087126650 0.999832057 -0.016859630 0.004265561 0.005780616
3.107291191 0.999832280 -0.016846604 0.004258714 0.005785076
3.127445288 0.999832382 -0.016849180 0.004254279 0.005763122
3.147615167 0.999832340 -0.016849135 0.004235854 0.005784166
3.168294854 0.999832063 -0.016864005 0.004240634 0.005785122
3.187981623 0.999832227 -0.016848682 0.004248128 0.005795973
3.208232197 0.999832760 -0.016828132 0.004252266 0.005760654
3.228629624 0.999832526 -0.016840339 0.004256303 0.005762494
3.248520201 0.999832402 -0.016846655 0.004263054 0.005760527
3.268769705 0.999832905 -0.016818979 0.004247438 0.005765642
3.288866028 0.999832741 -0.016834852 0.004247576 0.005747634
3.309006546 0.999833047 -0.016808858 0.004252895 0.005766585
3.329312349 0.999833318 -0.016801368 0.004260663 0.005735518
3.349525456 0.999833287 -0.016799635 0.004265415 0.005742542
3.369728309 0.999833367 -0.016789459 0.004267019 0.005757238
3.389995537 0.999833882 -0.016765491 0.004270209 0.005735115
3.410383453 0.999833935 -0.016764926 0.004266565 0.005730250
3.430422782 0.999834026 -0.016756079 0.004273646 0.005735079
3.450306797 0.999833800 -0.016759634 0.004269491 0.005766966
3.470564463 0.999833601 -0.016774946 0.004279357 0.005749625
3.490661365 0.999834039 -0.016751482 0.004270700 0.005748268
3.511061810 0.999834293 -0.016729057 0.004284181 0.005759448
3.531194055 0.999834218 -0.016735954 0.004297829 0.005742136
3.551205387 0.999834011 -0.016749589 0.004297467 0.005738857
3.571347433 0.999833803 -0.016750611 0.004310534 0.005762192
3.591607872 0.999833694 -0.016753370 0.004318596 0.005767083
3.611829475 0.999833738 -0.016746768 0.004314544 0.005781536
3.632236510 0.999833882 -0.016746217 0.004303756 0.005766285
3.652108948 0.999833879 -0.016740543 0.004307255 0.005780608
3.672365637 0.999833762 -0.016750389 0.004304746 0.005774218
3.692517084 0.999833887 -0.016744522 0.004298723 0.005774095
3.712690545 0.999833536 -0.016767211 0.004293696 0.005772821
3.732921694 0.999833292 -0.016788735 0.004272715 0.005768111
3.753055103 0.999833313 -0.016789581 0.004279523 0.005756896
3.773118481 0.999833403 -0.016783129 0.004277307 0.005761740
3.793300334 0.999833446 -0.016773765 0.004279330 0.005780050
3.813464627 0.999833383 -0.016777932 0.004273988 0.005782719
3.833813357 0.999833590 -0.016764979 0.004275983 0.005783086
3.853855805 0.999833566 -0.016768011 0.004269980 0.005782873
3.873994226 0.999833619 -0.016761884 0.004280477 0.005783630
3.894296909 0.999833756 -0.016754007 0.004277008 0.005785349
3.914454423 0.999833847 -0.016749533 0.004259652 0.005795462
3.934976826 0.999833738 -0.016749005 0.004264906 0.005811903
3.954971458 0.999833557 -0.016762783 0.004263352 0.005804346
3.974906105 0.999833558 -0.016764071 0.004269253 0.005796099
3.995115733 0.999833859 -0.016749546 0.004268928 0.005786560
4.015273829 0.999833951 -0.016752646 0.004273331 0.005758226
4.035643532 0.999834004 -0.016746075 0.004261786 0.005776725
4.055664573 0.999833858 -0.016744927 0.004269898 0.005799267
4.075771310 0.999833655 -0.016757751 0.004289357 0.005782939
4.096015496 0.999833710 -0.016758051 0.004293811 0.005769200
4.116267031 0.999833418 -0.016778506 0.004284912 0.005766993
4.136317257 0.999833439 -0.016777113 0.004287404 0.005765579
4.156515817 0.999833168 -0.016781996 0.004277215 0.005805638
4.176653727 0.999833134 -0.016782057 0.004277683 0.005811097
4.197235823 0.999832958 -0.016797565 0.004279296 0.005795309
4.217325098 0.999832833 -0.016802933 0.004267081 0.005810276
4.237269573 0.999832702 -0.016816596 0.004259310 0.005799041
4.257469342 0.999833049 -0.016804225 0.004254768 0.005778280
4.277571132 0.999832893 -0.016808843 0.004254971 0.005791673
4.297742225 0.999833161 -0.016786861 0.004260688 0.005804938
4.317919302 0.999833619 -0.016766512 0.004263955 0.005782495
4.338104030 0.999834031 -0.016748004 0.004259407 0.005768282
4.358285234 0.999834259 -0.016736808 0.004263007 0.005758515
4.378490281 0.999834367 -0.016725632 0.004265231 0.005770526
4.398774723 0.999834026 -0.016739900 0.004267602 0.005786484
4.418960140 0.999834083 -0.016740599 0.004264930 0.005776644
4.439083939 0.999834223 -0.016742900 0.004262429 0.005747489
4.459196714 0.999834223 -0.016747974 0.004263807 0.005731633
4.479370751 0.999834392 -0.016745329 0.004261918 0.005711236
4.499515052 0.999834370 -0.016745803 0.004260566 0.005714753
4.519750783 0.999834584 -0.016734248 0.004245120 0.005722644
4.539836283 0.999834925 -0.016722132 0.004235144 0.005705812
4.560030237 0.999835026 -0.016710688 0.004242867 0.005715902
4.580547328 0.999835401 -0.016688177 0.004244904 0.005714650
4.600582800 0.999834860 -0.016720084 0.004248570 0.005713218
4.620873539 0.999835236 -0.016698804 0.004256904 0.005703531
4.640839203 0.999835198 -0.016703970 0.004247432 0.005702082
4.660896667 0.999835241 -0.016698303 0.004259903 0.005701804
4.681087408 0.999835507 -0.016684245 0.004258614 0.005697232
4.701333377 0.999835136 -0.016704152 0.004258155 0.005704330
4.721430000 0.999835279 -0.016699449 0.004249722 0.005699470
4.741617563 0.999835025 -0.016718343 0.004246077 0.005691294
4.761824051 0.999835365 -0.016700669 0.004249476 0.005680879
4.782214759 0.999835766 -0.016682760 0.004244743 0.005666390
4.802297534 0.999835578 -0.016697133 0.004236723 0.005663237
4.822409389 0.999835542 -0.016701083 0.004224935 0.005666828
4.842585954 0.999835474 -0.016703941 0.004235311 0.005662664
4.862989865 0.999835584 -0.016704922 0.004222372 0.005650056
4.882841654 0.999835336 -0.016711130 0.004238392 0.005663484
4.903075154 0.999835040 -0.016731395 0.004235115 0.005658291
4.923430925 0.999835201 -0.016737075 0.004213583 0.005629124
4.943518028 0.999835475 -0.016718610 0.004208501 0.005639103
4.963647674 0.999835326 -0.016725777 0.004218197 0.005637049
4.983928044 0.999835325 -0.016722954 0.004224167 0.005641165
5.004133007 0.999835810 -0.016693501 0.004238145 0.005631828
5.024117715 0.999835969 -0.016688733 0.004239783 0.005616604
5.044321503 0.999836023 -0.016702527 0.004223253 0.005578225
5.064507894 0.999836143 -0.016692354 0.004200763 0.005604115
5.084663718 0.999836192 -0.016696553 0.004185892 0.005593934
5.104802442 0.999836060 -0.016704312 0.004192682 0.005589357
5.125184170 0.999836101 -0.016704474 0.004204186 0.005572755
5.145409728 0.999835817 -0.016726642 0.004197089 0.005562621
5.165351246 0.999836122 -0.016712542 0.004194459 0.005552227
5.185613345 0.999835965 -0.016724670 0.004191496 0.005546115
5.205802800 0.999836027 -0.016721235 0.004198181 0.005540232
5.225978487 0.999836337 -0.016700632 0.004185395 0.005556118
5.246316535 0.999836572 -0.016693424 0.004176045 0.005542487
5.266256566 0.999836809 -0.016684620 0.004165539 0.005534187
5.286433809 0.999837210 -0.016664970 0.004173387 0.005515014
5.306605889 0.999837157 -0.016663506 0.004188881 0.005517337
5.326898151 0.999837120 -0.016660759 0.004193416 0.005528762
5.347566476 0.999836781 -0.016677917 0.004209921 0.005525922
5.367165233 0.999837114 -0.016653037 0.004212885 0.005538292
5.387326613 0.999837083 -0.016656426 0.004210412 0.005535728
5.407520892 0.999837049 -0.016670303 0.004209193 0.005500853
5.427895200 0.999837322 -0.016657522 0.004200683 0.005496507
5.447966086 0.999837222 -0.016668634 0.004204338 0.005478173
5.468346497 0.999836888 -0.016693458 0.004202273 0.005465067
5.488365833 0.999836693 -0.016700459 0.004212692 0.005471333
5.508488055 0.999836785 -0.016698650 0.004221855 0.005452965
5.528710972 0.999836976 -0.016692298 0.004213086 0.005444201
5.548793718 0.999836808 -0.016702426 0.004219097 0.005439315
5.568925309 0.999836686 -0.016704530 0.004216854 0.005456988
5.589095598 0.999836792 -0.016695333 0.004225284 0.005459138
5.609303426 0.999836851 -0.016697157 0.004221984 0.005445215
5.629947132 0.999836697 -0.016705841 0.004222119 0.005446791
5.649797953 0.999836340 -0.016728603 0.004226673 0.005438972
5.669972178 0.999836166 -0.016734862 0.004218598 0.005457996
5.690327445 0.999836007 -0.016740331 0.004207861 0.005478452
5.710159802 0.999835984 -0.016741926 0.004206888 0.005478589
5.730460804 0.999835927 -0.016760731 0.004185045 0.005448073
5.750529647 0.999835588 -0.016776640 0.004190355 0.005457393
5.770699267 0.999835733 -0.016775793 0.004191654 0.005432381
5.790829262 0.999835662 -0.016779798 0.004202716 0.005424512
5.811024243 0.999835277 -0.016796967 0.004202141 0.005442718
5.831618692 0.999834863 -0.016815570 0.004203385 0.005460378
5.851576292 0.999834651 -0.016822829 0.004210855 0.005470968
5.871671806 0.999835038 -0.016802068 0.004210391 0.005464412
5.891799729 0.999835028 -0.016803768 0.004223378 0.005451044
5.911932160 0.999834952 -0.016805351 0.004226899 0.005457351
5.932120499 0.999834728 -0.016811839 0.004231977 0.005474494
5.952277567 0.999834838 -0.016809488 0.004215048 0.005474577
5.972462159 0.999834989 -0.016798793 0.004211021 0.005482903
5.992717141 0.999834867 -0.016812132 0.004213487 0.005462312
6.013135695 0.999834568 -0.016832675 0.004207379 0.005458626
6.033022158 0.999834435 -0.016842322 0.004216792 0.005445787
6.053334156 0.999834552 -0.016842713 0.004205576 0.005431864
6.073331496 0.999834199 -0.016862125 0.004196251 0.005443775
6.093512806 0.999834314 -0.016859234 0.004179599 0.005444425
6.113720715 0.999834499 -0.016842422 0.004169222 0.005470335
6.133982441 0.999835618 -0.016783378 0.004278892 0.005361542
6.154086256 0.999835351 -0.016836226 0.004187753 0.005317345
6.174355060 0.999835176 -0.016830732 0.004085673 0.005445638
6.194452771 0.999835047 -0.016797624 0.004237199 0.005455695
6.214602158 0.999835527 -0.016790761 0.004284853 0.005350601
6.234776312 0.999836054 -0.016786207 0.004138779 0.005381267
6.254906232 0.999835928 -0.016789571 0.004143687 0.005390545
6.275126801 0.999835493 -0.016772814 0.004248665 0.005441393
6.295401015 0.999835534 -0.016782309 0.004225513 0.005422540
6.315496275 0.999835824 -0.016790590 0.004161465 0.005392937
6.335758614 0.999835997 -0.016754780 0.004238638 0.005412031
6.355841161 0.999835935 -0.016744634 0.004276774 0.005424919
6.376059863 0.999836074 -0.016760507 0.004222499 0.005392630
6.396243862 0.999836181 -0.016755906 0.004207521 0.005398899
6.416519919 0.999836649 -0.016720780 0.004232367 0.005401633
6.436556598 0.999836775 -0.016709997 0.004225856 0.005416789
6.456727823 0.999836680 -0.016735743 0.004186480 0.005385336
6.476910202 0.999836528 -0.016739860 0.004213977 0.005379289
6.497128834 0.999835881 -0.016755309 0.004263311 0.005412522
6.517283127 0.999835468 -0.016785132 0.004235216 0.005418499
6.537468564 0.999835609 -0.016791128 0.004216502 0.005388272
6.557792655 0.999835897 -0.016772988 0.004238008 0.005374568
6.577825946 0.999836030 -0.016772146 0.004217920 0.005368100
6.598029600 0.999835739 -0.016791557 0.004218268 0.005361370
6.618252823 0.999835615 -0.016787398 0.004244838 0.005376566
6.638345005 0.999835722 -0.016777546 0.004250088 0.005383322
6.658561803 0.999835763 -0.016791860 0.004209285 0.005363137
6.678814272 0.999836083 -0.016786305 0.004191285 0.005334816
6.698908085 0.999836042 -0.016781570 0.004216617 0.005337357
6.719199714 0.999835951 -0.016775707 0.004216251 0.005373005
6.739211666 0.999835988 -0.016772720 0.004206305 0.005383284
6.759408755 0.999835613 -0.016782252 0.004237726 0.005398497
6.779678904 0.999835633 -0.016795107 0.004210659 0.005375946
6.799787376 0.999835720 -0.016794399 0.004199352 0.005370855
6.819924357 0.999836267 -0.016767178 0.004198758 0.005354514
6.840089774 0.999835834 -0.016775664 0.004235736 0.005379714
6.860291301 0.999835695 -0.016779369 0.004233640 0.005395519
6.880665716 0.999835808 -0.016777956 0.004233432 0.005379106
6.900911501 0.999836295 -0.016753449 0.004234902 0.005363864
6.920946548 0.999836413 -0.016754912 0.004194612 0.005368913
6.940972578 0.999836480 -0.016755543 0.004188188 0.005359491
6.961203808 0.999836378 -0.016769644 0.004191731 0.005331561
6.981447587 0.999836088 -0.016778518 0.004208019 0.005345107
7.001521661 0.999836245 -0.016759044 0.004209344 0.005375749
7.021754247 0.999836172 -0.016770025 0.004211504 0.005353295
7.041944564 0.999836194 -0.016770419 0.004214452 0.005345695
7.062071699 0.999835936 -0.016788144 0.004192381 0.005355743
7.082663310 0.999836199 -0.016772329 0.004186923 0.005360358
7.102565684 0.999835682 -0.016791351 0.004211955 0.005377639
7.122654096 0.999835736 -0.016787772 0.004222555 0.005370432
7.142761002 0.999835584 -0.016798934 0.004221468 0.005364683
7.163147218 0.999835714 -0.016791967 0.004210319 0.005371038
7.183157023 0.999835629 -0.016797175 0.004203458 0.005375938
7.203323610 0.999835639 -0.016806597 0.004187809 0.005356816
7.223463378 0.999835952 -0.016788578 0.004197963 0.005346977
7.243609234 0.999835566 -0.016809636 0.004199587 0.005351762
7.263780137 0.999835615 -0.016814662 0.004205144 0.005322238
7.284226366 0.999835741 -0.016813185 0.004189817 0.005315453
7.304299954 0.999835749 -0.016812678 0.004181157 0.005322246
7.324513223 0.999835884 -0.016809698 0.004186231 0.005302308
7.344710214 0.999835732 -0.016824927 0.004181071 0.005286645
7.364781000 0.999835674 -0.016824990 0.004189987 0.005290488
7.384868245 0.999835376 -0.016832469 0.004206337 0.005310017
7.405076116 0.999835176 -0.016841384 0.004203814 0.005321355
7.425360265 0.999835328 -0.016831032 0.004179954 0.005344331
7.445403178 0.999835527 -0.016827075 0.004173451 0.005324527
7.465925315 0.999835542 -0.016825197 0.004173556 0.005327624
7.485799255 0.999835627 -0.016816886 0.004178380 0.005334097
7.506073872 0.999835420 -0.016826303 0.004178072 0.005343358
7.526225091 0.999835445 -0.016823633 0.004182105 0.005344075
7.546427045 0.999835517 -0.016819719 0.004179961 0.005344550
7.566470597 0.999835532 -0.016819061 0.004159418 0.005359856
7.586748776 0.999834982 -0.016841345 0.004166184 0.005387098
7.606937980 0.999835031 -0.016833843 0.004168103 0.005400037
7.627105192 0.999834561 -0.016854511 0.004171744 0.005419733
7.647439285 0.999834472 -0.016854839 0.004169744 0.005436618
7.667734912 0.999834281 -0.016867532 0.004164396 0.005436487
7.687718389 0.999834279 -0.016860196 0.004178181 0.005448964
7.707888238 0.999834255 -0.016866911 0.004182470 0.005429339
7.728165276 0.999834300 -0.016862341 0.004184201 0.005433863
7.748164914 0.999834083 -0.016872241 0.004179065 0.005446946
7.768331254 0.999834101 -0.016861227 0.004184264 0.005473786
7.788461986 0.999833632 -0.016891833 0.004207240 0.005447384
7.808679467 0.999833757 -0.016888310 0.004205494 0.005436645
7.828852334 0.999833647 -0.016896992 0.004203179 0.005431638
7.849558194 0.999833804 -0.016890634 0.004200507 0.005424539
7.869323365 0.999833639 -0.016890292 0.004201084 0.005455557
7.889430452 0.999833616 -0.016889855 0.004199721 0.005462174
7.909526166 0.999833889 -0.016883241 0.004208491 0.005425795
7.929797953 0.999833994 -0.016879976 0.004211917 0.005413857
7.949853632 0.999833556 -0.016896038 0.004227222 0.005432793
7.970038267 0.999833416 -0.016902983 0.004236518 0.005429735
7.990195143 0.999833454 -0.016898907 0.004244924 0.005428804
8.010363482 0.999833663 -0.016881358 0.004251741 0.005439565
8.030804667 0.999833831 -0.016873653 0.004258759 0.005427082
8.050955626 0.999833611 -0.016892350 0.004253963 0.005413140
8.070991689 0.999833779 -0.016881664 0.004231795 0.005432855
8.091172175 0.999833865 -0.016881880 0.004227247 0.005419889
8.111296926 0.999833863 -0.016883683 0.004222710 0.005418221
8.131907078 0.999833782 -0.016883811 0.004219237 0.005435303
8.151665770 0.999833980 -0.016874386 0.004223317 0.005425130
8.171770934 0.999834225 -0.016867481 0.004224380 0.005400463
8.191997292 0.999834496 -0.016848071 0.004211060 0.005421253
8.212241953 0.999834230 -0.016859611 0.004220138 0.005427450
8.232403293 0.999834429 -0.016846442 0.004219998 0.005431668
8.252623074 0.999834608 -0.016832184 0.004222496 0.005441062
8.272718691 0.999834735 -0.016832825 0.004222857 0.005415401
8.292947308 0.999834549 -0.016837612 0.004216445 0.005439782
8.313043017 0.999834793 -0.016825538 0.004216781 0.005432015
8.333261958 0.999834572 -0.016833821 0.004224780 0.005440799
8.353396564 0.999834727 -0.016820857 0.004247772 0.005434425
8.373691769 0.999834725 -0.016817037 0.004238232 0.005454093
8.393776498 0.999834623 -0.016823022 0.004242506 0.005451114
8.413900460 0.999834828 -0.016808544 0.004230553 0.005467317
8.434200088 0.999834790 -0.016808759 0.004228785 0.005474928
8.454405133 0.999834665 -0.016815455 0.004249049 0.005461481
8.474799122 0.999834566 -0.016821464 0.004241089 0.005467376
8.494673352 0.999834420 -0.016824353 0.004248044 0.005479778
8.514805358 0.999834363 -0.016834069 0.004247787 0.005460564
8.534954013 0.999834501 -0.016828840 0.004249678 0.005449850
8.555149504 0.999834161 -0.016850476 0.004240526 0.005452522
8.575402207 0.999834036 -0.016859386 0.004234367 0.005452598
8.595506442 0.999834117 -0.016865819 0.004223395 0.005426415
8.616175391 0.999834436 -0.016848382 0.004217560 0.005426316
8.635880287 0.999834055 -0.016861619 0.004232108 0.005443984
8.656009942 0.999833935 -0.016868191 0.004231239 0.005446361
8.676403558 0.999833626 -0.016894378 0.004225991 0.005425943
8.696910711 0.999833795 -0.016883803 0.004207913 0.005441835
8.716721021 0.999833932 -0.016874261 0.004207038 0.005446865
8.736925625 0.999833836 -0.016880628 0.004196295 0.005453129
8.756923246 0.999833883 -0.016879502 0.004192245 0.005450957
8.777158002 0.999833733 -0.016890763 0.004186746 0.005447866
8.797326950 0.999833740 -0.016894236 0.004171735 0.005447320
8.817469533 0.999833521 -0.016904484 0.004184666 0.005445796
8.837699037 0.999833421 -0.016917345 0.004191591 0.005418953
8.857798272 0.999833608 -0.016906366 0.004191689 0.005418630
8.877953745 0.999833976 -0.016883533 0.004189965 0.005423097
8.898498827 0.999834211 -0.016873674 0.004198970 0.005403601
8.918463911 0.999834364 -0.016856037 0.004213703 0.005418830
8.938663687 0.999834385 -0.016855144 0.004220097 0.005412673
8.958962047 0.999834302 -0.016861484 0.004227506 0.005402545
8.978857592 0.999834432 -0.016856284 0.004222063 0.005398891
8.999124758 0.999834354 -0.016855297 0.004224465 0.005414568
9.019382113 0.999834485 -0.016846947 0.004227897 0.005413677
9.039464128 0.999834320 -0.016859889 0.004218740 0.005411051
9.059664987 0.999834419 -0.016853253 0.004216424 0.005415154
9.079956802 0.999834513 -0.016848533 0.004229700 0.005402148
9.100021472 0.999834467 -0.016847279 0.004217629 0.005423933
9.120224459 0.999834072 -0.016863260 0.004232353 0.005435663
9.140302876 0.999833995 -0.016862576 0.004239381 0.005446344
9.160535686 0.999833641 -0.016870906 0.004253266 0.005474789
9.180733104 0.999833684 -0.016863099 0.004267129 0.005480042
9.200828602 0.999833862 -0.016850447 0.004255264 0.005495739
9.221057205 0.999833938 -0.016847670 0.004266336 0.005481909
9.241285950 0.999833753 -0.016855594 0.004256282 0.005498980
9.261465096 0.999833893 -0.016843794 0.004254244 0.005511326
9.281582726 0.999833903 -0.016837718 0.004263785 0.005520657
9.301738045 0.999833585 -0.016863592 0.004264426 0.005498760
9.321872415 0.999833534 -0.016866053 0.004265494 0.005499735
9.342240298 0.999833446 -0.016873688 0.004266447 0.005491407
9.362288394 0.999833353 -0.016879082 0.004264027 0.005493649
9.382445570 0.999833259 -0.016880477 0.004259210 0.005510270
9.402822509 0.999833374 -0.016868474 0.004267738 0.005519571
9.422838714 0.999834062 -0.016847516 0.004260807 0.005463908
9.442920692 0.999833960 -0.016855586 0.004258954 0.005459157
9.463748990 0.999833541 -0.016877685 0.004246926 0.005477075
9.483387921 0.999833558 -0.016889498 0.004242257 0.005440938
9.503488885 0.999833702 -0.016877733 0.004239467 0.005453121
9.523840108 0.999833894 -0.016863409 0.004240764 0.005461377
9.543936504 0.999833796 -0.016873923 0.004234195 0.005451786
9.564193428 0.999834097 -0.016851718 0.004247167 0.005455236
9.584492196 0.999834423 -0.016847730 0.004244294 0.005409819
9.604475047 0.999834349 -0.016851845 0.004236544 0.005416713
9.624567966 0.999833933 -0.016871846 0.004246650 0.005423369
9.644774125 0.999833520 -0.016892391 0.004246176 0.005435989
9.664876630 0.999833446 -0.016895519 0.004255219 0.005432834
9.685170886 0.999833881 -0.016870771 0.004249961 0.005433665
9.705322403 0.999833908 -0.016879263 0.004233937 0.005414810
9.725820960 0.999833723 -0.016889735 0.004234567 0.005415808
9.746023674 0.999833771 -0.016882837 0.004224441 0.005436336
9.765840983 0.999833928 -0.016870232 0.004227214 0.005444460
9.785989496 0.999833943 -0.016879175 0.004223607 0.005416764
9.806201031 0.999833678 -0.016886215 0.004241039 0.005429995
9.826442366 0.999833956 -0.016869813 0.004249151 0.005423491
9.846818369 0.999834010 -0.016871524 0.004249397 0.005408117
9.866729789 0.999833907 -0.016866137 0.004260243 0.005435188
9.886960482 0.999834035 -0.016854315 0.004266072 0.005443853
9.907124841 0.999834141 -0.016847659 0.004265495 0.005445356
9.927220299 0.999834170 -0.016854870 0.004250552 0.005429461
9.947429336 0.999834077 -0.016858945 0.004255105 0.005430267
9.967574978 0.999834073 -0.016862169 0.004249144 0.005425773
9.987748412 0.999833982 -0.016855975 0.004257167 0.005455319
10.007990182 0.999833929 -0.016860566 0.004253092 0.005454160
10.028271486 0.999833885 -0.016871786 0.004239918 0.005437656
10.048752345 0.999833856 -0.016871370 0.004238109 0.005445695
10.068667282 0.999833910 -0.016867253 0.004238212 0.005448416
10.088749446 0.999833817 -0.016876187 0.004242562 0.005434487
10.109609810 0.999833942 -0.016871434 0.004247401 0.005422425
10.129176049 0.999833749 -0.016887412 0.004238468 0.005415277
10.149162923 0.999833764 -0.016887312 0.004238342 0.005412960
10.169363050 0.999833513 -0.016893024 0.004235182 0.005443901
10.189576113 0.999833549 -0.016890034 0.004236652 0.005445404
10.209725493 0.999833463 -0.016895386 0.004233007 0.005447397
10.230056382 0.999833364 -0.016894046 0.004227351 0.005473959
10.250184928 0.999833495 -0.016889062 0.004232997 0.005461068
10.270428527 0.999833569 -0.016886064 0.004238792 0.005452292
10.290616302 0.999833493 -0.016882455 0.004245570 0.005472147
10.310766441 0.999833513 -0.016874483 0.004262895 0.005479650
10.331117355 0.999833498 -0.016877089 0.004254837 0.005480496
10.350914257 0.999833584 -0.016881973 0.004239456 0.005461703
10.371098452 0.999833462 -0.016893937 0.004241449 0.005445392
10.391304705 0.999833348 -0.016900378 0.004240779 0.005446879
10.411551214 0.999833868 -0.016876883 0.004240551 0.005424567
10.432234909 0.999834100 -0.016867406 0.004229610 0.005419697
10.451821657 0.999833884 -0.016873821 0.004236879 0.005433882
10.471983080 0.999833809 -0.016881362 0.004233900 0.005426613
10.492203783 0.999833596 -0.016886583 0.004242126 0.005443125
10.512364259 0.999833466 -0.016885276 0.004259595 0.005457359
10.532904621 0.999833214 -0.016894955 0.004287275 0.005451994
10.552762231 0.999833357 -0.016900518 0.004270343 0.005421749
10.573003131 0.999833581 -0.016890952 0.004260523 0.005417881
10.593197050 0.999833227 -0.016896266 0.004266515 0.005461858
10.613372744 0.999833205 -0.016900867 0.004260185 0.005456482
10.633399554 0.999832980 -0.016909169 0.004252712 0.005477819
10.653587671 0.999832892 -0.016909823 0.004261091 0.005485381
10.673797936 0.999832537 -0.016926639 0.004263615 0.005496173
10.693934646 0.999832619 -0.016932307 0.004248586 0.005475408
10.714094583 0.999832333 -0.016939733 0.004267132 0.005490228
10.734514287 0.999832483 -0.016940768 0.004269871 0.005457553
10.754658339 0.999832784 -0.016923275 0.004260369 0.005464044
10.774736698 0.999832867 -0.016913132 0.004255616 0.005484003
10.794915472 0.999833100 -0.016909381 0.004253080 0.005454968
10.815056120 0.999832986 -0.016908622 0.004264408 0.005469405
10.835211993 0.999833010 -0.016910289 0.004264443 0.005459784
10.855368985 0.999832717 -0.016930637 0.004258735 0.005454746
10.875523907 0.999832322 -0.016957364 0.004245113 0.005454755
10.895749285 0.999832620 -0.016938547 0.004234695 0.005466622
10.915893108 0.999832998 -0.016921602 0.004228321 0.005455055
10.936098281 0.999832956 -0.016927387 0.004228933 0.005444313
10.956291940 0.999832584 -0.016945224 0.004236443 0.005451192
10.976433541 0.999832226 -0.016970507 0.004240781 0.005434861
10.996794027 0.999832525 -0.016957644 0.004231342 0.005427399
11.016899869 0.999832881 -0.016939057 0.004227648 0.005422751
11.036992162 0.999832866 -0.016937993 0.004230742 0.005426312
11.077345324 0.999833055 -0.016934496 0.004209767 0.005418698
11.097498537 0.999833061 -0.016935173 0.004207812 0.005416961
11.117952094 0.999832921 -0.016939783 0.004208056 0.005428333
11.137844519 0.999833278 -0.016923509 0.004206828 0.005414119
11.158016782 0.999833372 -0.016917854 0.004210899 0.005411297
11.178273770 0.999833607 -0.016910937 0.004206484 0.005392952
11.198510753 0.999833628 -0.016907403 0.004214415 0.005393971
11.218555656 0.999833861 -0.016896320 0.004213759 0.005386024
11.238766552 0.999833727 -0.016906158 0.004190891 0.005397776
11.258927841 0.999833661 -0.016911366 0.004175732 0.005405410
11.279304290 0.999833531 -0.016923609 0.004172774 0.005393421
11.299784805 0.999833219 -0.016935826 0.004172292 0.005413384
11.319508831 0.999833284 -0.016929395 0.004180414 0.005415142
11.340013799 0.999833088 -0.016944060 0.004170980 0.005412715
11.359789169 0.999833165 -0.016937731 0.004173376 0.005416566
11.379958758 0.999833158 -0.016938391 0.004169779 0.005418497
11.400142831 0.999833124 -0.016938871 0.004182783 0.005413251
11.420407328 0.999833164 -0.016941515 0.004189212 0.005392650
11.440570242 0.999833261 -0.016932134 0.004186564 0.005406121
11.460729853 0.999833221 -0.016928285 0.004194976 0.005418919
11.480844811 0.999833168 -0.016935416 0.004197867 0.005404289
11.501069733 0.999833170 -0.016930193 0.004184681 0.005430456
11.521246293 0.999832847 -0.016943251 0.004200478 0.005437007
11.541452681 0.999832693 -0.016949998 0.004210517 0.005436530
11.561674622 0.999832769 -0.016951448 0.004204595 0.005422590
11.581752018 0.999833036 -0.016937476 0.004189465 0.005428729
11.601941479 0.999832972 -0.016949764 0.004193516 0.005398956
11.622287017 0.999833123 -0.016950668 0.004182204 0.005376736
11.642482029 0.999832623 -0.016969064 0.004183239 0.005410813
11.662514521 0.999832774 -0.016968045 0.004185768 0.005384103
11.682818469 0.999832650 -0.016981950 0.004186554 0.005362711
11.702796588 0.999832588 -0.016981060 0.004192392 0.005372420
11.723213938 0.999832689 -0.016981505 0.004186962 0.005356564
11.743368548 0.999832629 -0.016989046 0.004174567 0.005353507
11.763677559 0.999832066 -0.017018887 0.004171598 0.005366181
11.783592228 0.999832118 -0.017014059 0.004172402 0.005371107
11.804020972 0.999831953 -0.017031203 0.004165865 0.005352491
11.823999487 0.999831640 -0.017047374 0.004171922 0.005354852
11.844216114 0.999831295 -0.017068195 0.004169769 0.005354528
11.864367831 0.999831114 -0.017077940 0.004162343 0.005363138
11.884440728 0.999830917 -0.017095016 0.004168153 0.005340841
11.904631603 0.999831150 -0.017082695 0.004165799 0.005338534
11.924845958 0.999831168 -0.017077794 0.004174725 0.005343876
11.945009478 0.999831253 -0.017075746 0.004167291 0.005340209
11.965301187 0.999831241 -0.017079928 0.004170460 0.005326567
11.985505332 0.999831274 -0.017078451 0.004179832 0.005317881
12.005598665 0.999831256 -0.017075812 0.004181784 0.005328173
12.025708410 0.999831125 -0.017087336 0.004192774 0.005306990
12.046214239 0.999831308 -0.017077536 0.004197237 0.005300629
12.066124160 0.999831142 -0.017072141 0.004215654 0.005334665
12.086230102 0.999831355 -0.017059790 0.004215437 0.005334308
12.106396115 0.999831409 -0.017053304 0.004221903 0.005339872
12.126725049 0.999831134 -0.017067845 0.004233873 0.005335403
12.146987565 0.999830859 -0.017086380 0.004237041 0.005325008
12.166878542 0.999830938 -0.017082862 0.004242533 0.005317156
12.187055334 0.999830566 -0.017113847 0.004235372 0.005293170
12.207293127 0.999830836 -0.017098212 0.004215663 0.005308358
12.227556987 0.999830804 -0.017102317 0.004210581 0.005305215
12.247659115 0.999831114 -0.017091572 0.004204560 0.005286178
12.267796063 0.999831346 -0.017077889 0.004212804 0.005279960
12.288129511 0.999831128 -0.017084478 0.004212697 0.005299843
12.308254213 0.999831494 -0.017062198 0.004209603 0.005305175
12.328691061 0.999831023 -0.017084304 0.004209797 0.005322614
12.348613248 0.999831363 -0.017061316 0.004212861 0.005330026
12.368714897 0.999831328 -0.017068186 0.004214258 0.005313414
12.388861613 0.999831865 -0.017044249 0.004208088 0.005294105
12.409044765 0.999831656 -0.017055148 0.004204512 0.005301212
12.429243600 0.999831912 -0.017040557 0.004190402 0.005311141
12.449706589 0.999832130 -0.017034547 0.004190286 0.005289399
12.469678079 0.999831789 -0.017060147 0.004181702 0.005278049
12.489764314 0.999831870 -0.017058239 0.004179274 0.005270922
12.509883398 0.999831777 -0.017074400 0.004169302 0.005244001
12.530284220 0.999831859 -0.017064007 0.004169748 0.005261831
12.550361024 0.999831900 -0.017061312 0.004172556 0.005260517
12.570502460 0.999831751 -0.017068618 0.004177047 0.005261510
12.590690667 0.999832048 -0.017051918 0.004174539 0.005261379
12.610839767 0.999831721 -0.017073073 0.004175265 0.005254253
12.631350139 0.999831517 -0.017084598 0.004186829 0.005246323
12.651275985 0.999831419 -0.017086876 0.004179736 0.005263276
12.671382011 0.999831461 -0.017079776 0.004184793 0.005274348
12.691514731 0.999831415 -0.017084239 0.004181105 0.005271414
12.711737524 0.999831399 -0.017080848 0.004188118 0.005279999
12.732186926 0.999831219 -0.017076071 0.004189596 0.005328028
12.752110970 0.999831656 -0.017055534 0.004196956 0.005306104
12.772347779 0.999832050 -0.017028430 0.004202517 0.005314478
12.792547108 0.999831902 -0.017030117 0.004199709 0.005338988
12.812618754 0.999831886 -0.017033047 0.004191170 0.005339479
12.832904759 0.999831853 -0.017035652 0.004196129 0.005333282
12.852903043 0.999831844 -0.017033656 0.004201251 0.005337376
12.873107709 0.999831907 -0.017032048 0.004197064 0.005334031
12.893261295 0.999831906 -0.017030600 0.004195583 0.005339988
12.913733568 0.999831892 -0.017026283 0.004186226 0.005363586
12.933675776 0.999832367 -0.017005106 0.004176900 0.005349516
12.953812154 0.999832698 -0.016995308 0.004173839 0.005321063
12.973995999 0.999833169 -0.016963234 0.004172005 0.005336420
12.994173687 0.999833138 -0.016961752 0.004175362 0.005344376
13.014375875 0.999833359 -0.016950972 0.004162858 0.005346857
13.034488071 0.999833077 -0.016964026 0.004188996 0.005337901
13.054691035 0.999833080 -0.016965509 0.004171374 0.005346353
13.074959596 0.999833297 -0.016956349 0.004165312 0.005339514
13.095194128 0.999833315 -0.016961053 0.004155459 0.005328939
13.115632314 0.999833437 -0.016955633 0.004157326 0.005321731
13.135523020 0.999833479 -0.016952416 0.004155837 0.005325355
13.155667674 0.999833515 -0.016959987 0.004143320 0.005304152
13.175817976 0.999833327 -0.016967264 0.004150529 0.005310668
13.195919189 0.999833622 -0.016948701 0.004154054 0.005311582
13.216172593 0.999833525 -0.016951542 0.004166290 0.005311241
13.236293745 0.999833554 -0.016948386 0.004163224 0.005318246
13.256501240 0.999833658 -0.016951438 0.004150437 0.005298886
13.276687270 0.999833855 -0.016945914 0.004149038 0.005280442
13.297015217 0.999833702 -0.016955789 0.004145516 0.005280505
13.317063255 0.999833913 -0.016938769 0.004145398 0.005295388
13.337361662 0.999834228 -0.016924252 0.004128926 0.005295110
13.357392656 0.999834177 -0.016922045 0.004127911 0.005312467
13.377592995 0.999834339 -0.016913219 0.004114998 0.005320261
13.397737230 0.999834619 -0.016897007 0.004110375 0.005322621
13.417900564 0.999834886 -0.016880276 0.004111246 0.005324821
13.438294013 0.999834728 -0.016889162 0.004106779 0.005329883
13.458308643 0.999834689 -0.016892638 0.004098065 0.005332810
13.478519583 0.999834790 -0.016878416 0.004094821 0.005361420
13.498654147 0.999835041 -0.016866057 0.004094225 0.005353810
13.519094413 0.999835193 -0.016865181 0.004100098 0.005323784
13.539073438 0.999835572 -0.016842911 0.004096810 0.005325510
13.559192431 0.999835642 -0.016837566 0.004095844 0.005330029
13.579488193 0.999835682 -0.016832140 0.004090504 0.005343734
13.599569819 0.999835472 -0.016843039 0.004087545 0.005351020
13.619676803 0.999835186 -0.016846859 0.004089231 0.005390909
13.639827619 0.999834927 -0.016858880 0.004117195 0.005380115
13.660022176 0.999835475 -0.016827635 0.004107769 0.005383326
13.680268858 0.999835470 -0.016833697 0.004106170 0.005366558
13.700438572 0.999835458 -0.016832397 0.004108248 0.005371142
13.720670298 0.999835480 -0.016822684 0.004122126 0.005386875
13.740854453 0.999835512 -0.016822071 0.004127083 0.005378961
13.760972545 0.999835759 -0.016806825 0.004119219 0.005386810
13.781091228 0.999835755 -0.016805564 0.004125290 0.005386884
13.801313940 0.999836110 -0.016794553 0.004119190 0.005359843
13.821428610 0.999836202 -0.016790122 0.004101965 0.005369725
13.841663946 0.999836073 -0.016796778 0.004092515 0.005380196
13.861818180 0.999836188 -0.016786169 0.004082064 0.005399871
13.882016444 0.999835999 -0.016796732 0.004070912 0.005410324
13.902190892 0.999836012 -0.016802810 0.004066442 0.005392443
13.922392932 0.999835894 -0.016812500 0.004070010 0.005381423
13.942673996 0.999836259 -0.016797505 0.004062785 0.005365924
13.963157403 0.999836356 -0.016787799 0.004071943 0.005371340
13.982850777 0.999836301 -0.016794650 0.004065331 0.005365079
14.003018477 0.999836127 -0.016798821 0.004083001 0.005371044
14.023299830 0.999836144 -0.016796453 0.004095434 0.005365711
14.043439285 0.999835809 -0.016819864 0.004093374 0.005356373
14.063697568 0.999836088 -0.016802343 0.004087410 0.005363996
14.083826594 0.999836253 -0.016795637 0.004083524 0.005357197
14.104012449 0.999836090 -0.016802115 0.004087794 0.005363920
14.124339142 0.999836235 -0.016789639 0.004086694 0.005376739
14.144740185 0.999836395 -0.016775195 0.004097801 0.005383605
14.164497703 0.999836329 -0.016776578 0.004102570 0.005387944
14.184707274 0.999836051 -0.016802543 0.004111058 0.005352118
14.204891661 0.999836328 -0.016796286 0.004109851 0.005320821
14.225033573 0.999836451 -0.016788846 0.004111216 0.005320073
14.245321808 0.999836388 -0.016794832 0.004112399 0.005312118
14.265394290 0.999836144 -0.016813211 0.004100240 0.005309373
14.285658116 0.999836069 -0.016817921 0.004092050 0.005314925
14.305751392 0.999836241 -0.016799724 0.004102197 0.005332288
14.326005793 0.999836232 -0.016812568 0.004094976 0.005298819
14.346300133 0.999836325 -0.016807432 0.004082749 0.005307032
14.366302233 0.999836255 -0.016812657 0.004091403 0.005297055
14.386410437 0.999836509 -0.016797736 0.004098102 0.005291266
14.406608389 0.999836299 -0.016807141 0.004093695 0.005304460
14.427144914 0.999836152 -0.016814208 0.004110610 0.005296636
14.447015138 0.999835937 -0.016829041 0.004108739 0.005291651
14.467204216 0.999836100 -0.016818808 0.004101230 0.005299093
14.487302924 0.999836300 -0.016808590 0.004098361 0.005296074
14.507802354 0.999836445 -0.016797591 0.004109552 0.005294821
14.528207859 0.999836436 -0.016794029 0.004117700 0.005301481
14.547930098 0.999836589 -0.016795376 0.004104588 0.005278522
14.568028463 0.999836824 -0.016778616 0.004098823 0.005291718
14.588309533 0.999836869 -0.016775505 0.004102059 0.005290673
14.608475988 0.999836616 -0.016784244 0.004104663 0.005308642
14.628745957 0.999836777 -0.016770017 0.004125506 0.005307209
14.648721525 0.999836795 -0.016771535 0.004125272 0.005299211
14.668873599 0.999836959 -0.016761107 0.004121043 0.005304478
14.689150172 0.999836750 -0.016778414 0.004116102 0.005292994
14.709378773 0.999836267 -0.016799663 0.004104882 0.005325409
14.729643316 0.999836166 -0.016807844 0.004101041 0.005321628
14.750042095 0.999836458 -0.016790848 0.004096795 0.005323683
14.769792645 0.999836476 -0.016792795 0.004100307 0.005311340
14.789931890 0.999836801 -0.016778411 0.004091438 0.005302403
14.810194784 0.999837016 -0.016776358 0.004059522 0.005293001
14.830481542 0.999837254 -0.016766642 0.004051935 0.005284607
14.850476849 0.999836797 -0.016797204 0.004041608 0.005281862
14.870714021 0.999836855 -0.016796509 0.004035951 0.005277402
14.890831970 0.999837020 -0.016778572 0.004045960 0.005295551
14.911171562 0.999836801 -0.016794891 0.004044235 0.005286555
14.932139276 0.999836789 -0.016789489 0.004037921 0.005310620
14.951412413 0.999837012 -0.016774222 0.004044137 0.005312178
14.971598648 0.999836993 -0.016775009 0.004036039 0.005319573
14.991797239 0.999837147 -0.016771924 0.004029998 0.005304843
15.011955489 0.999837500 -0.016742664 0.004038451 0.005324240
15.032185498 0.999837518 -0.016742536 0.004043131 0.005317654
15.052303000 0.999837803 -0.016730175 0.004033919 0.005309965
15.072530287 0.999837766 -0.016724796 0.004027498 0.005338736
15.092735124 0.999837668 -0.016726400 0.004017060 0.005359817
15.112959032 0.999837709 -0.016726011 0.004026541 0.005346255
15.132980106 0.999837519 -0.016731497 0.004038628 0.005355566
15.153201461 0.999837414 -0.016737936 0.004044269 0.005350755
15.173314420 0.999837308 -0.016750236 0.004033896 0.005339996
15.193552614 0.999837546 -0.016740490 0.004026325 0.005331540
15.213675413 0.999837576 -0.016740611 0.004024820 0.005326790
15.233946415 0.999837623 -0.016736358 0.004029908 0.005327550
15.254082527 0.999837708 -0.016734676 0.004039848 0.005309264
15.274324502 0.999837534 -0.016742034 0.004050824 0.005310356
15.294709176 0.999837787 -0.016732863 0.004043737 0.005297024
15.314748927 0.999837658 -0.016739225 0.004036925 0.005306609
15.334727909 0.999837645 -0.016737996 0.004041004 0.005309679
15.354974856 0.999837509 -0.016738753 0.004043750 0.005330860
15.375161605 0.999837392 -0.016742894 0.004065035 0.005323554
15.395322030 0.999837795 -0.016731273 0.004036891 0.005305835
15.415560442 0.999838105 -0.016721210 0.004022546 0.005289995
15.435702511 0.999838167 -0.016723524 0.004016959 0.005275178
15.455820952 0.999838140 -0.016729811 0.004009112 0.005266409
15.476169476 0.999838044 -0.016734898 0.004019846 0.005260276
15.496215235 0.999838027 -0.016731802 0.004029130 0.005266146
15.516427933 0.999837699 -0.016755232 0.004029805 0.005253339
15.536531082 0.999837848 -0.016747175 0.004033519 0.005247836
15.556720368 0.999837684 -0.016757984 0.004030295 0.005247173
15.576865916 0.999837648 -0.016763107 0.004044521 0.005226717
15.597181588 0.999837480 -0.016770517 0.004046803 0.005233247
15.617311628 0.999837448 -0.016775521 0.004049008 0.005221587
15.637437908 0.999837350 -0.016787480 0.004043463 0.005206125
15.657610384 0.999837569 -0.016765710 0.004035176 0.005240594
15.677932700 0.999837937 -0.016740719 0.004032611 0.005252229
15.698309971 0.999837825 -0.016748231 0.004023602 0.005256478
15.718326461 0.999837872 -0.016747911 0.004007190 0.005261224
15.738421230 0.999838273 -0.016732134 0.004014229 0.005229723
15.758529001 0.999838313 -0.016724705 0.004024150 0.005238179
15.778657894 0.999838084 -0.016731710 0.004029311 0.005255468
15.798819649 0.999837518 -0.016758633 0.004031084 0.005275972
15.819132346 0.999836892 -0.016801326 0.004042725 0.005249951
15.839223580 0.999837052 -0.016791498 0.004045560 0.005248695
15.859580375 0.999836821 -0.016800007 0.004064267 0.005250921
15.879667706 0.999837129 -0.016791693 0.004073265 0.005211907
15.900001068 0.999837151 -0.016781933 0.004084944 0.005229860
15.920059044 0.999837059 -0.016791760 0.004068433 0.005228744
15.940053917 0.999837000 -0.016796620 0.004060840 0.005230310
15.960277347 0.999836961 -0.016801415 0.004048681 0.005231916
15.980698030 0.999837010 -0.016798402 0.004049673 0.005231379
16.000628830 0.999837091 -0.016796727 0.004045787 0.005224234
16.020821066 0.999836985 -0.016798524 0.004045997 0.005238689
16.040996226 0.999837029 -0.016800451 0.004041470 0.005227553
16.061314700 0.999837241 -0.016796051 0.004037181 0.005204301
16.081433763 0.999837219 -0.016791876 0.004033609 0.005224793
16.101650929 0.999837155 -0.016798409 0.004029911 0.005218930
16.121635478 0.999837234 -0.016792915 0.004032571 0.005219466
16.142021086 0.999837520 -0.016778861 0.004040497 0.005203692
16.162061619 0.999837163 -0.016795537 0.004044270 0.005215566
16.182269915 0.999837070 -0.016797498 0.004031655 0.005236720
16.202505692 0.999837194 -0.016785891 0.004029391 0.005251975
16.222736492 0.999837003 -0.016796015 0.004031712 0.005254172
16.242878575 0.999837063 -0.016794040 0.004049185 0.005235592
16.262916163 0.999836759 -0.016814088 0.004041114 0.005235654
16.283174812 0.999836680 -0.016811341 0.004047883 0.005254220
16.303309288 0.999836608 -0.016826524 0.004055136 0.005213652
16.323454180 0.999836747 -0.016820307 0.004055849 0.005206491
16.343611966 0.999836436 -0.016825111 0.004068910 0.005240391
16.363864278 0.999836593 -0.016824663 0.004069613 0.005211077
16.384092422 0.999836640 -0.016823527 0.004071235 0.005204541
16.404139688 0.999836349 -0.016836353 0.004065004 0.005223745
16.424541229 0.999836334 -0.016836538 0.004075026 0.005218324
16.444578760 0.999835969 -0.016850707 0.004077328 0.005240594
16.464971929 0.999835724 -0.016864348 0.004068469 0.005250362
16.484978321 0.999836419 -0.016839157 0.004054893 0.005209140
16.505037141 0.999836442 -0.016840205 0.004055779 0.005200621
16.525409699 0.999836284 -0.016842500 0.004053946 0.005225060
16.545443441 0.999836547 -0.016826877 0.004060190 0.005220102
16.565657402 0.999836425 -0.016834600 0.004068735 0.005212051
16.585799387 0.999836843 -0.016809739 0.004057004 0.005221113
16.605923008 0.999836611 -0.016827240 0.004077595 0.005193215
16.626147190 0.999836585 -0.016833380 0.004071759 0.005182882
16.646572966 0.999836725 -0.016827987 0.004081246 0.005165848
16.666498055 0.999836547 -0.016836119 0.004084067 0.005171506
16.686971579 0.999836491 -0.016835281 0.004072517 0.005194062
16.706846482 0.999836436 -0.016836580 0.004069551 0.005202803
16.726993057 0.999836457 -0.016833652 0.004084268 0.005196838
16.747406917 0.999836584 -0.016831977 0.004082480 0.005179070
16.767378692 0.999836577 -0.016834333 0.004086162 0.005169806
16.787572547 0.999836353 -0.016851868 0.004086730 0.005155657
16.807727790 0.999836315 -0.016853414 0.004086658 0.005157994
16.828039576 0.999835979 -0.016870871 0.004079741 0.005171510
16.848401499 0.999835529 -0.016896244 0.004091379 0.005166510
16.868373264 0.999835579 -0.016893357 0.004104017 0.005156215
16.888546305 0.999835849 -0.016873156 0.004115556 0.005160785
16.908998229 0.999835375 -0.016900303 0.004113500 0.005165381
16.928908826 0.999835321 -0.016902889 0.004112394 0.005168321
16.948932766 0.999835334 -0.016899531 0.004107171 0.005181007
16.969174087 0.999835292 -0.016899241 0.004114733 0.005184028
16.989335253 0.999835126 -0.016907477 0.004108922 0.005193754
17.009517577 0.999835235 -0.016901019 0.004119825 0.005185090
17.029899346 0.999835591 -0.016892475 0.004116660 0.005146770
17.049895244 0.999835314 -0.016905973 0.004109580 0.005161844
17.070481894 0.999835379 -0.016902134 0.004122637 0.005151420
17.090619697 0.999835431 -0.016901657 0.004108202 0.005154442
17.110405791 0.999835398 -0.016903185 0.004107965 0.005155954
17.130760952 0.999835560 -0.016887311 0.004119960 0.005167009
17.150775788 0.999835676 -0.016884337 0.004123424 0.005151468
17.170864920 0.999835695 -0.016878037 0.004133253 0.005160595
17.191065537 0.999835730 -0.016879019 0.004134587 0.005149529
17.211403688 0.999835842 -0.016875168 0.004132575 0.005141925
17.231777780 0.999835755 -0.016881994 0.004127069 0.005140779
17.251633381 0.999835816 -0.016876844 0.004121122 0.005150618
17.271858254 0.999836389 -0.016843317 0.004118964 0.005150996
17.292105938 0.999836560 -0.016827009 0.004112052 0.005176468
17.312176400 0.999836498 -0.016828568 0.004123704 0.005174187
17.332663338 0.999836526 -0.016829657 0.004133137 0.005157631
17.352514814 0.999836889 -0.016809366 0.004137586 0.005149770
17.372720711 0.999837185 -0.016802661 0.004123702 0.005125385
17.392821752 0.999837246 -0.016800926 0.004122481 0.005120103
17.413197824 0.999836880 -0.016815534 0.004135945 0.005132672
17.433316498 0.999836664 -0.016833665 0.004137033 0.005114579
17.453411873 0.999836697 -0.016824505 0.004154060 0.005124354
17.473611040 0.999836773 -0.016814061 0.004171221 0.005129794
17.493734087 0.999836721 -0.016813910 0.004172380 0.005139643
17.514099511 0.999836704 -0.016817592 0.004183861 0.005121537
17.534091774 0.999836711 -0.016817092 0.004182481 0.005122883
17.554294463 0.999836601 -0.016818300 0.004186308 0.005137198
17.574466414 0.999836409 -0.016829800 0.004194110 0.005130607
17.594663151 0.999836615 -0.016816275 0.004188530 0.005139269
17.615131245 0.999836161 -0.016839624 0.004202168 0.005140132
17.634949191 0.999836138 -0.016843706 0.004211499 0.005123409
17.655339155 0.999836384 -0.016831147 0.004207447 0.005120154
17.675541468 0.999836484 -0.016830610 0.004203789 0.005105205
17.695474201 0.999836334 -0.016836678 0.004213355 0.005106840
17.715679492 0.999836538 -0.016828790 0.004201086 0.005103014
17.735868303 0.999836422 -0.016836436 0.004199990 0.005101271
17.756011846 0.999836295 -0.016841048 0.004209872 0.005102838
17.776234263 0.999836431 -0.016836199 0.004207886 0.005093847
17.796966907 0.999836544 -0.016832242 0.004215408 0.005078490
17.816745063 0.999836585 -0.016828049 0.004222573 0.005078429
17.836791401 0.999836651 -0.016822676 0.004204121 0.005098511
17.857029222 0.999836821 -0.016811021 0.004201694 0.005105513
17.877154408 0.999836948 -0.016796673 0.004214824 0.005117135
17.897257357 0.999836963 -0.016803179 0.004206819 0.005099376
17.917483723 0.999836839 -0.016811882 0.004198500 0.005101863
17.937679637 0.999836737 -0.016821790 0.004211786 0.005078220
17.957817452 0.999836743 -0.016818968 0.004210845 0.005087028
17.977968286 0.999836696 -0.016821922 0.004206256 0.005090359
17.998192035 0.999837070 -0.016799800 0.004214057 0.005083403
18.018742189 0.999837198 -0.016797133 0.004220105 0.005062046
18.038658019 0.999837143 -0.016799507 0.004211346 0.005072385
18.059085817 0.999836971 -0.016811152 0.004206875 0.005071422
18.079011715 0.999836548 -0.016829888 0.004220747 0.005080994
18.099026443 0.999836562 -0.016827216 0.004226710 0.005082195
18.119279885 0.999836395 -0.016833132 0.004236410 0.005087341
18.139427641 0.999836525 -0.016828009 0.004230862 0.005083509
18.159602572 0.999836825 -0.016811624 0.004231547 0.005078101
18.180073597 0.999836862 -0.016814018 0.004222258 0.005070564
18.200216881 0.999836578 -0.016830961 0.004227037 0.005066371
18.220251490 0.999836625 -0.016826491 0.004209151 0.005086846
18.240495018 0.999837022 -0.016809272 0.004213099 0.005062313
18.260683725 0.999836772 -0.016823454 0.004217799 0.005060817
18.280678635 0.999836707 -0.016827278 0.004221431 0.005057815
18.300848705 0.999836656 -0.016829425 0.004215376 0.005065852
18.321078736 0.999836499 -0.016838634 0.004234088 0.005050530
18.341235549 0.999836410 -0.016836332 0.004245666 0.005066197
18.361452283 0.999836454 -0.016832476 0.004253900 0.005063369
18.381544921 0.999836526 -0.016828161 0.004256962 0.005060841
18.401849338 0.999836488 -0.016829335 0.004258380 0.005063231
18.422042255 0.999836634 -0.016828149 0.004267412 0.005030637
18.442176555 0.999836494 -0.016835106 0.004258102 0.005043056
18.462422032 0.999836692 -0.016820527 0.004248008 0.005061017
18.482475607 0.999836489 -0.016832191 0.004247315 0.005062957
18.502605809 0.999836345 -0.016848252 0.004244802 0.005039869
18.522740656 0.999836147 -0.016860610 0.004232934 0.005047945
18.542997454 0.999836383 -0.016844679 0.004235002 0.005052697
18.563467167 0.999836582 -0.016837012 0.004231475 0.005041783
18.583689273 0.999836245 -0.016862692 0.004229697 0.005024117
18.603656840 0.999836122 -0.016878855 0.004234995 0.004989757
18.623800170 0.999836086 -0.016881348 0.004239318 0.004984897
18.644611408 0.999836445 -0.016861087 0.004235528 0.004984694
18.664009275 0.999836256 -0.016871095 0.004246479 0.004979515
18.684222660 0.999836912 -0.016840551 0.004251260 0.004946937
18.704395973 0.999837172 -0.016834572 0.004223498 0.004938550
18.724569340 0.999837143 -0.016829988 0.004226504 0.004957353
18.744751941 0.999836675 -0.016857634 0.004226428 0.004957924
18.764887601 0.999836860 -0.016848859 0.004227807 0.004949321
18.785168764 0.999836673 -0.016860897 0.004233135 0.004941378
18.805411887 0.999836665 -0.016856448 0.004240042 0.004952251
18.825524415 0.999836785 -0.016858253 0.004211320 0.004946371
18.845689297 0.999836987 -0.016848839 0.004202099 0.004945535
18.865780778 0.999836953 -0.016856957 0.004193330 0.004932172
18.885945463 0.999837391 -0.016827535 0.004202474 0.004936048
18.906151915 0.999837572 -0.016815424 0.004207079 0.004936732
18.926373957 0.999837282 -0.016838678 0.004207301 0.004915966
18.946779938 0.999837266 -0.016842832 0.004207531 0.004904806
18.966725715 0.999837351 -0.016831017 0.004212605 0.004923665
18.986842246 0.999837129 -0.016840594 0.004226644 0.004923897
19.007045935 0.999836838 -0.016855704 0.004239302 0.004920422
19.027283943 0.999836836 -0.016861326 0.004230843 0.004908934
19.047388900 0.999836681 -0.016866575 0.004233897 0.004919789
19.067620434 0.999836857 -0.016851970 0.004228989 0.004938206
19.087773554 0.999837344 -0.016825815 0.004223911 0.004933211
19.107937399 0.999837085 -0.016839333 0.004219674 0.004943057
19.128254888 0.999837300 -0.016821876 0.004224716 0.004954797
19.148260904 0.999837325 -0.016821592 0.004219503 0.004955177
19.168693082 0.999837377 -0.016817735 0.004216000 0.004960807
19.188724281 0.999837264 -0.016826703 0.004205737 0.004961741
19.208847567 0.999837483 -0.016809410 0.004196172 0.004984348
19.229086644 0.999837424 -0.016813094 0.004210152 0.004971921
19.249172312 0.999837658 -0.016798966 0.004208058 0.004974334
19.269351955 0.999838067 -0.016779393 0.004198415 0.004966446
19.289515871 0.999837818 -0.016790750 0.004201802 0.004975255
19.309703259 0.999837851 -0.016794615 0.004206120 0.004951983
19.330015172 0.999837846 -0.016794292 0.004206930 0.004953284
19.350068563 0.999837719 -0.016800743 0.004190427 0.004970998
19.370317824 0.999837719 -0.016801845 0.004201140 0.004958199
19.390457529 0.999837255 -0.016822953 0.004197316 0.004983352
19.410691863 0.999836865 -0.016835441 0.004218680 0.005001325
19.430804040 0.999836916 -0.016837629 0.004211404 0.004990041
19.450903020 0.999837279 -0.016821304 0.004210379 0.004973099
19.471117948 0.999836982 -0.016828900 0.004226669 0.004993332
19.491255748 0.999837303 -0.016816715 0.004225157 0.004971363
19.511512292 0.999837104 -0.016828991 0.004217478 0.004976299
19.531774045 0.999837182 -0.016811813 0.004232082 0.005006165
19.551931342 0.999837254 -0.016808064 0.004234618 0.005002224
19.572038435 0.999837386 -0.016809400 0.004232189 0.004973279
19.592354999 0.999837622 -0.016788663 0.004233399 0.004994784
19.612521437 0.999837849 -0.016774688 0.004216488 0.005010589
19.632778184 0.999837741 -0.016787338 0.004222449 0.004984857
19.652735085 0.999837808 -0.016782270 0.004228143 0.004983501
19.672885416 0.999838262 -0.016753726 0.004224456 0.004991552
19.693041450 0.999838543 -0.016743098 0.004222745 0.004972351
19.713338161 0.999838925 -0.016717389 0.004219249 0.004985120
19.733521593 0.999838894 -0.016711892 0.004218588 0.005010308
19.753730210 0.999839045 -0.016717050 0.004198858 0.004979305
19.773941147 0.999838674 -0.016734952 0.004191862 0.004999481
19.794209116 0.999838701 -0.016737501 0.004187169 0.004989488
19.814349230 0.999838742 -0.016735295 0.004173724 0.004999979
19.834358100 0.999838818 -0.016728980 0.004176318 0.005003828
19.854511277 0.999838449 -0.016742014 0.004189921 0.005022559
19.874722970 0.999838649 -0.016735827 0.004180845 0.005010939
19.894896382 0.999838540 -0.016740935 0.004182483 0.005014234
19.915096950 0.999838005 -0.016769801 0.004180579 0.005025890
19.935217317 0.999837649 -0.016801956 0.004168127 0.004999634
19.955511242 0.999837736 -0.016806014 0.004175728 0.004962179
19.975572048 0.999837661 -0.016808499 0.004179453 0.004965650
19.995739328 0.999837431 -0.016817782 0.004185719 0.004975287
20.015874264 0.999837515 -0.016822074 0.004168989 0.004958005
20.036144314 0.999837837 -0.016791546 0.004165189 0.004999507
20.056321533 0.999837396 -0.016820631 0.004155338 0.004998132
20.076534845 0.999837419 -0.016828910 0.004170093 0.004953158
20.096958514 0.999837188 -0.016838501 0.004165206 0.004971345
20.116804536 0.999837015 -0.016839629 0.004173121 0.004995616
20.137049491 0.999836757 -0.016860074 0.004173074 0.004978282
20.157145882 0.999836621 -0.016867187 0.004177013 0.004978188
20.177339667 0.999836731 -0.016856447 0.004184117 0.004986489
20.197496984 0.999837253 -0.016826098 0.004179931 0.004987786
20.217710099 0.999837312 -0.016823781 0.004194866 0.004971273
20.237872815 0.999837182 -0.016821951 0.004198978 0.005000094
20.258069246 0.999837286 -0.016817694 0.004187154 0.005003541
20.278420683 0.999837045 -0.016835748 0.004209971 0.004971565
20.298584908 0.999837268 -0.016822412 0.004201490 0.004979185
20.318682000 0.999837476 -0.016817246 0.004213582 0.004944441
20.338779146 0.999837359 -0.016823318 0.004214974 0.004946182
20.358911808 0.999837306 -0.016823098 0.004209970 0.004962024
20.379126804 0.999837933 -0.016791045 0.004203700 0.004949478
20.399263352 0.999838066 -0.016783357 0.004193646 0.004957184
20.419424850 0.999838298 -0.016762942 0.004191094 0.004981516
20.439740962 0.999838209 -0.016771707 0.004191257 0.004969760
20.459791829 0.999838183 -0.016771286 0.004202892 0.004966709
20.479995793 0.999838051 -0.016769700 0.004211632 0.004991082
20.500178177 0.999837682 -0.016791967 0.004208708 0.004992620
20.520427510 0.999837817 -0.016791952 0.004206754 0.004967192
20.540565984 0.999837634 -0.016800694 0.004215657 0.004967029
20.560728382 0.999837554 -0.016804792 0.004205867 0.004977571
20.580853371 0.999837599 -0.016810056 0.004207958 0.004948846
20.601042747 0.999837533 -0.016813392 0.004212529 0.004946969
20.621280630 0.999837198 -0.016832065 0.004214075 0.004949763
20.641550166 0.999837563 -0.016817837 0.004201057 0.004935402
20.661689654 0.999837355 -0.016823193 0.004216972 0.004945847
20.681805319 0.999837636 -0.016800592 0.004235630 0.004949906
20.701923741 0.999837606 -0.016801572 0.004236553 0.004951876
20.722101894 0.999837880 -0.016786019 0.004241641 0.004944912
20.742265601 0.999838215 -0.016772298 0.004237234 0.004927384
20.762637296 0.999838032 -0.016781617 0.004238570 0.004931731
20.782672471 0.999838174 -0.016773572 0.004243246 0.004926235
20.802967129 0.999838057 -0.016780469 0.004252024 0.004918990
20.823061721 0.999838010 -0.016779909 0.004253542 0.004929158
20.843371235 0.999838017 -0.016780935 0.004248824 0.004928280
20.863713705 0.999837884 -0.016794632 0.004233019 0.004922252
20.883563749 0.999837815 -0.016794609 0.004238644 0.004931361
20.903703066 0.999837966 -0.016780697 0.004237132 0.004949485
20.923855293 0.999838004 -0.016778835 0.004229223 0.004954755
20.944097349 0.999838211 -0.016761957 0.004223267 0.004975282
20.964278426 0.999838000 -0.016770749 0.004228719 0.004983272
20.984434728 0.999837887 -0.016776414 0.004220995 0.004993557
21.004681864 0.999837995 -0.016771489 0.004226296 0.004983909
21.024895710 0.999838080 -0.016771914 0.004225020 0.004966420
21.045095752 0.999838218 -0.016757627 0.004212399 0.004997618
21.065152657 0.999838445 -0.016745480 0.004207603 0.004996853
21.085353141 0.999838542 -0.016744888 0.004212252 0.004975599
21.105496992 0.999838732 -0.016731481 0.004212368 0.004982318
21.125669078 0.999838767 -0.016726330 0.004217885 0.004987991
21.145977578 0.999838786 -0.016732357 0.004224118 0.004958493
21.166003550 0.999838896 -0.016720033 0.004218781 0.004982365
21.186244272 0.999838777 -0.016726544 0.004225048 0.004979126
21.206470856 0.999838787 -0.016735159 0.004204728 0.004965389
21.226586221 0.999838919 -0.016722293 0.004216207 0.004972431
21.246997204 0.999838892 -0.016730735 0.004209384 0.004955119
21.266870667 0.999838801 -0.016734219 0.004217828 0.004954515
21.287071553 0.999838620 -0.016741478 0.004234503 0.004952360
21.307279129 0.999838903 -0.016720676 0.004231668 0.004967864
21.327759556 0.999838776 -0.016737225 0.004225679 0.004942814
21.347721234 0.999839113 -0.016713716 0.004226710 0.004953277
21.367987180 0.999839231 -0.016716350 0.004217202 0.004928648
21.387938923 0.999839301 -0.016719841 0.004200925 0.004916501
21.408164264 0.999839197 -0.016725287 0.004212589 0.004908984
21.428515901 0.999839354 -0.016714061 0.004205993 0.004921054
21.448501734 0.999839469 -0.016708796 0.004200917 0.004919771
21.468684254 0.999839447 -0.016699883 0.004197647 0.004957163
21.488840085 0.999839427 -0.016701379 0.004188261 0.004964130
21.509008434 0.999839275 -0.016712476 0.004177673 0.004966382
21.529404171 0.999839189 -0.016709825 0.004180977 0.004989630
21.549848998 0.999838982 -0.016720277 0.004181181 0.004995917
21.569682367 0.999839141 -0.016712376 0.004165655 0.005003494
21.589878027 0.999839241 -0.016704682 0.004175753 0.005000918
21.610009739 0.999839181 -0.016707755 0.004173907 0.005004094
21.630333366 0.999839349 -0.016703355 0.004171106 0.004987634
21.650384750 0.999839132 -0.016706919 0.004172488 0.005017829
21.670495870 0.999838917 -0.016721543 0.004165301 0.005018054
21.690629241 0.999839146 -0.016714912 0.004152821 0.005004753
21.710810112 0.999838997 -0.016720912 0.004159536 0.005008933
21.731124790 0.999839144 -0.016720130 0.004148987 0.004990929
21.751159556 0.999839491 -0.016697463 0.004138346 0.005006173
21.771460581 0.999839572 -0.016695726 0.004139908 0.004994408
21.791549078 0.999839756 -0.016685620 0.004144589 0.004987403
21.811814246 0.999839934 -0.016674865 0.004149377 0.004983771
21.832041067 0.999839682 -0.016686869 0.004155694 0.004988872
21.852051698 0.999839292 -0.016704101 0.004163699 0.005002670
21.872254841 0.999839462 -0.016688907 0.004170109 0.005014075
21.892444988 0.999840104 -0.016652779 0.004172627 0.005004130
21.912958105 0.999840086 -0.016640469 0.004181920 0.005040771
21.932844569 0.999839982 -0.016648365 0.004188467 0.005029740
21.952895913 0.999840040 -0.016642722 0.004196903 0.005029886
21.973195094 0.999839709 -0.016654182 0.004182156 0.005069837
21.993302150 0.999839363 -0.016681328 0.004188096 0.005044020
22.013676358 0.999839353 -0.016684770 0.004185787 0.005036454
22.033775379 0.999839248 -0.016693414 0.004186801 0.005027757
22.053821625 0.999839726 -0.016669571 0.004178514 0.005018715
22.074232935 0.999839555 -0.016679293 0.004171137 0.005026695
22.094200867 0.999839512 -0.016681005 0.004162123 0.005037066
22.114402962 0.999839718 -0.016673993 0.004162222 0.005019246
22.134601486 0.999840020 -0.016654766 0.004164672 0.005020871
22.154709337 0.999839952 -0.016657745 0.004160071 0.005028263
22.174880178 0.999839864 -0.016670687 0.004157985 0.005004505
22.195069222 0.999839525 -0.016692626 0.004148724 0.005006852
22.215271390 0.999839334 -0.016702334 0.004148837 0.005012454
22.235382834 0.999839272 -0.016711207 0.004152285 0.004992348
22.255751308 0.999839158 -0.016716077 0.004154548 0.004997149
22.275952620 0.999838953 -0.016725589 0.004153489 0.005007046
22.295997209 0.999838947 -0.016719122 0.004155987 0.005027740
22.316135470 0.999838938 -0.016720900 0.004151153 0.005027746
22.336316357 0.999838737 -0.016735831 0.004131195 0.005034487
22.356494760 0.999838763 -0.016747648 0.004124480 0.004995354
22.376771478 0.999838590 -0.016754052 0.004131552 0.005002649
22.397036866 0.999838786 -0.016736282 0.004130284 0.005023983
22.417274392 0.999838623 -0.016748454 0.004123202 0.005021608
22.437304526 0.999838777 -0.016740239 0.004122849 0.005018633
22.457391346 0.999838861 -0.016725740 0.004125622 0.005047764
22.477605710 0.999839047 -0.016715231 0.004124644 0.005046647
22.497742326 0.999839103 -0.016711455 0.004132231 0.005041756
22.517906712 0.999839103 -0.016718001 0.004142300 0.005011802
22.538073352 0.999839509 -0.016696652 0.004130602 0.005011655
22.558251012 0.999839860 -0.016673792 0.004148096 0.005003131
22.578564764 0.999839522 -0.016687989 0.004157424 0.005015672
22.598631159 0.999839577 -0.016682926 0.004143189 0.005033356
22.618878477 0.999839765 -0.016677895 0.004141953 0.005013679
22.638986546 0.999839105 -0.016717787 0.004133316 0.005019405
22.659171318 0.999839066 -0.016717383 0.004139463 0.005023565
22.679567790 0.999839072 -0.016720373 0.004147798 0.005005558
22.699548994 0.999839227 -0.016716562 0.004138335 0.004995062
22.719693598 0.999839526 -0.016696944 0.004138301 0.005000904
22.739822845 0.999839448 -0.016709709 0.004137034 0.004974827
22.760031350 0.999839663 -0.016699588 0.004148017 0.004956467
22.780253330 0.999839920 -0.016690953 0.004143789 0.004937064
22.800494651 0.999839819 -0.016702370 0.004132871 0.004928095
22.820640439 0.999839617 -0.016713636 0.004146596 0.004919422
22.840763667 0.999839578 -0.016711901 0.004132937 0.004944608
22.860906894 0.999839180 -0.016740898 0.004141574 0.004919701
22.881132491 0.999839166 -0.016742354 0.004143661 0.004915884
22.901331913 0.999838901 -0.016756590 0.004133176 0.004930102
22.921455518 0.999839032 -0.016749641 0.004132555 0.004927559
22.941674032 0.999839043 -0.016756374 0.004132939 0.004902142
22.962049742 0.999838983 -0.016760300 0.004142725 0.004892754
22.982286343 0.999838596 -0.016785672 0.004144930 0.004882814
23.002263471 0.999838510 -0.016781233 0.004152776 0.004909082
23.022486073 0.999838795 -0.016771482 0.004155514 0.004882009
23.042552160 0.999838915 -0.016762869 0.004152053 0.004889886
23.062904460 0.999838947 -0.016762151 0.004144904 0.004891870
23.082947859 0.999838697 -0.016774253 0.004162868 0.004886284
23.103043406 0.999838367 -0.016789375 0.004167945 0.004897368
23.123345400 0.999838166 -0.016804550 0.004185825 0.004871016
23.143475692 0.999838607 -0.016778034 0.004185305 0.004872392
23.163657132 0.999838617 -0.016771046 0.004189556 0.004890775
23.183805741 0.999838413 -0.016783698 0.004184804 0.004893124
23.204204971 0.999838686 -0.016758448 0.004197337 0.004913203
23.224060521 0.999838676 -0.016754891 0.004204059 0.004921546
23.244273848 0.999838581 -0.016757044 0.004206235 0.004931592
23.264493294 0.999838440 -0.016764790 0.004203504 0.004936245
23.284616398 0.999838403 -0.016764227 0.004196242 0.004951705
23.304897788 0.999838552 -0.016757100 0.004194405 0.004947403
23.325232474 0.999838550 -0.016758173 0.004199796 0.004939518
23.345302437 0.999838506 -0.016760296 0.004202885 0.004938693
23.365391150 0.999839020 -0.016729636 0.004194849 0.004945287
23.385559878 0.999838963 -0.016734073 0.004191231 0.004944895
23.405753306 0.999839029 -0.016735837 0.004196607 0.004920954
23.425856157 0.999839238 -0.016717814 0.004205932 0.004931798
23.446111376 0.999839445 -0.016695458 0.004216884 0.004956198
23.466468170 0.999839606 -0.016691492 0.004225933 0.004929345
23.486474201 0.999839677 -0.016694535 0.004220680 0.004909036
23.506650537 0.999839812 -0.016687781 0.004222911 0.004902598
23.527066966 0.999839530 -0.016696801 0.004219246 0.004932540
23.546907165 0.999839347 -0.016703868 0.004228404 0.004937787
23.567121709 0.999839581 -0.016694165 0.004225277 0.004925927
23.587292292 0.999839530 -0.016707908 0.004204946 0.004907011
23.607484587 0.999839463 -0.016710499 0.004198572 0.004917337
23.627874699 0.999839466 -0.016718285 0.004198199 0.004890394
23.648140801 0.999839607 -0.016703546 0.004204542 0.004906410
23.668252820 0.999839378 -0.016712435 0.004210541 0.004917666
23.688474660 0.999839493 -0.016713975 0.004214582 0.004885579
23.708916324 0.999839274 -0.016715553 0.004229843 0.004911764
23.728842136 0.999839274 -0.016716393 0.004223582 0.004914206
23.748788257 0.999839354 -0.016708263 0.004220662 0.004928144
23.768875409 0.999839293 -0.016708793 0.004232799 0.004928299
23.789170573 0.999839182 -0.016704214 0.004239504 0.004960409
23.809377752 0.999839302 -0.016702164 0.004241186 0.004941707
23.829463987 0.999839165 -0.016706051 0.004234779 0.004961723
23.849944388 0.999839258 -0.016704377 0.004223447 0.004958294
23.869838938 0.999839340 -0.016695408 0.004230645 0.004965817
23.889942097 0.999839180 -0.016697068 0.004227434 0.004995074
23.910270854 0.999839040 -0.016717490 0.004222366 0.004958924
23.930763709 0.999839044 -0.016719192 0.004224998 0.004950195
23.950585872 0.999838960 -0.016723531 0.004229747 0.004948500
23.970819505 0.999838794 -0.016733233 0.004215844 0.004960927
23.990853343 0.999838729 -0.016743862 0.004222039 0.004932941
24.011019643 0.999838760 -0.016730998 0.004229965 0.004963458
24.031757794 0.999838955 -0.016719297 0.004206173 0.004983608
24.051380227 0.999839185 -0.016716705 0.004192600 0.004957552
24.071558101 0.999839149 -0.016714682 0.004204094 0.004961916
24.091699964 0.999838980 -0.016721789 0.004207445 0.004969188
24.111913355 0.999839216 -0.016710802 0.004205765 0.004960155
24.132249290 0.999839221 -0.016710335 0.004198441 0.004966888
24.152443786 0.999839269 -0.016705631 0.004195432 0.004975672
24.172485051 0.999839800 -0.016680423 0.004190536 0.004957623
24.192764214 0.999839829 -0.016680659 0.004197648 0.004944967
24.212924381 0.999840051 -0.016662188 0.004189004 0.004969560
24.232955736 0.999839907 -0.016666837 0.004196436 0.004976718
24.253146091 0.999839735 -0.016683526 0.004194150 0.004957237
24.273371469 0.999839577 -0.016690505 0.004190265 0.004968866
24.293558573 0.999840081 -0.016654943 0.004182293 0.004993455
24.313721712 0.999840219 -0.016644220 0.004182446 0.005001281
24.333902222 0.999840001 -0.016657418 0.004189982 0.004994594
24.354043458 0.999839915 -0.016660867 0.004193832 0.004997083
24.374189694 0.999839827 -0.016680763 0.004190080 0.004951284
24.394375838 0.999839895 -0.016669097 0.004194300 0.004973343
24.414647279 0.999839894 -0.016670921 0.004181426 0.004978272
24.434827299 0.999839989 -0.016671958 0.004177477 0.004958974
24.454939332 0.999839782 -0.016685953 0.004178511 0.004952777
24.475108981 0.999839890 -0.016676603 0.004174400 0.004965786
24.495311115 0.999839638 -0.016695565 0.004171262 0.004955583
24.515484023 0.999839842 -0.016684631 0.004169596 0.004952663
24.535668414 0.999839687 -0.016681896 0.004164778 0.004996872
24.555830967 0.999839272 -0.016704228 0.004170662 0.005000439
24.576175085 0.999839528 -0.016691358 0.004156094 0.005004414
24.596280868 0.999839975 -0.016662951 0.004147276 0.005017104
24.616348786 0.999840143 -0.016654901 0.004149084 0.005008874
24.636543899 0.999840097 -0.016666581 0.004140379 0.004986295
24.656679381 0.999839717 -0.016687058 0.004135471 0.004998123
24.676841590 0.999839640 -0.016695055 0.004136626 0.004985745
24.697281653 0.999839471 -0.016707055 0.004129269 0.004985521
24.717482942 0.999839386 -0.016706794 0.004125139 0.005006809
24.737443468 0.999839341 -0.016717425 0.004125716 0.004979796
24.757673429 0.999839372 -0.016717119 0.004115438 0.004983149
24.777822656 0.999839365 -0.016715322 0.004124941 0.004982617
24.798041745 0.999839283 -0.016724440 0.004121787 0.004971059
24.818135105 0.999839275 -0.016725005 0.004111275 0.004979538
24.838328291 0.999839450 -0.016714714 0.004096573 0.004991008
24.858522532 0.999838992 -0.016736691 0.004099489 0.005006721
24.878667001 0.999839024 -0.016729746 0.004107778 0.005016789
24.899120714 0.999839362 -0.016708265 0.004106907 0.005021749
24.919325996 0.999839281 -0.016716458 0.004093957 0.005021152
24.939303257 0.999839690 -0.016696959 0.004102261 0.004997732
24.959421973 0.999839658 -0.016701673 0.004096931 0.004992697
24.979781919 0.999839715 -0.016691174 0.004103540 0.005011037
24.999735444 0.999839432 -0.016700752 0.004108888 0.005031102
25.019898125 0.999839511 -0.016701831 0.004112487 0.005008922
25.040155330 0.999839423 -0.016711941 0.004125603 0.004981824
25.060273117 0.999839369 -0.016707399 0.004141856 0.004994481
25.080737096 0.999839309 -0.016712893 0.004149537 0.004981666
25.100706937 0.999839174 -0.016722189 0.004154439 0.004973485
25.120852117 0.999839025 -0.016731293 0.004163844 0.004964852
25.140965818 0.999838772 -0.016749224 0.004163765 0.004955423
25.161166087 0.999838525 -0.016756506 0.004153951 0.004988839
25.181360913 0.999838392 -0.016759941 0.004155698 0.005002417
25.201531644 0.999838316 -0.016772814 0.004147547 0.004981220
25.221697026 0.999838348 -0.016771042 0.004159506 0.004970829
25.241846213 0.999838463 -0.016759206 0.004152956 0.004992993
25.262079589 0.999838580 -0.016753775 0.004149931 0.004990318
25.282369477 0.999838621 -0.016749030 0.004148339 0.004999237
25.302483719 0.999838366 -0.016764510 0.004147311 0.004999263
25.322565189 0.999838468 -0.016759001 0.004148379 0.004996486
25.342737993 0.999838228 -0.016770347 0.004153256 0.005002343
25.363202278 0.999838429 -0.016748616 0.004157194 0.005031645
25.383051867 0.999838435 -0.016746654 0.004156057 0.005037895
25.403279297 0.999838592 -0.016738472 0.004148917 0.005039857
25.423581510 0.999838603 -0.016740385 0.004142935 0.005036252
25.443774044 0.999838820 -0.016733347 0.004140880 0.005018182
25.463989165 0.999838923 -0.016718918 0.004158378 0.005031261
25.484001773 0.999839111 -0.016700718 0.004152309 0.005059372
25.504104445 0.999839238 -0.016693401 0.004149903 0.005060265
25.524362959 0.999839068 -0.016704155 0.004143791 0.005063465
25.544534902 0.999839143 -0.016699297 0.004136588 0.005070491
25.564731492 0.999839261 -0.016697603 0.004121735 0.005065000
25.584851257 0.999839385 -0.016692232 0.004136284 0.005046189
25.605112032 0.999839237 -0.016688142 0.004134322 0.005090446
25.625414863 0.999839298 -0.016682764 0.004136518 0.005094391
25.645824603 0.999839199 -0.016680239 0.004141519 0.005118056
25.665714687 0.999839294 -0.016681266 0.004135677 0.005100838
25.685720577 0.999839170 -0.016689202 0.004134420 0.005100078
25.705904964 0.999838966 -0.016699500 0.004146536 0.005096557
25.726087073 0.999838632 -0.016723800 0.004148069 0.005081232
25.746554703 0.999838777 -0.016713326 0.004135318 0.005097492
25.766538238 0.999838585 -0.016727106 0.004133711 0.005091153
25.786634499 0.999838542 -0.016735789 0.004130939 0.005073337
25.806929656 0.999838545 -0.016735636 0.004134293 0.005070490
25.827009422 0.999838448 -0.016740231 0.004137590 0.005071709
25.847344096 0.999838436 -0.016737168 0.004127311 0.005092582
25.867332700 0.999838402 -0.016736649 0.004124882 0.005102922
25.887530527 0.999838229 -0.016742479 0.004138528 0.005106668
25.907702056 0.999838642 -0.016727212 0.004134711 0.005078770
25.928023033 0.999838802 -0.016715765 0.004121819 0.005095498
25.948088166 0.999839044 -0.016711352 0.004112471 0.005069913
25.968530920 0.999838821 -0.016725322 0.004111018 0.005068975
25.988571735 0.999838781 -0.016729659 0.004115075 0.005059259
26.008681049 0.999838601 -0.016738121 0.004112786 0.005068832
26.028840062 0.999838963 -0.016723299 0.004118494 0.005041652
26.048947941 0.999839095 -0.016717064 0.004108997 0.005043909
26.069095468 0.999838988 -0.016723191 0.004126378 0.005030455
26.089272221 0.999838941 -0.016723629 0.004113237 0.005049055
26.109493781 0.999838802 -0.016726106 0.004120832 0.005062236
26.129791890 0.999838786 -0.016733746 0.004122373 0.005038877
26.150187895 0.999838938 -0.016733609 0.004113171 0.005016637
26.170011621 0.999839085 -0.016729051 0.004119750 0.004996962
26.190273218 0.999839083 -0.016724946 0.004125420 0.005006567
26.210395964 0.999838918 -0.016736493 0.004119727 0.005005605
26.230686807 0.999838952 -0.016733647 0.004111447 0.005015183
26.250846834 0.999839186 -0.016715443 0.004116799 0.005024727
26.270861898 0.999838783 -0.016735156 0.004113423 0.005042139
26.291037390 0.999838875 -0.016730475 0.004119021 0.005034841
26.311229243 0.999838941 -0.016729173 0.004130817 0.005016309
26.331703144 0.999839117 -0.016713406 0.004139740 0.005026382
26.351641163 0.999839068 -0.016717440 0.004147003 0.005016701
26.371799136 0.999839175 -0.016718055 0.004143884 0.004995944
26.392132066 0.999839151 -0.016718028 0.004143107 0.005001516
26.412123902 0.999839149 -0.016715320 0.004142491 0.005011475
26.432328714 0.999839169 -0.016715610 0.004146608 0.005003067
26.452498901 0.999839124 -0.016717466 0.004149969 0.005002956
26.472688858 0.999838942 -0.016728261 0.004149510 0.005003674
26.492908936 0.999839266 -0.016723485 0.004133067 0.004968465
26.513244021 0.999839307 -0.016733053 0.004116832 0.004941347
26.533633622 0.999839341 -0.016723319 0.004125141 0.004960424
26.553555609 0.999839138 -0.016743473 0.004117897 0.004939280
26.593691045 0.999839437 -0.016726263 0.004132883 0.004924602
26.613896137 0.999839956 -0.016698401 0.004132286 0.004914301
26.634113567 0.999840047 -0.016698538 0.004135291 0.004892658
26.654268050 0.999839468 -0.016729708 0.004144503 0.004896698
26.674486788 0.999840107 -0.016697155 0.004139287 0.004881702
26.694673666 0.999839956 -0.016701014 0.004149217 0.004891119
26.715052039 0.999839646 -0.016713759 0.004159765 0.004901977
26.734920092 0.999839607 -0.016714679 0.004163371 0.004903769
26.755122065 0.999839791 -0.016699460 0.004172972 0.004909918
26.775436049 0.999839685 -0.016708873 0.004178717 0.004894488
26.795590272 0.999839773 -0.016710947 0.004168273 0.004878249
26.815759779 0.999840129 -0.016688852 0.004152218 0.004894592
26.835958905 0.999839895 -0.016698822 0.004156155 0.004905165
26.856195168 0.999840128 -0.016686847 0.004155223 0.004899212
26.876322837 0.999840010 -0.016688464 0.004157476 0.004915779
26.896413829 0.999839933 -0.016691813 0.004167416 0.004911602
26.916692010 0.999839933 -0.016690028 0.004170005 0.004915604
26.936783884 0.999840175 -0.016677862 0.004166147 0.004910937
26.956928713 0.999840523 -0.016666896 0.004154465 0.004886993
26.977125054 0.999840594 -0.016659192 0.004157147 0.004896594
26.997305946 0.999840468 -0.016670155 0.004158583 0.004883737
27.017476649 0.999840100 -0.016681435 0.004165219 0.004914866
27.037702433 0.999840238 -0.016669071 0.004168032 0.004926177
27.057947581 0.999839958 -0.016687040 0.004159792 0.004929124
27.078159559 0.999839992 -0.016684947 0.004161058 0.004928290
27.098260342 0.999840545 -0.016657010 0.004153450 0.004916980
27.118401325 0.999840620 -0.016653035 0.004163422 0.004906861
27.138568271 0.999840499 -0.016661050 0.004153289 0.004912941
27.158753626 0.999840409 -0.016674274 0.004150556 0.004888611
27.178864134 0.999840634 -0.016664744 0.004146344 0.004878683
27.199018230 0.999840534 -0.016664139 0.004145861 0.004901479
27.219293977 0.999840264 -0.016688905 0.004136464 0.004880179
27.239405867 0.999840109 -0.016681060 0.004145969 0.004930558
27.259606784 0.999840007 -0.016685010 0.004150163 0.004934193
27.279778139 0.999840090 -0.016692975 0.004146834 0.004893206
27.300034425 0.999839978 -0.016697151 0.004150989 0.004898327
27.320218292 0.999839840 -0.016703640 0.004150327 0.004904913
27.340359402 0.999839807 -0.016707275 0.004149820 0.004899627
27.360505309 0.999840019 -0.016685952 0.004153397 0.004925989
27.380947167 0.999840115 -0.016680272 0.004165708 0.004915305
27.400822876 0.999839764 -0.016709565 0.004174285 0.004879706
27.421107554 0.999839570 -0.016716810 0.004166717 0.004901024
27.441177594 0.999839213 -0.016742487 0.004166374 0.004886654
27.461603108 0.999839954 -0.016703972 0.004138716 0.004890242
27.481755871 0.999839744 -0.016713616 0.004137135 0.004901622
27.501949822 0.999839551 -0.016721069 0.004152727 0.004902425
27.521954898 0.999839475 -0.016720551 0.004143618 0.004927245
27.542149872 0.999839667 -0.016709543 0.004145686 0.004923799
27.562306773 0.999839319 -0.016729479 0.004151033 0.004922359
27.582430953 0.999839114 -0.016740899 0.004149255 0.004926643
27.602633131 0.999839212 -0.016737304 0.004148095 0.004919909
27.622893885 0.999838753 -0.016765876 0.004153161 0.004911734
27.643086298 0.999839002 -0.016758211 0.004153643 0.004886750
27.663227014 0.999838938 -0.016758697 0.004129319 0.004918558
27.683337681 0.999838491 -0.016782834 0.004135878 0.004921750
27.703456057 0.999838608 -0.016780418 0.004136349 0.004905662
27.723648616 0.999838574 -0.016778562 0.004149675 0.004907771
27.743814465 0.999838865 -0.016772958 0.004139987 0.004875735
27.764019593 0.999839146 -0.016755169 0.004136029 0.004882561
27.784230688 0.999839333 -0.016744089 0.004120309 0.004895631
27.804402368 0.999839563 -0.016736128 0.004114196 0.004880949
27.824525940 0.999839196 -0.016749561 0.004125614 0.004900289
27.844868801 0.999839122 -0.016755329 0.004116610 0.004903422
27.864953017 0.999838560 -0.016791130 0.004124449 0.004888846
27.885137446 0.999838519 -0.016784509 0.004128499 0.004916445
27.905308210 0.999838635 -0.016779851 0.004122205 0.004913963
27.925467818 0.999838956 -0.016759099 0.004122030 0.004919648
27.945614838 0.999838943 -0.016753632 0.004126199 0.004937385
27.965834890 0.999838709 -0.016769977 0.004130367 0.004925825
27.985976651 0.999838693 -0.016775405 0.004145872 0.004897478
28.006139747 0.999838684 -0.016777002 0.004142035 0.004897171
28.026542106 0.999838615 -0.016776712 0.004143033 0.004911303
28.047160657 0.999838562 -0.016776600 0.004122821 0.004939531
28.066790012 0.999838272 -0.016791396 0.004129924 0.004941898
28.086882451 0.999838205 -0.016804264 0.004132833 0.004909277
28.106990204 0.999838248 -0.016800075 0.004140268 0.004908419
28.127425113 0.999838365 -0.016798299 0.004137204 0.004893366
28.147601695 0.999838339 -0.016797327 0.004122922 0.004913894
28.167684951 0.999838046 -0.016805989 0.004117269 0.004948580
28.187763188 0.999838036 -0.016808333 0.004127656 0.004934057
28.207916789 0.999837940 -0.016817093 0.004128577 0.004922780
28.228318722 0.999837954 -0.016817063 0.004147442 0.004904178
28.248691528 0.999837781 -0.016825894 0.004156446 0.004901537
28.268468174 0.999838035 -0.016805553 0.004168998 0.004908785
28.288684948 0.999837843 -0.016818902 0.004165565 0.004905196
28.308813970 0.999837993 -0.016819139 0.004147775 0.004888692
28.329231048 0.999837908 -0.016815358 0.004163827 0.004905469
28.349161298 0.999838101 -0.016810140 0.004153816 0.004892439
28.369370574 0.999838205 -0.016813849 0.004154455 0.004857944
28.389537582 0.999838191 -0.016807053 0.004158599 0.004880580
28.409793701 0.999838592 -0.016790563 0.004160404 0.004853667
28.430006448 0.999838882 -0.016773321 0.004157100 0.004856333
28.450269685 0.999839155 -0.016757685 0.004150269 0.004859877
28.470413123 0.999839456 -0.016745267 0.004132220 0.004856218
28.490438950 0.999839356 -0.016743926 0.004146686 0.004869031
28.510642406 0.999839215 -0.016756187 0.004139775 0.004861720
28.530895957 0.999839265 -0.016761900 0.004127929 0.004841744
28.550911743 0.999839162 -0.016767631 0.004139065 0.004833706
28.571103259 0.999839333 -0.016751243 0.004142749 0.004851897
28.591301542 0.999839191 -0.016753568 0.004152748 0.004864698
28.611744108 0.999839211 -0.016750583 0.004160727 0.004863923
28.632310113 0.999839463 -0.016735893 0.004141940 0.004878809
28.651822484 0.999839279 -0.016739619 0.004147326 0.004899010
28.672133130 0.999839224 -0.016746864 0.004150526 0.004882894
28.692377542 0.999839330 -0.016740622 0.004164191 0.004870858
28.712442702 0.999839368 -0.016736470 0.004168703 0.004873454
28.732591292 0.999839249 -0.016744510 0.004172742 0.004866711
28.752732301 0.999839021 -0.016750927 0.004179952 0.004885337
28.772874658 0.999838920 -0.016761683 0.004176050 0.004872399
28.793052291 0.999838927 -0.016768569 0.004167851 0.004854292
28.813452119 0.999838488 -0.016791535 0.004168165 0.004864950
28.833490201 0.999837943 -0.016820751 0.004153389 0.004888629
28.853897249 0.999837924 -0.016823916 0.004149448 0.004885027
28.873846561 0.999837827 -0.016827110 0.004164390 0.004881183
28.893931319 0.999837820 -0.016822414 0.004174779 0.004889901
28.914084748 0.999837869 -0.016825575 0.004159067 0.004882375
28.934453232 0.999837778 -0.016825220 0.004157046 0.004903894
28.954620202 0.999837551 -0.016834833 0.004173892 0.004902909
28.974697166 0.999837248 -0.016852221 0.004177673 0.004901847
28.994968756 0.999837133 -0.016855671 0.004175884 0.004914807
29.015130252 0.999836935 -0.016858909 0.004192292 0.004930017
29.035336890 0.999837004 -0.016862950 0.004201635 0.004894063
29.055531650 0.999836975 -0.016863912 0.004201162 0.004897237
29.075656545 0.999837086 -0.016852446 0.004198688 0.004915952
29.095813103 0.999837171 -0.016848345 0.004196468 0.004914706
29.115958926 0.999837663 -0.016822254 0.004192116 0.004907699
29.136110194 0.999837503 -0.016831077 0.004188469 0.004913171
29.156336268 0.999837720 -0.016822583 0.004165009 0.004918029
29.176395245 0.999837928 -0.016810051 0.004176814 0.004908665
29.196879387 0.999837758 -0.016822299 0.004166108 0.004910343
29.216898950 0.999837446 -0.016840000 0.004171111 0.004908930
29.237079432 0.999837515 -0.016833322 0.004181356 0.004909138
29.257091838 0.999837900 -0.016805179 0.004179311 0.004928834
29.277369179 0.999837687 -0.016814950 0.004193040 0.004926980
29.297486721 0.999837462 -0.016825262 0.004190254 0.004939837
29.317783412 0.999837273 -0.016836679 0.004174326 0.004952747
29.337950450 0.999837369 -0.016832658 0.004168829 0.004951565
29.358021219 0.999837532 -0.016821247 0.004166319 0.004959480
29.378206823 0.999837055 -0.016848940 0.004165821 0.004962052
29.398417522 0.999837010 -0.016848499 0.004160473 0.004977108
29.418694048 0.999837187 -0.016830996 0.004173537 0.004989837
29.438742952 0.999837065 -0.016840811 0.004174980 0.004979999
29.458897129 0.999837242 -0.016836512 0.004174482 0.004959259
29.479265834 0.999837485 -0.016827421 0.004175633 0.004940282
29.499307305 0.999837633 -0.016822352 0.004178267 0.004925256
29.519731404 0.999837960 -0.016802097 0.004172111 0.004933313
29.539726198 0.999838212 -0.016786195 0.004152571 0.004952684
29.559775847 0.999838306 -0.016780191 0.004157303 0.004950111
29.579935828 0.999838373 -0.016780939 0.004155656 0.004935363
29.600196615 0.999838409 -0.016784030 0.004145613 0.004926051
29.620367418 0.999838233 -0.016797507 0.004122970 0.004934938
29.640694886 0.999838098 -0.016800140 0.004120599 0.004955252
29.660858808 0.999837904 -0.016809339 0.004128977 0.004956202
29.680863559 0.999838260 -0.016795566 0.004133190 0.004927460
29.701236840 0.999838031 -0.016816855 0.004129824 0.004904070
29.721258638 0.999838142 -0.016816862 0.004122493 0.004887488
29.741390866 0.999838257 -0.016814836 0.004116794 0.004875818
29.761577222 0.999838019 -0.016824827 0.004128861 0.004879895
29.781909776 0.999837994 -0.016823546 0.004124425 0.004893112
29.801904720 0.999838314 -0.016805130 0.004106116 0.004906387
29.822152977 0.999838322 -0.016798979 0.004114160 0.004919074
29.842444889 0.999838460 -0.016787852 0.004126541 0.004918694
29.862639425 0.999837971 -0.016808927 0.004131324 0.004942059
29.882781700 0.999838174 -0.016797853 0.004121446 0.004946792
29.902828291 0.999838212 -0.016795534 0.004115149 0.004952377
29.923024843 0.999838216 -0.016790252 0.004127526 0.004959166
29.943121091 0.999838288 -0.016788039 0.004126862 0.004952538
29.963431621 0.999838046 -0.016798803 0.004116116 0.004973928
29.983536665 0.999838207 -0.016784987 0.004112933 0.004990811
30.003722394 0.999838456 -0.016771354 0.004114410 0.004985497
30.024350828 0.999838546 -0.016764133 0.004107177 0.004997702
30.044154110 0.999838792 -0.016745278 0.004119668 0.005001380
30.064223537 0.999838871 -0.016745105 0.004114229 0.004990660
30.084437963 0.999838968 -0.016734971 0.004124553 0.004996644
30.104607232 0.999839156 -0.016721485 0.004128520 0.005001026
30.124871001 0.999839438 -0.016710626 0.004122176 0.004986119
30.144910060 0.999839823 -0.016691011 0.004116670 0.004979198
30.165150075 0.999839792 -0.016690355 0.004098519 0.005002488
30.185303010 0.999839877 -0.016691435 0.004096119 0.004983838
30.205497737 0.999839597 -0.016705310 0.004094409 0.004994921
30.225708602 0.999839497 -0.016710439 0.004079881 0.005009560
30.245861213 0.999839439 -0.016713557 0.004090214 0.005002345
30.265979461 0.999839667 -0.016699515 0.004089307 0.005004373
30.286190694 0.999839546 -0.016708447 0.004079398 0.005006910
30.306382490 0.999839567 -0.016710393 0.004081624 0.004994301
30.326617504 0.999839611 -0.016708606 0.004069865 0.005001083
30.346938908 0.999839244 -0.016728558 0.004070921 0.005006975
30.367013375 0.999839210 -0.016738348 0.004070234 0.004981518
30.387060843 0.999839083 -0.016745305 0.004079552 0.004975987
30.407230144 0.999839051 -0.016747005 0.004062151 0.004990796
30.427446231 0.999838717 -0.016763095 0.004074751 0.004993450
30.447643745 0.999838851 -0.016750879 0.004081137 0.005002447
30.467752995 0.999838808 -0.016753518 0.004066215 0.005014389
30.487954175 0.999838880 -0.016750444 0.004075470 0.005002761
30.508300170 0.999839148 -0.016737061 0.004072053 0.004996745
30.528460059 0.999839276 -0.016725811 0.004071467 0.005009299
30.548502300 0.999839222 -0.016726251 0.004074687 0.005016001
30.568669403 0.999838983 -0.016739170 0.004087344 0.005010261
30.588856245 0.999838570 -0.016759841 0.004095770 0.005016618
30.609012424 0.999838445 -0.016770973 0.004102082 0.004999068
30.629298167 0.999838741 -0.016761150 0.004088113 0.004984326
30.649832744 0.999838628 -0.016773767 0.004072737 0.004977141
30.669582532 0.999838443 -0.016785029 0.004064379 0.004983118
30.689807659 0.999838297 -0.016790852 0.004070318 0.004987996
30.709898317 0.999838435 -0.016786055 0.004071064 0.004975904
30.730260584 0.999838463 -0.016776248 0.004084321 0.004992456
30.750390358 0.999838297 -0.016790017 0.004078661 0.004983973
30.770475119 0.999838204 -0.016795448 0.004078456 0.004984400
30.790659867 0.999838621 -0.016764871 0.004085746 0.004997799
30.811120324 0.999838485 -0.016776993 0.004079655 0.004989234
30.831367273 0.999838593 -0.016776935 0.004076349 0.004970509
30.851383658 0.999838693 -0.016775918 0.004058935 0.004968063
30.871345034 0.999838771 -0.016770579 0.004057177 0.004971867
30.891478961 0.999838549 -0.016780782 0.004055396 0.004983410
30.911697733 0.999838335 -0.016788808 0.004066606 0.004990166
30.931842094 0.999838438 -0.016782980 0.004062295 0.004992714
30.952042069 0.999838425 -0.016785425 0.004044031 0.005002001
30.972242130 0.999838513 -0.016784472 0.004052701 0.004980448
30.992417386 0.999838712 -0.016771457 0.004042032 0.004993054
31.012563835 0.999838537 -0.016781127 0.004044744 0.004993440
31.032799582 0.999838798 -0.016766109 0.004044582 0.004991785
31.052890141 0.999838913 -0.016767351 0.004035894 0.004971519
31.073100822 0.999838658 -0.016785650 0.004037268 0.004959845
31.093412146 0.999838684 -0.016786074 0.004057666 0.004936539
31.113958306 0.999838690 -0.016783445 0.004059080 0.004942969
31.133738747 0.999838580 -0.016782577 0.004068903 0.004960114
31.153821820 0.999838683 -0.016773799 0.004077350 0.004962053
31.173973271 0.999838834 -0.016772004 0.004082882 0.004933252
31.194271173 0.999838800 -0.016773409 0.004079385 0.004938132
31.214361678 0.999838657 -0.016782070 0.004087805 0.004930745
31.234524760 0.999838578 -0.016786657 0.004099698 0.004921309
31.254799767 0.999838501 -0.016793860 0.004104721 0.004908130
31.274837811 0.999838280 -0.016806085 0.004086838 0.004926120
31.295049662 0.999837996 -0.016827234 0.004079737 0.004917530
31.315312250 0.999838179 -0.016819441 0.004079575 0.004907155
31.335508948 0.999838180 -0.016817315 0.004087796 0.004907380
31.355621990 0.999838125 -0.016818281 0.004087402 0.004915444
31.375739102 0.999838219 -0.016809310 0.004085032 0.004929029
31.395972520 0.999838107 -0.016811029 0.004096477 0.004936381
31.416168123 0.999838193 -0.016804038 0.004096583 0.004942752
31.436319480 0.999838203 -0.016804107 0.004106591 0.004932049
31.456490461 0.999838340 -0.016790971 0.004115785 0.004941353
31.476697583 0.999839099 -0.016753366 0.004118648 0.004913038
31.496905504 0.999838805 -0.016771633 0.004106591 0.004920539
31.516975580 0.999838522 -0.016787581 0.004101232 0.004928167
31.537173189 0.999838328 -0.016795168 0.004096256 0.004945829
31.557446045 0.999838329 -0.016798271 0.004090461 0.004939883
31.577526996 0.999838468 -0.016782910 0.004106505 0.004950686
31.597815874 0.999838355 -0.016795516 0.004093253 0.004941597
31.618019056 0.999838248 -0.016799496 0.004095096 0.004948142
31.638216239 0.999838170 -0.016806754 0.004095694 0.004938847
31.658323406 0.999838325 -0.016800012 0.004100499 0.004926351
31.678451275 0.999838426 -0.016792301 0.004098879 0.004933580
31.698593567 0.999838276 -0.016788785 0.004114875 0.004962592
31.718818068 0.999837875 -0.016810769 0.004123038 0.004962152
31.738928556 0.999837702 -0.016817660 0.004127949 0.004969462
31.759179136 0.999837865 -0.016824063 0.004115810 0.004924935
31.779654505 0.999837460 -0.016844260 0.004103027 0.004948741
31.799912473 0.999837268 -0.016858349 0.004098408 0.004943346
31.819780390 0.999837128 -0.016859584 0.004113939 0.004954587
31.839816211 0.999837165 -0.016858894 0.004119260 0.004944911
31.860230064 0.999837413 -0.016844940 0.004116537 0.004944657
31.880416044 0.999837215 -0.016852083 0.004133398 0.004946344
31.900463496 0.999837323 -0.016848753 0.004141247 0.004929202
31.920791453 0.999837417 -0.016846390 0.004148019 0.004912580
31.940810435 0.999837363 -0.016850104 0.004138938 0.004918335
31.960905557 0.999837023 -0.016866694 0.004134843 0.004934175
31.981139498 0.999837355 -0.016853952 0.004130844 0.004913717
32.001293431 0.999837416 -0.016848022 0.004130091 0.004922145
32.021440224 0.999837350 -0.016853659 0.004114606 0.004929267
32.041646511 0.999837408 -0.016845397 0.004125962 0.004936261
32.061815088 0.999837097 -0.016861887 0.004127665 0.004941451
32.081950059 0.999837432 -0.016840243 0.004124751 0.004950042
32.102154543 0.999837789 -0.016828193 0.004106103 0.004934398
32.122357110 0.999837955 -0.016824421 0.004100313 0.004918341
32.142629110 0.999837432 -0.016849545 0.004108592 0.004931757
32.162677074 0.999837487 -0.016848320 0.004117861 0.004917082
32.182835080 0.999837260 -0.016859882 0.004112239 0.004928158
32.203085777 0.999837119 -0.016864819 0.004115279 0.004937435
32.223389200 0.999836962 -0.016866878 0.004128480 0.004951187
32.243415491 0.999836995 -0.016866597 0.004124789 0.004948579
32.263882706 0.999837189 -0.016854991 0.004122833 0.004950505
32.283820734 0.999836835 -0.016869790 0.004133881 0.004962387
32.304026690 0.999836768 -0.016882044 0.004124904 0.004941549
32.324110203 0.999837086 -0.016865998 0.004128445 0.004929086
32.344319264 0.999837107 -0.016858487 0.004130137 0.004948992
32.364447295 0.999837146 -0.016856597 0.004120207 0.004955844
32.384635484 0.999837026 -0.016853293 0.004141887 0.004973207
32.404782510 0.999836454 -0.016882743 0.004151546 0.004980226
32.425109376 0.999836306 -0.016886611 0.004159673 0.004990102
32.445459907 0.999836101 -0.016904370 0.004173450 0.004959350
32.465341145 0.999836382 -0.016886711 0.004171843 0.004964330
32.485518897 0.999836116 -0.016896468 0.004175752 0.004981365
32.505718190 0.999835977 -0.016900842 0.004186789 0.004985197
32.525865303 0.999836347 -0.016890039 0.004180463 0.004952823
32.546331870 0.999836738 -0.016875031 0.004172224 0.004931828
32.566236306 0.999836681 -0.016869230 0.004176360 0.004959761
32.586588225 0.999836697 -0.016879025 0.004170541 0.004927868
32.606680090 0.999836759 -0.016877135 0.004165910 0.004925708
32.627281198 0.999836740 -0.016880785 0.004161467 0.004920907
32.647091340 0.999836781 -0.016878634 0.004154058 0.004926103
32.667134404 0.999836663 -0.016883800 0.004158830 0.004928447
32.687295537 0.999836332 -0.016900420 0.004163940 0.004934329
32.707557538 0.999836566 -0.016894153 0.004147347 0.004922295
32.727945566 0.999836535 -0.016905533 0.004145995 0.004890530
32.748196068 0.999836362 -0.016913419 0.004141015 0.004902766
32.768461168 0.999836316 -0.016914010 0.004144463 0.004907208
32.788228689 0.999836288 -0.016919078 0.004143849 0.004896066
32.808391062 0.999836621 -0.016909603 0.004131730 0.004870922
32.828853121 0.999836696 -0.016896588 0.004137043 0.004896170
32.848846700 0.999836770 -0.016890410 0.004124292 0.004912918
32.869059608 0.999837036 -0.016869953 0.004128281 0.004925714
32.889082758 0.999837065 -0.016864312 0.004135503 0.004933096
32.909388317 0.999837321 -0.016848534 0.004127649 0.004941659
32.929656577 0.999836946 -0.016870606 0.004135352 0.004935821
32.949664640 0.999837218 -0.016851548 0.004123525 0.004955690
32.969926365 0.999837423 -0.016842740 0.004128525 0.004940048
32.990054315 0.999837521 -0.016834610 0.004133927 0.004943565
33.010130039 0.999837468 -0.016834036 0.004138173 0.004952590
33.030528589 0.999837067 -0.016844785 0.004160288 0.004978406
33.050532419 0.999836820 -0.016861970 0.004179099 0.004954072
33.070712392 0.999836656 -0.016868206 0.004169570 0.004973845
33.090941215 0.999836738 -0.016868265 0.004155980 0.004968677
33.111047393 0.999836820 -0.016866786 0.004144574 0.004966727
33.131458343 0.999836669 -0.016872226 0.004144243 0.004978752
33.151347549 0.999836803 -0.016858536 0.004149851 0.004993553
33.171701622 0.999837192 -0.016830980 0.004147998 0.005010182
33.191771347 0.999837391 -0.016825420 0.004144770 0.004991729
33.212063859 0.999837290 -0.016819656 0.004162559 0.005016496
33.232638192 0.999837741 -0.016801205 0.004152819 0.004996464
33.252380823 0.999837490 -0.016820309 0.004155725 0.004980004
33.272579474 0.999837460 -0.016821050 0.004138328 0.004997997
33.292617249 0.999837518 -0.016819211 0.004138697 0.004992374
33.312978062 0.999837950 -0.016806324 0.004132785 0.004953943
33.333277818 0.999837756 -0.016819794 0.004126484 0.004952631
33.353167016 0.999837501 -0.016833190 0.004119772 0.004964077
33.373438038 0.999837451 -0.016837840 0.004124858 0.004954295
33.393652134 0.999837398 -0.016837670 0.004129170 0.004961936
33.413673965 0.999837491 -0.016829997 0.004133570 0.004965461
33.433842879 0.999837337 -0.016838354 0.004139427 0.004963405
33.454025746 0.999837567 -0.016836809 0.004127229 0.004932296
33.474213199 0.999837689 -0.016817727 0.004122028 0.004976835
33.494390154 0.999837526 -0.016820333 0.004118091 0.005003920
33.514813952 0.999837641 -0.016816391 0.004107445 0.005002949
33.534905750 0.999837604 -0.016823718 0.004098290 0.004993252
33.554920551 0.999838096 -0.016794957 0.004095412 0.004993781
33.575087641 0.999838247 -0.016793327 0.004090558 0.004973010
33.595287433 0.999838287 -0.016784432 0.004087925 0.004997149
33.615580806 0.999838432 -0.016774205 0.004081654 0.005007683
33.635614857 0.999838416 -0.016773085 0.004084513 0.005012153
33.655800260 0.999838279 -0.016780990 0.004079856 0.005016955
33.675952425 0.999838393 -0.016768604 0.004085909 0.005030717
33.696203640 0.999838464 -0.016768931 0.004093515 0.005009173
33.716462853 0.999838227 -0.016780722 0.004114138 0.005000039
33.736560095 0.999838011 -0.016789838 0.004115487 0.005011647
33.756806880 0.999837714 -0.016814189 0.004121007 0.004984564
33.777026676 0.999837894 -0.016812647 0.004125650 0.004949728
33.797336842 0.999838263 -0.016791965 0.004122112 0.004948352
33.817228253 0.999838186 -0.016797213 0.004123337 0.004945080
33.837360544 0.999838478 -0.016780414 0.004118931 0.004946755
33.857635857 0.999838404 -0.016780087 0.004122307 0.004959934
33.877821297 0.999838372 -0.016778674 0.004129074 0.004965607
33.898067594 0.999838591 -0.016770941 0.004126326 0.004949862
33.918223230 0.999838957 -0.016748440 0.004126474 0.004951983
33.938431728 0.999839034 -0.016743329 0.004124338 0.004955499
33.958670281 0.999838809 -0.016755994 0.004123483 0.004958716
33.978841280 0.999838950 -0.016750636 0.004121316 0.004950153
33.998972662 0.999839271 -0.016728212 0.004096843 0.004981409
34.019139268 0.999839175 -0.016730639 0.004096091 0.004993275
34.039174155 0.999839278 -0.016728490 0.004089312 0.004985295
34.059378946 0.999839263 -0.016731815 0.004092663 0.004974336
34.079820078 0.999839516 -0.016717401 0.004094782 0.004970233
34.099722736 0.999839637 -0.016716040 0.004090684 0.004953823
34.119897398 0.999839356 -0.016725501 0.004099728 0.004971118
34.140214898 0.999839015 -0.016743895 0.004103357 0.004974826
34.160335072 0.999839335 -0.016726952 0.004104221 0.004966816
34.180473448 0.999839152 -0.016736485 0.004109972 0.004966763
34.200691547 0.999839323 -0.016734015 0.004087428 0.004959185
34.220731812 0.999839213 -0.016736680 0.004087307 0.004972489
34.240977495 0.999839190 -0.016734811 0.004095968 0.004976187
34.261195052 0.999839250 -0.016728341 0.004099235 0.004983215
34.281358257 0.999839200 -0.016727309 0.004102558 0.004994007
34.301537880 0.999838923 -0.016740722 0.004100198 0.005006463
34.321727596 0.999838921 -0.016740139 0.004097805 0.005010682
34.342002276 0.999838911 -0.016740227 0.004087608 0.005020843
34.362212229 0.999838884 -0.016737518 0.004081179 0.005040318
34.382600107 0.999839147 -0.016725715 0.004086666 0.005023001
34.402341434 0.999839163 -0.016723986 0.004097312 0.005016807
34.422589656 0.999838947 -0.016746066 0.004087742 0.004993896
34.442776273 0.999839244 -0.016729674 0.004079363 0.004996370
34.463166070 0.999839229 -0.016730336 0.004093250 0.004985653
34.483106800 0.999838983 -0.016746691 0.004093965 0.004979463
34.503262931 0.999839328 -0.016728183 0.004087817 0.004977464
34.523517571 0.999839221 -0.016733345 0.004088960 0.004980664
34.543652171 0.999838905 -0.016743121 0.004086358 0.005013298
34.563908750 0.999839352 -0.016713153 0.004102163 0.005011260
34.584062090 0.999839489 -0.016701097 0.004105809 0.005021232
34.604277860 0.999839550 -0.016703704 0.004100754 0.005004360
34.624345293 0.999839756 -0.016691510 0.004099577 0.005004935
34.644521414 0.999839464 -0.016692963 0.004119355 0.005042109
34.664739716 0.999839303 -0.016701810 0.004122466 0.005042208
34.684855303 0.999839412 -0.016701124 0.004126510 0.005019328
34.705027590 0.999839449 -0.016699361 0.004130827 0.005014360
34.725596334 0.999839660 -0.016689058 0.004137922 0.005000747
34.745580702 0.999839593 -0.016690223 0.004148277 0.005001649
34.765895392 0.999839654 -0.016692179 0.004132354 0.004996193
34.785866303 0.999839461 -0.016702562 0.004117974 0.005011895
34.805975562 0.999839029 -0.016729825 0.004121809 0.005003885
34.826123133 0.999839079 -0.016725358 0.004130950 0.005001423
34.846541158 0.999839100 -0.016726276 0.004104133 0.005016197
34.866474267 0.999839128 -0.016728546 0.004100947 0.005005509
34.886645220 0.999839435 -0.016713574 0.004105850 0.004990337
34.906790915 0.999839100 -0.016722934 0.004109259 0.005023164
34.927267288 0.999838978 -0.016720368 0.004119180 0.005047701
34.947859485 0.999838848 -0.016731094 0.004126189 0.005032186
34.967464408 0.999838864 -0.016725260 0.004125576 0.005048828
34.987646695 0.999839013 -0.016729041 0.004127541 0.005005133
35.007708080 0.999838859 -0.016735004 0.004132199 0.005011978
35.028107400 0.999838660 -0.016749594 0.004120340 0.005012838
35.048068114 0.999838706 -0.016734063 0.004119122 0.005056339
35.068227779 0.999838865 -0.016722564 0.004118520 0.005063348
35.088402382 0.999838795 -0.016728330 0.004117838 0.005058762
35.108712891 0.999839057 -0.016723802 0.004108992 0.005028899
35.128824222 0.999839297 -0.016712243 0.004101798 0.005025536
35.148981093 0.999839374 -0.016706114 0.004106369 0.005026976
35.169241183 0.999839061 -0.016717767 0.004118894 0.005040084
35.189310086 0.999839159 -0.016712813 0.004115594 0.005039881
35.209516278 0.999839005 -0.016724575 0.004121740 0.005026330
35.229821742 0.999839264 -0.016707237 0.004130366 0.005025424
35.249860249 0.999839276 -0.016707684 0.004113883 0.005035056
35.270001517 0.999839220 -0.016716939 0.004102286 0.005024924
35.290220466 0.999839397 -0.016702417 0.004103301 0.005037111
35.310667926 0.999839586 -0.016690327 0.004099898 0.005042376
35.330854126 0.999839666 -0.016690427 0.004098675 0.005027194
35.350840832 0.999839952 -0.016673004 0.004098939 0.005027910
35.370878097 0.999839974 -0.016664582 0.004103988 0.005047414
35.391043889 0.999839928 -0.016664770 0.004118292 0.005044128
35.411351217 0.999839903 -0.016664689 0.004121382 0.005046781
35.431555712 0.999839921 -0.016656443 0.004126641 0.005066139
35.451618660 0.999840014 -0.016659363 0.004134718 0.005031460
35.471839682 0.999839802 -0.016673147 0.004133393 0.005029122
35.491995837 0.999839655 -0.016680025 0.004128637 0.005039383
35.512282458 0.999839979 -0.016667784 0.004112609 0.005028617
35.532652662 0.999840314 -0.016647930 0.004115058 0.005025842
35.552690595 0.999840395 -0.016645475 0.004101933 0.005028524
35.572778798 0.999840424 -0.016647201 0.004092389 0.005024813
35.592813660 0.999839859 -0.016679950 0.004095360 0.005026285
35.613253086 0.999839793 -0.016692327 0.004093874 0.004999389
35.633217433 0.999839478 -0.016707131 0.004100127 0.005007813
35.653364533 0.999839222 -0.016730070 0.004080106 0.004998841
35.673564397 0.999839131 -0.016729224 0.004088522 0.005012847
35.693729035 0.999839455 -0.016716484 0.004087835 0.004991308
35.714258829 0.999839652 -0.016704095 0.004089615 0.004991866
35.734258259 0.999839269 -0.016719753 0.004098129 0.005009061
35.754417772 0.999839291 -0.016726423 0.004087032 0.004991590
35.774420019 0.999839264 -0.016722702 0.004101872 0.004997244
35.794604550 0.999839091 -0.016736123 0.004088493 0.004997916
35.814763191 0.999839363 -0.016719478 0.004097021 0.004992184
35.834929364 0.999838959 -0.016743372 0.004104243 0.004987028
35.855133660 0.999838689 -0.016759054 0.004099307 0.004992566
35.875344023 0.999838723 -0.016755852 0.004109590 0.004987971
35.895609549 0.999838902 -0.016748128 0.004114439 0.004974086
35.915808196 0.999838858 -0.016742760 0.004119711 0.004996590
35.935812582 0.999839050 -0.016731574 0.004135789 0.004982283
35.956020189 0.999839347 -0.016713662 0.004139507 0.004979755
35.976193152 0.999839529 -0.016701830 0.004130308 0.004990508
35.996383129 0.999839525 -0.016701406 0.004127473 0.004995111
36.016601735 0.999839491 -0.016705587 0.004133908 0.004982604
36.036740110 0.999839306 -0.016711079 0.004137280 0.004998513
36.056900864 0.999839459 -0.016696398 0.004152360 0.005004375
36.077140137 0.999839439 -0.016700642 0.004157106 0.004990389
36.097545448 0.999839670 -0.016685024 0.004153616 0.004999118
36.117498927 0.999839338 -0.016709661 0.004143622 0.004991590
36.137615574 0.999839612 -0.016690390 0.004122309 0.005018648
36.157912363 0.999839618 -0.016696548 0.004102818 0.005013109
36.177953443 0.999839705 -0.016691540 0.004109594 0.005006751
36.198129722 0.999839579 -0.016706244 0.004133093 0.004963383
36.218315231 0.999839501 -0.016709352 0.004122829 0.004977111
36.238482767 0.999839374 -0.016719547 0.004130408 0.004962124
36.258773931 0.999839063 -0.016735411 0.004132824 0.004969279
36.278863782 0.999838911 -0.016750035 0.004143372 0.004941683
36.299064238 0.999838968 -0.016749815 0.004129960 0.004942161
36.319216633 0.999838408 -0.016777784 0.004129429 0.004960948
36.339404926 0.999838570 -0.016768134 0.004153378 0.004940864
36.359573139 0.999838613 -0.016765738 0.004163176 0.004932107
36.380119856 0.999838592 -0.016757062 0.004160705 0.004967804
36.399924131 0.999838723 -0.016753031 0.004158036 0.004957294
36.420103775 0.999838551 -0.016762925 0.004158984 0.004957818
36.440330310 0.999838402 -0.016770120 0.004158995 0.004963425
36.460470314 0.999838504 -0.016773849 0.004155043 0.004933592
36.480974003 0.999838917 -0.016750118 0.004151560 0.004933410
36.501200241 0.999838504 -0.016770622 0.004154215 0.004945232
36.521013101 0.999838403 -0.016777593 0.004161820 0.004935617
36.541137087 0.999838692 -0.016763357 0.004159781 0.004927071
36.561327800 0.999838696 -0.016761165 0.004163998 0.004930138
36.581547690 0.999838618 -0.016767219 0.004170936 0.004919479
36.601732180 0.999838922 -0.016746281 0.004179693 0.004921690
36.621873147 0.999838855 -0.016757541 0.004165974 0.004908429
36.642076026 0.999839019 -0.016746451 0.004163517 0.004914973
36.662311910 0.999839142 -0.016745526 0.004168769 0.004888738
36.682655884 0.999838991 -0.016754260 0.004176681 0.004882780
36.702698015 0.999839198 -0.016736490 0.004169842 0.004907141
36.722801446 0.999838845 -0.016761648 0.004171292 0.004891969
36.742920821 0.999838942 -0.016755256 0.004171674 0.004893765
36.763378670 0.999838967 -0.016754208 0.004155660 0.004905719
36.783378912 0.999838914 -0.016768297 0.004150567 0.004872658
36.803551123 0.999839304 -0.016747213 0.004143529 0.004871113
36.823730686 0.999839350 -0.016744942 0.004137804 0.004874369
36.843807883 0.999839362 -0.016756547 0.004127771 0.004840512
36.864050339 0.999839191 -0.016765653 0.004122665 0.004848607
36.884335782 0.999838790 -0.016797083 0.004128926 0.004816965
36.904443397 0.999838929 -0.016788340 0.004140281 0.004808840
36.924685167 0.999838882 -0.016785377 0.004133665 0.004834712
36.944699503 0.999839156 -0.016768939 0.004133852 0.004834835
36.964869081 0.999839261 -0.016773032 0.004122060 0.004808996
36.985044929 0.999839173 -0.016773366 0.004118972 0.004828739
37.005265441 0.999838821 -0.016787946 0.004117084 0.004852434
37.025543159 0.999838869 -0.016788672 0.004119589 0.004837865
37.045640657 0.999838645 -0.016798503 0.004126524 0.004844164
37.065780452 0.999838372 -0.016814034 0.004123627 0.004849164
37.086105161 0.999837982 -0.016836593 0.004124600 0.004850442
37.106280439 0.999837777 -0.016861488 0.004113075 0.004815939
37.126467776 0.999838287 -0.016830803 0.004099718 0.004828719
37.146687000 0.999838517 -0.016820725 0.004094955 0.004820283
37.166661971 0.999838533 -0.016817670 0.004106978 0.004817286
37.186863667 0.999838132 -0.016839842 0.004097761 0.004830860
37.207034153 0.999838173 -0.016833083 0.004100910 0.004843405
37.227237635 0.999838058 -0.016844284 0.004110764 0.004819800
37.247405739 0.999838356 -0.016821225 0.004106143 0.004842390
37.267709282 0.999837988 -0.016839705 0.004110229 0.004850670
37.287803226 0.999837749 -0.016855669 0.004113273 0.004841896
37.308106093 0.999837662 -0.016855678 0.004111429 0.004861346
37.328121854 0.999837759 -0.016857483 0.004097699 0.004846631
37.348259976 0.999837949 -0.016843985 0.004108801 0.004844930
37.368484833 0.999837394 -0.016865905 0.004108280 0.004883616
37.388690232 0.999837262 -0.016869874 0.004107917 0.004897209
37.408811101 0.999837203 -0.016880485 0.004111928 0.004869104
37.428962069 0.999837419 -0.016868690 0.004117635 0.004860930
37.449190249 0.999837265 -0.016873182 0.004109903 0.004883407
37.469555262 0.999837023 -0.016884181 0.004128616 0.004879112
37.489583410 0.999837252 -0.016877445 0.004136376 0.004848882
37.509741197 0.999837277 -0.016876028 0.004130451 0.004853698
37.529966197 0.999836783 -0.016900449 0.004139924 0.004862462
37.550026024 0.999836754 -0.016902951 0.004132373 0.004866141
37.570244853 0.999836836 -0.016902583 0.004120987 0.004860274
37.590418592 0.999836795 -0.016908183 0.004121545 0.004848710
37.610578834 0.999836989 -0.016896955 0.004124201 0.004845529
37.630970343 0.999836787 -0.016905409 0.004135001 0.004848581
37.650993705 0.999836794 -0.016900964 0.004139704 0.004858555
37.671136787 0.999836562 -0.016921406 0.004128103 0.004845084
37.691441853 0.999836366 -0.016922932 0.004133384 0.004875538
37.712111771 0.999836593 -0.016911217 0.004142554 0.004861815
37.731737887 0.999836610 -0.016910431 0.004139941 0.004863285
37.751816205 0.999836736 -0.016902155 0.004136865 0.004868689
37.771995971 0.999836634 -0.016912899 0.004115913 0.004870064
37.792129777 0.999836867 -0.016897060 0.004105187 0.004886377
37.812337633 0.999836959 -0.016897980 0.004110844 0.004859533
37.832564945 0.999836674 -0.016920848 0.004089410 0.004856544
37.852761769 0.999837002 -0.016903831 0.004086788 0.004850651
37.873075050 0.999837175 -0.016894817 0.004102156 0.004833363
37.893162853 0.999837386 -0.016875327 0.004112320 0.004849097
37.913339554 0.999837386 -0.016876986 0.004112636 0.004842958
37.933393737 0.999837614 -0.016868901 0.004102111 0.004832970
37.953598952 0.999837398 -0.016884961 0.004086999 0.004834405
37.973770920 0.999837587 -0.016881744 0.004076269 0.004815734
37.993951993 0.999837501 -0.016891879 0.004068661 0.004804440
38.014263950 0.999837304 -0.016903050 0.004066884 0.004807635
38.034402271 0.999837355 -0.016904972 0.004066885 0.004790293
38.054515718 0.999837106 -0.016918220 0.004069409 0.004793224
38.074628281 0.999837305 -0.016906172 0.004069723 0.004794069
38.094934628 0.999837155 -0.016916020 0.004058560 0.004800031
38.115063436 0.999837293 -0.016908814 0.004053820 0.004800691
38.135171174 0.999837331 -0.016907622 0.004044923 0.004804389
38.155347252 0.999837585 -0.016894399 0.004034070 0.004807295
38.175530459 0.999837789 -0.016891677 0.004026112 0.004780916
38.195947526 0.999837745 -0.016890749 0.004033908 0.004786845
38.215938938 0.999837732 -0.016901512 0.004024423 0.004759514
38.236178130 0.999838027 -0.016876067 0.004023093 0.004788727
38.256341315 0.999838196 -0.016872699 0.004017901 0.004769800
38.276668085 0.999838435 -0.016860284 0.004021740 0.004760280
38.296915463 0.999838473 -0.016864242 0.004003489 0.004753674
38.316964500 0.999838222 -0.016884302 0.004000575 0.004737726
38.336951957 0.999838271 -0.016877333 0.004012041 0.004742465
38.357194189 0.999837996 -0.016889292 0.004019536 0.004751437
38.377318289 0.999838167 -0.016875311 0.004019357 0.004765325
38.397532896 0.999838545 -0.016857267 0.004015013 0.004753533
38.417796401 0.999838736 -0.016847015 0.004031253 0.004735853
38.437926766 0.999839115 -0.016823636 0.004032387 0.004738132
38.458154381 0.999838984 -0.016832868 0.004036513 0.004729321
38.478241364 0.999839094 -0.016832830 0.004031021 0.004710860
38.498765556 0.999839154 -0.016825683 0.004041698 0.004714560
38.518643562 0.999839154 -0.016827902 0.004046954 0.004702154
38.538690449 0.999838564 -0.016853192 0.004055727 0.004729295
38.558922381 0.999838567 -0.016856478 0.004052738 0.004719553
38.579107722 0.999838844 -0.016839716 0.004056563 0.004717477
38.599297142 0.999839264 -0.016822840 0.004044201 0.004699174
38.619462253 0.999839311 -0.016815573 0.004037147 0.004721347
38.639745022 0.999839278 -0.016818581 0.004049346 0.004706999
38.659921070 0.999839496 -0.016817788 0.004046416 0.004665817
38.680046227 0.999839473 -0.016808009 0.004055104 0.004698433
38.700371015 0.999839430 -0.016814427 0.004048390 0.004690352
38.720300421 0.999839516 -0.016809730 0.004050805 0.004686807
38.740566133 0.999839721 -0.016791027 0.004046268 0.004713959
38.760676206 0.999839724 -0.016794572 0.004051161 0.004696562
38.780821734 0.999839882 -0.016790481 0.004052127 0.004676587
38.801011782 0.999839834 -0.016790386 0.004049409 0.004689495
38.821367983 0.999840060 -0.016775100 0.004049059 0.004696359
38.841503332 0.999840212 -0.016773491 0.004046322 0.004671913
38.861601489 0.999840200 -0.016768378 0.004064771 0.004677027
38.881837832 0.999840354 -0.016757498 0.004056504 0.004690139
38.902030350 0.999840434 -0.016753745 0.004056361 0.004686695
38.922193628 0.999840659 -0.016746740 0.004056604 0.004663484
38.942308452 0.999840958 -0.016727329 0.004052938 0.004672072
38.962508501 0.999840897 -0.016730211 0.004047862 0.004679362
38.982692761 0.999840510 -0.016743356 0.004071388 0.004694547
39.002826807 0.999840273 -0.016759863 0.004076107 0.004681882
39.023072166 0.999840048 -0.016766111 0.004085207 0.004699706
39.043431925 0.999840047 -0.016760821 0.004102398 0.004703748
39.063515116 0.999839916 -0.016770311 0.004119699 0.004682565
39.083689591 0.999840323 -0.016742546 0.004121892 0.004693054
39.103838132 0.999840381 -0.016736773 0.004121676 0.004701501
39.123988553 0.999840007 -0.016755210 0.004114225 0.004721954
39.144150547 0.999839983 -0.016758965 0.004110251 0.004717129
39.164229819 0.999839883 -0.016763531 0.004112604 0.004719994
39.184521504 0.999839892 -0.016769014 0.004129190 0.004684003
39.204651770 0.999839857 -0.016766678 0.004121487 0.004706674
39.224839360 0.999839809 -0.016768183 0.004131688 0.004702493
39.245022453 0.999839718 -0.016776951 0.004147470 0.004676548
39.265128823 0.999839461 -0.016786747 0.004148611 0.004695372
39.285428170 0.999839267 -0.016802032 0.004152562 0.004678405
39.305423513 0.999839296 -0.016799734 0.004152953 0.004680154
39.325716463 0.999839198 -0.016805258 0.004160149 0.004674925
39.345873682 0.999839660 -0.016777747 0.004168355 0.004667557
39.366121038 0.999839517 -0.016782472 0.004171852 0.004678147
39.386297924 0.999839610 -0.016776419 0.004175582 0.004676677
39.406495725 0.999839589 -0.016781656 0.004169903 0.004667335
39.426996421 0.999839541 -0.016783636 0.004166359 0.004673657
39.446834171 0.999839525 -0.016782960 0.004162277 0.004683163
39.466891228 0.999839542 -0.016785020 0.004174550 0.004661143
39.487091736 0.999839832 -0.016771990 0.004164846 0.004654616
39.507298379 0.999839793 -0.016769238 0.004177364 0.004661718
39.527779228 0.999839970 -0.016768097 0.004173924 0.004630833
39.547630363 0.999839851 -0.016771062 0.004192373 0.004629015
39.567813825 0.999840166 -0.016749024 0.004178701 0.004653135
39.587979383 0.999839942 -0.016755123 0.004194058 0.004665396
39.608273769 0.999839898 -0.016755867 0.004188638 0.004677112
39.628397456 0.999839985 -0.016752018 0.004176760 0.004682878
39.648519869 0.999839671 -0.016769317 0.004189947 0.004676100
39.668749425 0.999839631 -0.016770478 0.004181002 0.004688543
39.688936590 0.999839746 -0.016759536 0.004188953 0.004696150
39.709065295 0.999839833 -0.016752144 0.004190839 0.004702313
39.729263306 0.999840014 -0.016738721 0.004187299 0.004714696
39.749377810 0.999840298 -0.016729001 0.004174195 0.004700581
39.769540701 0.999840453 -0.016724788 0.004183319 0.004674361
39.789763193 0.999840910 -0.016697023 0.004178974 0.004679795
39.810063069 0.999840467 -0.016724125 0.004167885 0.004687571
39.830153456 0.999840428 -0.016720189 0.004177393 0.004701388
39.850386867 0.999840084 -0.016738925 0.004180822 0.004704935
39.870622852 0.999840355 -0.016733461 0.004157650 0.004687208
39.890695956 0.999840386 -0.016729295 0.004164314 0.004689455
39.910767806 0.999840408 -0.016725068 0.004160009 0.004703822
39.931392773 0.999840488 -0.016721119 0.004142948 0.004715851
39.951139306 0.999840890 -0.016707876 0.004121040 0.004696737
39.971325994 0.999840970 -0.016700958 0.004131462 0.004695111
39.991611345 0.999841014 -0.016703855 0.004133965 0.004673207
40.011904020 0.999840868 -0.016714410 0.004138358 0.004662819
40.032456181 0.999840773 -0.016718406 0.004139441 0.004667831
40.052039440 0.999840742 -0.016722360 0.004142333 0.004657784
40.072188468 0.999840764 -0.016719392 0.004135032 0.004670152
40.092393260 0.999840705 -0.016719361 0.004135303 0.004682548
40.112764109 0.999841009 -0.016700798 0.004135538 0.004683740
40.132818323 0.999840980 -0.016707105 0.004127733 0.004674227
40.153094869 0.999841215 -0.016686942 0.004121365 0.004701672
40.173157068 0.999840872 -0.016710269 0.004115589 0.004696679
40.193395653 0.999840581 -0.016726963 0.004123608 0.004692291
40.213767236 0.999840507 -0.016725618 0.004146154 0.004692858
40.233701143 0.999840622 -0.016717877 0.004139739 0.004701611
40.253821231 0.999840991 -0.016701708 0.004132085 0.004687295
40.273999800 0.999840740 -0.016710562 0.004132325 0.004709113
40.294170824 0.999840843 -0.016696938 0.004135780 0.004732468
40.314613048 0.999840914 -0.016696808 0.004126653 0.004725876
40.334671497 0.999840814 -0.016711376 0.004117516 0.004703568
40.354857271 0.999840613 -0.016713320 0.004117872 0.004738945
40.374898696 0.999840746 -0.016697050 0.004147066 0.004742744
40.395010749 0.999840771 -0.016695495 0.004142042 0.004747363
40.415217351 0.999841113 -0.016679750 0.004124781 0.004745613
40.435431360 0.999841261 -0.016672584 0.004109631 0.004752828
40.455603887 0.999841058 -0.016684343 0.004130214 0.004736346
40.475788263 0.999840842 -0.016694003 0.004129468 0.004748612
40.495981628 0.999841032 -0.016675754 0.004134571 0.004768129
40.516428785 0.999841287 -0.016664964 0.004135665 0.004751439
40.536372892 0.999841077 -0.016666704 0.004148312 0.004778349
40.556545228 0.999841133 -0.016665656 0.004151572 0.004767491
40.576670228 0.999841043 -0.016671132 0.004151954 0.004766928
40.596931632 0.999841236 -0.016658928 0.004151633 0.004769364
40.616985885 0.999841007 -0.016661631 0.004150086 0.004809041
40.637158380 0.999841031 -0.016662916 0.004161264 0.004789979
40.657393276 0.999841065 -0.016661782 0.004168076 0.004780832
40.677570457 0.999841098 -0.016662877 0.004160931 0.004776425
40.697817856 0.999840617 -0.016689452 0.004168297 0.004777786
40.718211934 0.999840212 -0.016698419 0.004183197 0.004818173
40.738235922 0.999839671 -0.016728835 0.004184057 0.004824173
40.778445335 0.999839926 -0.016716485 0.004190278 0.004808586
40.798681455 0.999839809 -0.016715271 0.004195062 0.004832977
40.819008802 0.999840194 -0.016704418 0.004177525 0.004805937
40.838962713 0.999839910 -0.016716870 0.004176318 0.004822740
40.859208929 0.999839751 -0.016728596 0.004173819 0.004817141
40.879416820 0.999839626 -0.016739103 0.004179230 0.004802021
40.899557989 0.999839937 -0.016720282 0.004157376 0.004821622
40.919769599 0.999839843 -0.016728226 0.004151937 0.004818278
40.939819228 0.999839684 -0.016732831 0.004165872 0.004823372
40.960040504 0.999839378 -0.016750012 0.004150708 0.004840151
40.980407765 0.999839302 -0.016760106 0.004144045 0.004826647
41.000347681 0.999839168 -0.016769678 0.004150945 0.004815140
41.020584036 0.999838888 -0.016786733 0.004152627 0.004812498
41.040820347 0.999838599 -0.016801135 0.004164324 0.004812159
41.060978063 0.999838403 -0.016809396 0.004161923 0.004826061
41.081479668 0.999837790 -0.016844941 0.004172706 0.004819706
41.101285983 0.999837700 -0.016850905 0.004173443 0.004816903
41.121482381 0.999837740 -0.016847586 0.004174133 0.004819597
41.141657089 0.999837593 -0.016857837 0.004175378 0.004813189
41.161872018 0.999837786 -0.016849299 0.004158802 0.004817294
41.181940009 0.999837755 -0.016852097 0.004168090 0.004805912
41.202227059 0.999837545 -0.016852387 0.004175502 0.004842121
41.222387087 0.999837535 -0.016846721 0.004191836 0.004849801
41.242650235 0.999837623 -0.016845667 0.004194903 0.004832540
41.262876639 0.999837560 -0.016845733 0.004196742 0.004843727
41.283124248 0.999837961 -0.016824661 0.004189058 0.004840808
41.302982810 0.999837722 -0.016842741 0.004183440 0.004832343
41.323230718 0.999837938 -0.016835717 0.004163348 0.004829459
41.343390451 0.999837814 -0.016850037 0.004164069 0.004804372
41.363600719 0.999837900 -0.016843781 0.004177870 0.004796496
41.383761310 0.999837551 -0.016860205 0.004185826 0.004804480
41.403921757 0.999837440 -0.016864566 0.004193473 0.004805711
41.424281809 0.999837364 -0.016870438 0.004191191 0.004802846
41.444670253 0.999836965 -0.016896086 0.004186925 0.004799427
41.464515349 0.999836848 -0.016901586 0.004192043 0.004799986
41.484764020 0.999836661 -0.016909288 0.004187764 0.004815589
41.504772978 0.999836532 -0.016925424 0.004176661 0.004795309
41.525174484 0.999836516 -0.016924645 0.004178611 0.004799742
41.545242907 0.999836478 -0.016928870 0.004180205 0.004791294
41.565495594 0.999836674 -0.016913762 0.004182826 0.004801479
41.585679030 0.999836289 -0.016929424 0.004195706 0.004815265
41.605671404 0.999836144 -0.016938643 0.004208363 0.004801877
41.625823145 0.999836098 -0.016944251 0.004203531 0.004795717
41.646238059 0.999836321 -0.016926951 0.004199448 0.004813936
41.666287141 0.999836202 -0.016941831 0.004198429 0.004787055
41.686443054 0.999835830 -0.016957750 0.004194321 0.004811927
41.706661929 0.999835578 -0.016975632 0.004197301 0.004798732
41.727361036 0.999835485 -0.016989131 0.004190452 0.004776164
41.747172502 0.999835729 -0.016978525 0.004190785 0.004762627
41.767417876 0.999835620 -0.016989843 0.004181737 0.004753029
41.787409059 0.999835831 -0.016978728 0.004188037 0.004742826
41.807490669 0.999835891 -0.016978801 0.004186420 0.004731289
41.827751075 0.999835658 -0.016982026 0.004201308 0.004755651
41.847813301 0.999835242 -0.017000838 0.004202520 0.004774847
41.867986103 0.999835083 -0.017008035 0.004212990 0.004773259
41.888187373 0.999834904 -0.017016328 0.004219473 0.004775496
41.908366234 0.999835161 -0.017001162 0.004213571 0.004780851
41.928572061 0.999834970 -0.017003925 0.004198705 0.004824006
41.948821290 0.999834857 -0.017016929 0.004176296 0.004821015
41.969001366 0.999834498 -0.017032288 0.004171406 0.004845377
41.989027719 0.999834741 -0.017023882 0.004163368 0.004831664
42.009339507 0.999834814 -0.017016281 0.004161091 0.004845228
42.029479097 0.999834659 -0.017025195 0.004160964 0.004845934
42.049602083 0.999834633 -0.017025413 0.004157319 0.004853640
42.069835212 0.999834415 -0.017036330 0.004163007 0.004855505
42.089906638 0.999834576 -0.017020868 0.004174266 0.004866814
42.110365398 0.999834508 -0.017026353 0.004180535 0.004856189
42.130401238 0.999834183 -0.017035797 0.004200437 0.004872780
42.150599779 0.999834285 -0.017026350 0.004196336 0.004888364
42.170812592 0.999834235 -0.017032250 0.004197025 0.004877471
42.190927299 0.999834014 -0.017044456 0.004203906 0.004874321
42.210997736 0.999833913 -0.017054084 0.004208413 0.004857334
42.231551866 0.999833906 -0.017058485 0.004213302 0.004839170
42.251401461 0.999833950 -0.017056206 0.004224189 0.004828565
42.271551125 0.999833992 -0.017048417 0.004222423 0.004848730
42.291773697 0.999833983 -0.017052481 0.004212611 0.004845004
42.311853338 0.999833853 -0.017059559 0.004214939 0.004844764
42.332079346 0.999834033 -0.017054293 0.004221070 0.004820827
42.352356612 0.999833938 -0.017058357 0.004229095 0.004819051
42.372566082 0.999833665 -0.017077780 0.004223961 0.004811336
42.392680686 0.999834437 -0.017035578 0.004214517 0.004808844
42.412829395 0.999834374 -0.017042292 0.004206994 0.004804738
42.433012999 0.999834509 -0.017034566 0.004204714 0.004806197
42.453264975 0.999834535 -0.017035759 0.004205294 0.004796027
42.473423713 0.999834029 -0.017069503 0.004209964 0.004777311
42.493610282 0.999833753 -0.017083951 0.004205941 0.004786927
42.513818065 0.999833435 -0.017100906 0.004208010 0.004791077
42.533898456 0.999833475 -0.017095064 0.004206141 0.004805132
42.553989277 0.999833450 -0.017094070 0.004212658 0.004808264
42.574227670 0.999833443 -0.017095751 0.004216628 0.004800150
42.594423949 0.999833675 -0.017088574 0.004210139 0.004783105
42.614797620 0.999833752 -0.017082498 0.004206344 0.004792097
42.634759347 0.999833833 -0.017074128 0.004213264 0.004798873
42.655032391 0.999833929 -0.017076692 0.004207157 0.004775011
42.675229394 0.999834191 -0.017064564 0.004204500 0.004765881
42.695334798 0.999834431 -0.017048753 0.004200718 0.004775474
42.715438210 0.999834590 -0.017038036 0.004203268 0.004778222
42.735678666 0.999834358 -0.017050380 0.004202736 0.004783186
42.755879177 0.999834324 -0.017048579 0.004202476 0.004796745
42.775983677 0.999834511 -0.017036172 0.004190867 0.004811983
42.796386588 0.999834585 -0.017031391 0.004180360 0.004822843
42.816656643 0.999835043 -0.017017737 0.004175240 0.004780223
42.836597603 0.999835379 -0.016989752 0.004179634 0.004805574
42.856683444 0.999835505 -0.016986819 0.004173881 0.004794757
42.876868642 0.999835370 -0.016992506 0.004180125 0.004797384
42.897108033 0.999835388 -0.016989834 0.004185026 0.004798741
42.917284981 0.999835608 -0.016981755 0.004178295 0.004787355
42.937450367 0.999835796 -0.016968824 0.004200599 0.004774392
42.957599111 0.999835878 -0.016966030 0.004200724 0.004767010
42.977787764 0.999835849 -0.016965205 0.004193835 0.004782019
42.998126025 0.999835887 -0.016970476 0.004192555 0.004756425
43.018189832 0.999835808 -0.016973673 0.004187659 0.004765961
43.038409478 0.999835815 -0.016977965 0.004188278 0.004748663
43.058413699 0.999835603 -0.016988587 0.004198524 0.004746275
43.078663685 0.999835476 -0.016998100 0.004205065 0.004733122
43.098909267 0.999835968 -0.016981866 0.004195308 0.004696001
43.119047374 0.999836033 -0.016976711 0.004184508 0.004710539
43.139296598 0.999835706 -0.016994550 0.004189063 0.004711552
43.159412706 0.999835951 -0.016984377 0.004185114 0.004699633
43.179902271 0.999836096 -0.016977704 0.004191136 0.004687648
43.199756030 0.999836451 -0.016964657 0.004175794 0.004672687
43.219838800 0.999836383 -0.016968188 0.004159466 0.004688905
43.240181920 0.999836611 -0.016960115 0.004152207 0.004676023
43.260366148 0.999837116 -0.016939819 0.004150319 0.004643094
43.280613959 0.999837078 -0.016940239 0.004159730 0.004641285
43.300686022 0.999837248 -0.016921661 0.004165953 0.004666972
43.320906752 0.999837336 -0.016913068 0.004161841 0.004682898
43.340936882 0.999837148 -0.016917308 0.004152998 0.004715380
43.361142517 0.999837232 -0.016909420 0.004148062 0.004730207
43.381648647 0.999836797 -0.016937161 0.004137299 0.004732336
43.421836591 0.999837071 -0.016920485 0.004134129 0.004736815
43.441985435 0.999837115 -0.016918995 0.004138761 0.004728732
43.462114269 0.999837281 -0.016912538 0.004141994 0.004713910
43.482255534 0.999837514 -0.016888817 0.004158330 0.004735067
43.502383446 0.999837587 -0.016876599 0.004172849 0.004750465
43.522607665 0.999837504 -0.016885229 0.004168043 0.004741575
43.542846880 0.999837679 -0.016876807 0.004167591 0.004734895
43.563102203 0.999837748 -0.016874950 0.004155256 0.004737790
43.583196307 0.999837801 -0.016872785 0.004160724 0.004729643
43.603259079 0.999837725 -0.016880469 0.004172115 0.004708157
43.623425396 0.999838026 -0.016865142 0.004164221 0.004706254
43.643609159 0.999838438 -0.016842669 0.004160981 0.004701984
43.663867614 0.999838153 -0.016864188 0.004158234 0.004687890
43.683961214 0.999838123 -0.016859728 0.004174838 0.004695520
43.704343556 0.999838311 -0.016846345 0.004171681 0.004706282
43.724554308 0.999838398 -0.016850176 0.004163520 0.004681329
43.744601535 0.999838506 -0.016839367 0.004168321 0.004692943
43.764974499 0.999838347 -0.016853455 0.004163447 0.004680414
43.784812711 0.999838381 -0.016853326 0.004158112 0.004678294
43.805014152 0.999838310 -0.016858166 0.004151966 0.004681675
43.825341446 0.999838263 -0.016858481 0.004146557 0.004695293
43.845433407 0.999838069 -0.016878629 0.004138458 0.004671217
43.865606593 0.999838494 -0.016859554 0.004117857 0.004667501
43.885808415 0.999838815 -0.016850470 0.004107236 0.004640773
43.905927556 0.999838911 -0.016846716 0.004101121 0.004639164
43.926282522 0.999838830 -0.016847119 0.004102370 0.004653954
43.946335316 0.999838994 -0.016839993 0.004113769 0.004634395
43.966475782 0.999839091 -0.016836458 0.004107117 0.004632165
43.986637371 0.999839212 -0.016826186 0.004113206 0.004637976
44.006772972 0.999839375 -0.016821571 0.004119059 0.004614420
44.026988020 0.999839160 -0.016825152 0.004143467 0.004626031
44.047237023 0.999838954 -0.016840907 0.004141430 0.004615098
44.067388875 0.999839092 -0.016829154 0.004144676 0.004625129
44.087600800 0.999839140 -0.016810906 0.004148311 0.004677539
44.108012976 0.999839110 -0.016810498 0.004148336 0.004685335
44.127841646 0.999839108 -0.016809463 0.004147519 0.004690227
44.148153780 0.999838982 -0.016816166 0.004133641 0.004705175
44.168235403 0.999839158 -0.016804842 0.004126249 0.004714809
44.188365244 0.999839348 -0.016793395 0.004121512 0.004719351
44.208674487 0.999839348 -0.016804811 0.004113676 0.004685615
44.228779966 0.999839407 -0.016807084 0.004112982 0.004665280
44.249190990 0.999838985 -0.016837147 0.004123660 0.004637831
44.269223794 0.999839289 -0.016820900 0.004110935 0.004642496
44.289291711 0.999839833 -0.016787853 0.004098780 0.004655701
44.309454659 0.999840202 -0.016775616 0.004089499 0.004628821
44.329696738 0.999840136 -0.016777011 0.004098491 0.004629974
44.349799054 0.999840025 -0.016783560 0.004100862 0.004628150
44.369991594 0.999840010 -0.016780092 0.004096288 0.004647956
44.390172158 0.999840323 -0.016769169 0.004094569 0.004621549
44.410466471 0.999840566 -0.016752284 0.004108017 0.004618094
44.430714908 0.999840806 -0.016741596 0.004102017 0.004610252
44.451002483 0.999840691 -0.016750699 0.004105028 0.004599527
44.470927992 0.999840618 -0.016755556 0.004106161 0.004596584
44.491094551 0.999840902 -0.016749077 0.004082122 0.004579967
44.511250377 0.999840862 -0.016748801 0.004088908 0.004583477
44.531812114 0.999840533 -0.016764911 0.004088656 0.004596706
44.551602049 0.999841065 -0.016747812 0.004065738 0.004563503
44.571768000 0.999841301 -0.016731412 0.004069596 0.004568421
44.591982968 0.999841028 -0.016745757 0.004074007 0.004571801
44.612271326 0.999840995 -0.016746275 0.004076806 0.004574650
44.632764372 0.999841111 -0.016742345 0.004069628 0.004569951
44.652575101 0.999841154 -0.016738382 0.004080006 0.004565823
44.672719913 0.999841686 -0.016707192 0.004081258 0.004562562
44.692813258 0.999841700 -0.016702229 0.004081268 0.004577612
44.713322766 0.999841665 -0.016705840 0.004088387 0.004565644
44.733188087 0.999841629 -0.016711046 0.004084488 0.004558041
44.753380833 0.999841522 -0.016719985 0.004083667 0.004549398
44.773535917 0.999841574 -0.016707741 0.004101877 0.004566468
44.793786763 0.999841275 -0.016726423 0.004107246 0.004558727
44.814021048 0.999841551 -0.016712669 0.004102621 0.004552765
44.834053197 0.999841468 -0.016717378 0.004091307 0.004563951
44.854300201 0.999841599 -0.016711002 0.004086786 0.004562537
44.874439213 0.999841535 -0.016713579 0.004092458 0.004562210
44.894595753 0.999841451 -0.016717330 0.004094006 0.004565427
44.915079730 0.999841809 -0.016702085 0.004105809 0.004532073
44.935101524 0.999841661 -0.016706550 0.004107185 0.004546923
44.955298673 0.999841990 -0.016688428 0.004095276 0.004551885
44.975483206 0.999841806 -0.016704132 0.004095456 0.004534604
44.995467268 0.999841634 -0.016714011 0.004092741 0.004538572
45.015683180 0.999841559 -0.016720524 0.004100171 0.004524277
45.035814542 0.999841753 -0.016700750 0.004109952 0.004545570
45.056005540 0.999841484 -0.016715718 0.004102602 0.004556411
45.076224559 0.999841514 -0.016713591 0.004106402 0.004554082
45.096661857 0.999841507 -0.016715104 0.004114817 0.004542407
45.116548995 0.999841437 -0.016710888 0.004117728 0.004570776
45.136792279 0.999841257 -0.016719345 0.004131312 0.004566819
45.156967706 0.999841310 -0.016718392 0.004129170 0.004560737
45.177218430 0.999841262 -0.016729700 0.004121202 0.004536991
45.197344256 0.999841319 -0.016726883 0.004122598 0.004533447
45.217463883 0.999841063 -0.016730769 0.004127671 0.004570837
45.237670390 0.999841132 -0.016719633 0.004128769 0.004595478
45.257812160 0.999841059 -0.016726391 0.004119857 0.004594650
45.277923578 0.999841184 -0.016718879 0.004138873 0.004577803
45.298127284 0.999841364 -0.016714382 0.004123186 0.004569075
45.318376174 0.999841524 -0.016703732 0.004127457 0.004569006
45.338543541 0.999841471 -0.016704927 0.004126012 0.004577568
45.358707245 0.999841429 -0.016711339 0.004123669 0.004565537
45.379018776 0.999841227 -0.016720039 0.004121472 0.004579804
45.399047350 0.999841135 -0.016719336 0.004135811 0.004589571
45.419278256 0.999841107 -0.016725243 0.004132125 0.004577352
45.439402763 0.999841080 -0.016726046 0.004131400 0.004581038
45.459590556 0.999841177 -0.016722241 0.004117922 0.004585849
45.480078302 0.999841302 -0.016715005 0.004104944 0.004596670
45.500003332 0.999841493 -0.016708060 0.004082716 0.004600141
45.520172873 0.999841765 -0.016693554 0.004069187 0.004605732
45.540458622 0.999841713 -0.016705424 0.004063526 0.004578747
45.560488461 0.999841678 -0.016705527 0.004074035 0.004576839
45.580784239 0.999841448 -0.016713790 0.004081212 0.004590338
45.600790228 0.999841617 -0.016717199 0.004062152 0.004557874
45.620994096 0.999841527 -0.016722881 0.004054252 0.004563804
45.641129827 0.999841094 -0.016740587 0.004063135 0.004585819
45.661368179 0.999841384 -0.016715833 0.004069070 0.004607626
45.681540487 0.999841315 -0.016725672 0.004076239 0.004580398
45.702036130 0.999841477 -0.016714876 0.004086777 0.004575132
45.721822497 0.999841508 -0.016707813 0.004106272 0.004576815
45.742066534 0.999841636 -0.016701207 0.004105385 0.004573746
45.762327894 0.999842036 -0.016675026 0.004113190 0.004574641
45.782464170 0.999841986 -0.016675854 0.004114795 0.004581220
45.802597942 0.999842151 -0.016663840 0.004125213 0.004579588
45.822825147 0.999842410 -0.016640980 0.004129453 0.004602285
45.842981967 0.999842623 -0.016629361 0.004137955 0.004590218
45.863178708 0.999842687 -0.016625878 0.004144958 0.004582592
45.883361285 0.999842651 -0.016629273 0.004145149 0.004577994
45.903527254 0.999842397 -0.016639919 0.004147110 0.004593117
45.923597724 0.999842396 -0.016638134 0.004152476 0.004594794
45.943821478 0.999842501 -0.016643125 0.004134862 0.004569693
45.964002132 0.999842323 -0.016644221 0.004143363 0.004596978
45.984172560 0.999842419 -0.016639937 0.004139512 0.004595077
46.004360536 0.999842718 -0.016624639 0.004146855 0.004578704
46.024847530 0.999842518 -0.016624592 0.004143602 0.004625292
46.044837992 0.999842506 -0.016634295 0.004143081 0.004593390
46.064903371 0.999842557 -0.016636027 0.004132940 0.004585090
46.085026896 0.999842453 -0.016639520 0.004139322 0.004589327
46.105243941 0.999842226 -0.016647604 0.004138983 0.004609600
46.125507341 0.999842093 -0.016664819 0.004115223 0.004597527
46.145783824 0.999842068 -0.016648308 0.004124640 0.004654157
46.165792898 0.999842318 -0.016633371 0.004134073 0.004645488
46.186181732 0.999842391 -0.016634625 0.004137486 0.004622029
46.206597256 0.999842330 -0.016632479 0.004138408 0.004642120
46.226424588 0.999842314 -0.016646777 0.004121203 0.004609449
46.246460046 0.999842222 -0.016650554 0.004125621 0.004611806
46.266700257 0.999842260 -0.016653009 0.004116660 0.004602814
46.286806229 0.999842174 -0.016653524 0.004109006 0.004626339
46.307008635 0.999842106 -0.016664826 0.004116516 0.004593647
46.327163701 0.999841658 -0.016687035 0.004117391 0.004609726
46.347447095 0.999841784 -0.016682835 0.004117028 0.004597880
46.367599897 0.999841564 -0.016699578 0.004126794 0.004576053
46.387841504 0.999841874 -0.016667042 0.004146522 0.004608951
46.407988013 0.999842050 -0.016650523 0.004154066 0.004623774
46.428714133 0.999841896 -0.016660652 0.004146440 0.004627431
46.448219118 0.999842138 -0.016646518 0.004141310 0.004630520
46.468542622 0.999842091 -0.016649499 0.004144315 0.004627268
46.488655425 0.999842282 -0.016638680 0.004145568 0.004623755
46.508808445 0.999842623 -0.016625533 0.004144812 0.004598057
46.528983000 0.999842323 -0.016636823 0.004145286 0.004621856
46.549135058 0.999842109 -0.016651768 0.004136359 0.004622321
46.569323798 0.999841749 -0.016684511 0.004132925 0.004585022
46.589710733 0.999841971 -0.016670756 0.004130535 0.004588825
46.609804976 0.999841941 -0.016678367 0.004123015 0.004574404
46.630097496 0.999842027 -0.016677664 0.004118504 0.004562213
46.650032553 0.999841642 -0.016689664 0.004124909 0.004596809
46.670247175 0.999841641 -0.016688596 0.004124041 0.004601673
46.690420678 0.999841710 -0.016689678 0.004115724 0.004590165
46.710573861 0.999841494 -0.016697910 0.004123942 0.004599968
46.730861784 0.999841385 -0.016702792 0.004129034 0.004601485
46.750935023 0.999841656 -0.016697286 0.004129512 0.004561813
46.771211217 0.999842038 -0.016669134 0.004115401 0.004593743
46.791306195 0.999842130 -0.016659577 0.004118427 0.004605653
46.811486325 0.999842303 -0.016646283 0.004129041 0.004606703
46.831825596 0.999842650 -0.016631581 0.004126619 0.004586503
46.851824646 0.999842906 -0.016610022 0.004128686 0.004606996
46.872003756 0.999842867 -0.016618415 0.004111859 0.004600247
46.892170387 0.999843095 -0.016601775 0.004097553 0.004623466
46.912422036 0.999842554 -0.016630772 0.004101952 0.004632342
46.932549858 0.999842556 -0.016623097 0.004116554 0.004646386
46.952854087 0.999842433 -0.016633189 0.004114364 0.004638754
46.972831472 0.999842538 -0.016621319 0.004116018 0.004657175
46.993064331 0.999842150 -0.016642714 0.004123184 0.004657666
47.013252599 0.999842355 -0.016632703 0.004110968 0.004660275
47.033411694 0.999842202 -0.016642837 0.004107869 0.004659709
47.053604607 0.999842787 -0.016610867 0.004098250 0.004656599
47.073774036 0.999842853 -0.016602549 0.004090179 0.004679151
47.094109899 0.999842653 -0.016616784 0.004090618 0.004670943
47.114274344 0.999843068 -0.016593820 0.004087470 0.004666555
47.134394347 0.999842926 -0.016600629 0.004086796 0.004673447
47.154604179 0.999842798 -0.016598423 0.004096181 0.004700281
47.174677252 0.999842781 -0.016598269 0.004102369 0.004698983
47.194838664 0.999842248 -0.016624216 0.004118324 0.004706755
47.215012768 0.999842486 -0.016612799 0.004106911 0.004706454
47.235229852 0.999842536 -0.016622021 0.004089186 0.004678779
47.255407784 0.999842527 -0.016610857 0.004100265 0.004710456
47.275553522 0.999842554 -0.016608420 0.004100214 0.004713372
47.295809977 0.999842532 -0.016622929 0.004090708 0.004674886
47.316341263 0.999842651 -0.016610469 0.004085474 0.004698353
47.336391753 0.999842417 -0.016621949 0.004102787 0.004692434
47.356241402 0.999842412 -0.016620339 0.004104242 0.004697883
47.376480467 0.999842492 -0.016622204 0.004104034 0.004674482
47.396601872 0.999842423 -0.016622617 0.004107088 0.004685111
47.416903706 0.999842515 -0.016626173 0.004109339 0.004650612
47.437148073 0.999842118 -0.016646623 0.004102147 0.004669271
47.457200891 0.999842218 -0.016646975 0.004087671 0.004659194
47.477375071 0.999842257 -0.016648858 0.004083959 0.004647348
47.497508671 0.999842722 -0.016630705 0.004083136 0.004612810
47.517738741 0.999842288 -0.016651336 0.004080826 0.004634551
47.537844561 0.999842033 -0.016655654 0.004077105 0.004677013
47.558007798 0.999841914 -0.016672819 0.004070253 0.004647364
47.578283348 0.999842140 -0.016663342 0.004071290 0.004631701
47.598476822 0.999842266 -0.016653456 0.004074651 0.004637177
47.618643378 0.999842334 -0.016649836 0.004075937 0.004634278
47.638844227 0.999842222 -0.016653207 0.004079866 0.004642791
47.658879252 0.999842196 -0.016656418 0.004076320 0.004640083
47.679090528 0.999842059 -0.016662196 0.004081396 0.004644471
47.699306244 0.999842098 -0.016663689 0.004086217 0.004626394
47.719434089 0.999842245 -0.016655603 0.004085550 0.004624419
47.739630213 0.999842149 -0.016659826 0.004091851 0.004624352
47.759774500 0.999842191 -0.016661801 0.004095469 0.004604895
47.780083458 0.999841927 -0.016674423 0.004093587 0.004618038
47.800149884 0.999842049 -0.016660196 0.004089738 0.004646323
47.820598690 0.999841836 -0.016679342 0.004101238 0.004613259
47.840611851 0.999841537 -0.016698723 0.004091285 0.004616790
47.860784510 0.999841617 -0.016700050 0.004081155 0.004603662
47.880826832 0.999841560 -0.016706615 0.004087569 0.004586495
47.901009146 0.999841604 -0.016706359 0.004081537 0.004583119
47.921237131 0.999842014 -0.016682781 0.004070353 0.004589495
47.941415859 0.999841761 -0.016690174 0.004078736 0.004610267
47.961593646 0.999841761 -0.016699202 0.004068463 0.004586632
47.981773829 0.999841933 -0.016690907 0.004052459 0.004593425
48.001948617 0.999841919 -0.016688902 0.004041791 0.004613275
48.022189841 0.999841912 -0.016690564 0.004027564 0.004621041
48.042464550 0.999841866 -0.016691109 0.004007877 0.004646233
48.062514969 0.999842156 -0.016672455 0.004024494 0.004636245
48.082645905 0.999842189 -0.016670578 0.004025169 0.004635444
48.102807533 0.999841564 -0.016701084 0.004033880 0.004652860
48.122987716 0.999841371 -0.016708619 0.004037930 0.004663765
48.143175845 0.999841038 -0.016729639 0.004042618 0.004655742
48.163523821 0.999841088 -0.016721994 0.004047643 0.004667972
48.183556571 0.999841245 -0.016720173 0.004045590 0.004642595
48.203865068 0.999841337 -0.016715654 0.004053406 0.004632258
48.223862196 0.999841006 -0.016738137 0.004046065 0.004629003
48.244126898 0.999841036 -0.016727142 0.004047804 0.004660598
48.264402411 0.999840785 -0.016739629 0.004039931 0.004676455
48.284387963 0.999840777 -0.016740351 0.004050308 0.004666602
48.304662990 0.999840901 -0.016739553 0.004039638 0.004651971
48.324783641 0.999840737 -0.016748152 0.004040198 0.004655840
48.344880528 0.999840706 -0.016735492 0.004047756 0.004701165
48.365134946 0.999840496 -0.016750632 0.004051998 0.004688249
48.385489866 0.999840801 -0.016736086 0.004046432 0.004680112
48.405613059 0.999840925 -0.016738914 0.004043893 0.004645460
48.425666165 0.999841194 -0.016724319 0.004036247 0.004646686
48.445885778 0.999841391 -0.016711081 0.004038019 0.004650480
48.466055545 0.999841387 -0.016710272 0.004041980 0.004650852
48.486171542 0.999840813 -0.016740342 0.004062329 0.004648322
48.506414690 0.999841163 -0.016715585 0.004070793 0.004654820
48.526522612 0.999840978 -0.016727792 0.004062864 0.004657550
48.546759282 0.999841237 -0.016723005 0.004057446 0.004623649
48.566879436 0.999841306 -0.016715784 0.004053653 0.004638165
48.587080977 0.999840957 -0.016734117 0.004055937 0.004645264
48.607541993 0.999840471 -0.016749288 0.004066627 0.004685861
48.627565775 0.999840429 -0.016751439 0.004071909 0.004682441
48.647641516 0.999840523 -0.016743624 0.004081304 0.004682160
48.667818027 0.999841110 -0.016718050 0.004077549 0.004651261
48.688145278 0.999841192 -0.016710887 0.004075214 0.004661428
48.708220978 0.999841020 -0.016724818 0.004072298 0.004650984
48.728483286 0.999841342 -0.016707220 0.004068168 0.004648573
48.748473517 0.999841464 -0.016701360 0.004075313 0.004637130
48.768699338 0.999841305 -0.016709506 0.004084441 0.004634002
48.788815704 0.999841092 -0.016717528 0.004087913 0.004648067
48.809195113 0.999840992 -0.016725033 0.004094744 0.004636447
48.829609222 0.999841228 -0.016697761 0.004106259 0.004673460
48.849538329 0.999841366 -0.016695916 0.004095013 0.004660436
48.869541743 0.999841426 -0.016691750 0.004093897 0.004663429
48.889773368 0.999841250 -0.016701626 0.004087443 0.004671515
48.909889033 0.999841571 -0.016679570 0.004082808 0.004685764
48.930422563 0.999841398 -0.016699321 0.004079574 0.004654982
48.950351140 0.999841727 -0.016676380 0.004075485 0.004670140
48.970429455 0.999841753 -0.016668664 0.004073349 0.004693915
48.990609530 0.999841432 -0.016685376 0.004074671 0.004701731
49.010803712 0.999841594 -0.016675263 0.004076599 0.004701574
49.031545956 0.999841719 -0.016671174 0.004079617 0.004686671
49.051156346 0.999841678 -0.016668865 0.004094508 0.004690682
49.071341237 0.999841731 -0.016667699 0.004095021 0.004683203
49.091563878 0.999841607 -0.016674573 0.004091885 0.004687956
49.111680611 0.999841583 -0.016675576 0.004101935 0.004680631
49.132046740 0.999841591 -0.016676214 0.004081731 0.004694336
49.152045477 0.999841587 -0.016676510 0.004085435 0.004690820
49.172222535 0.999841397 -0.016687329 0.004099812 0.004680244
49.192428009 0.999841598 -0.016679332 0.004100923 0.004664898
49.212629054 0.999841616 -0.016681717 0.004095921 0.004656981
49.232717110 0.999841705 -0.016663566 0.004092685 0.004705347
49.252880640 0.999841679 -0.016667478 0.004088981 0.004700318
49.273145970 0.999841474 -0.016675484 0.004093284 0.004711777
49.293263247 0.999841021 -0.016702057 0.004104089 0.004704216
49.313531678 0.999841333 -0.016690045 0.004107388 0.004677739
49.333646667 0.999841291 -0.016691785 0.004112819 0.004675581
49.353837820 0.999841434 -0.016678045 0.004120826 0.004687159
49.374118032 0.999841411 -0.016684051 0.004123812 0.004667971
49.394286596 0.999841449 -0.016680790 0.004131103 0.004664988
49.414444294 0.999841358 -0.016688045 0.004128910 0.004660499
49.434666968 0.999840848 -0.016718754 0.004134586 0.004654694
49.454768962 0.999840846 -0.016721493 0.004133820 0.004646064
49.474853810 0.999840764 -0.016721318 0.004151220 0.004648813
49.495121014 0.999840641 -0.016728779 0.004146026 0.004653109
49.515286123 0.999840455 -0.016734963 0.004162863 0.004655821
49.535405544 0.999840414 -0.016729019 0.004167138 0.004682014
49.555775636 0.999840345 -0.016736588 0.004166354 0.004670321
49.576067201 0.999840101 -0.016751348 0.004165519 0.004670547
49.596070881 0.999840076 -0.016754972 0.004169213 0.004659475
49.616304724 0.999839770 -0.016769085 0.004171284 0.004672602
49.636308311 0.999839634 -0.016776259 0.004173548 0.004673926
49.656518594 0.999839568 -0.016777485 0.004191834 0.004667236
49.676850079 0.999839447 -0.016787055 0.004177672 0.004671334
49.696919509 0.999839358 -0.016795157 0.004168216 0.004669699
49.717142641 0.999839096 -0.016804348 0.004170927 0.004690406
49.737237174 0.999839130 -0.016807242 0.004168423 0.004674974
49.757397710 0.999838785 -0.016825045 0.004174802 0.004678905
49.777552207 0.999838601 -0.016835346 0.004189289 0.004668289
49.797759912 0.999839155 -0.016802322 0.004192253 0.004665976
49.817922397 0.999838792 -0.016827766 0.004180083 0.004662907
49.838004339 0.999839197 -0.016804491 0.004182406 0.004658033
49.858216256 0.999838926 -0.016821079 0.004169037 0.004668172
49.878471854 0.999839076 -0.016813293 0.004161231 0.004671053
49.898601820 0.999839517 -0.016787236 0.004169277 0.004663247
49.918921108 0.999839863 -0.016775535 0.004153668 0.004645041
49.938959296 0.999840063 -0.016768976 0.004139715 0.004638127
49.959129903 0.999840412 -0.016752452 0.004128480 0.004632609
49.979673752 0.999840895 -0.016734825 0.004120003 0.004599604
49.999713161 0.999841073 -0.016714609 0.004120718 0.004633552
50.019782423 0.999841145 -0.016712873 0.004105671 0.004637754
50.039792860 0.999840997 -0.016718697 0.004116299 0.004639264
50.060088873 0.999841036 -0.016713967 0.004112447 0.004651266
50.080442352 0.999841014 -0.016709265 0.004123109 0.004663411
50.100363199 0.999841224 -0.016700289 0.004116854 0.004656131
50.120602209 0.999841080 -0.016709493 0.004120802 0.004650516
50.140771741 0.999841314 -0.016695035 0.004118951 0.004653589
50.161002272 0.999841107 -0.016700676 0.004120132 0.004676896
50.181264884 0.999840915 -0.016704821 0.004125427 0.004698419
50.201364725 0.999840906 -0.016702723 0.004122958 0.004709893
50.221524232 0.999841080 -0.016692760 0.004107312 0.004721896
50.241652311 0.999840808 -0.016708326 0.004102537 0.004728617
50.261802499 0.999841109 -0.016685776 0.004096123 0.004750014
50.281913291 0.999840985 -0.016683733 0.004107321 0.004773611
50.302117197 0.999840660 -0.016699415 0.004118424 0.004777236
50.322424668 0.999840780 -0.016691513 0.004121533 0.004777211
50.342607707 0.999840922 -0.016685002 0.004129811 0.004762936
50.362667247 0.999840662 -0.016695517 0.004144102 0.004768311
50.382826900 0.999840707 -0.016686554 0.004138520 0.004795027
50.402995875 0.999840660 -0.016690934 0.004139980 0.004788305
50.423213477 0.999840632 -0.016692403 0.004136617 0.004791999
50.443353311 0.999840869 -0.016680416 0.004143445 0.004778289
50.463729149 0.999841046 -0.016675062 0.004133451 0.004768662
50.483719969 0.999840938 -0.016676696 0.004137454 0.004782021
50.503893083 0.999841146 -0.016660041 0.004132193 0.004801091
50.524143602 0.999841079 -0.016661550 0.004138674 0.004804172
50.544392195 0.999840780 -0.016678096 0.004134396 0.004812853
50.564883492 0.999841036 -0.016662439 0.004130167 0.004817522
50.584837024 0.999841008 -0.016670241 0.004132237 0.004794506
50.604969451 0.999840871 -0.016669121 0.004145009 0.004815790
50.624995403 0.999840971 -0.016664591 0.004138544 0.004816337
50.645179445 0.999840629 -0.016684815 0.004143302 0.004813112
50.665450695 0.999840499 -0.016687696 0.004150542 0.004823851
50.685545643 0.999840437 -0.016691263 0.004156469 0.004819374
50.705830443 0.999840845 -0.016666280 0.004176147 0.004804057
50.726253789 0.999840679 -0.016670879 0.004177621 0.004821342
50.745991925 0.999840643 -0.016671228 0.004176566 0.004828635
50.766211971 0.999840707 -0.016666641 0.004180169 0.004828015
50.786394801 0.999840403 -0.016681425 0.004184317 0.004836344
50.806524797 0.999840677 -0.016667248 0.004181128 0.004831305
50.826786234 0.999840656 -0.016663243 0.004177863 0.004852270
50.847053360 0.999840667 -0.016659112 0.004178985 0.004863101
50.867394688 0.999840700 -0.016667328 0.004164413 0.004840649
50.887396769 0.999840877 -0.016668818 0.004141066 0.004819070
50.907487586 0.999840521 -0.016690938 0.004141993 0.004815532
50.927640603 0.999840613 -0.016686783 0.004155245 0.004799432
50.947796432 0.999840451 -0.016693218 0.004158940 0.004807575
50.967996408 0.999840349 -0.016692515 0.004163594 0.004827148
50.988192863 0.999840346 -0.016689221 0.004175947 0.004828544
51.008352074 0.999840569 -0.016675354 0.004178793 0.004827682
51.028731438 0.999840756 -0.016662838 0.004187203 0.004824854
51.049041742 0.999840733 -0.016660976 0.004206820 0.004819048
51.068864177 0.999840686 -0.016664968 0.004198918 0.004821922
51.089190330 0.999840745 -0.016663031 0.004193739 0.004820939
51.109205918 0.999840918 -0.016654413 0.004189149 0.004818829
51.129498053 0.999841156 -0.016642731 0.004186297 0.004812264
51.149737076 0.999841087 -0.016653188 0.004204643 0.004774214
51.169766503 0.999840940 -0.016660253 0.004208589 0.004776764
51.189908306 0.999840818 -0.016664334 0.004219588 0.004778448
51.210072269 0.999840670 -0.016663034 0.004217403 0.004815701
51.230505150 0.999840472 -0.016674072 0.004213031 0.004822392
51.250814289 0.999840793 -0.016666873 0.004203201 0.004789205
51.270729885 0.999840600 -0.016680491 0.004189629 0.004793967
51.290898468 0.999840366 -0.016695597 0.004194039 0.004786415
51.310991016 0.999840315 -0.016698868 0.004196017 0.004783944
51.331484106 0.999840156 -0.016700964 0.004194212 0.004811356
51.351356432 0.999840030 -0.016709335 0.004187985 0.004813853
51.371531112 0.999840524 -0.016693027 0.004180691 0.004773993
51.391880865 0.999840846 -0.016676858 0.004185924 0.004758432
51.412113002 0.999840870 -0.016671578 0.004179854 0.004777331
51.432202807 0.999840128 -0.016712734 0.004184467 0.004784637
51.452314676 0.999840113 -0.016713081 0.004190316 0.004781567
51.472421935 0.999840034 -0.016716891 0.004196221 0.004779477
51.492676262 0.999839963 -0.016714813 0.004191937 0.004805309
51.513195489 0.999840147 -0.016710796 0.004185836 0.004786389
51.532972801 0.999840282 -0.016712119 0.004179189 0.004759102
51.553278968 0.999840684 -0.016690269 0.004168116 0.004761202
51.573292691 0.999840623 -0.016689609 0.004172614 0.004772216
51.593522561 0.999840581 -0.016690861 0.004192103 0.004759561
51.613670749 0.999840644 -0.016686875 0.004180078 0.004770851
51.633948831 0.999840833 -0.016665940 0.004187048 0.004798273
51.674224530 0.999840631 -0.016683337 0.004177686 0.004788102
51.694344919 0.999840752 -0.016677080 0.004172764 0.004788974
51.714986850 0.999840957 -0.016661542 0.004179402 0.004794440
51.734745152 0.999840680 -0.016676224 0.004189514 0.004792260
51.754879772 0.999840740 -0.016670076 0.004187211 0.004803079
51.775154965 0.999840672 -0.016672516 0.004205596 0.004792742
51.795320147 0.999840683 -0.016676296 0.004212158 0.004771569
51.815590868 0.999840709 -0.016676517 0.004214488 0.004763209
51.835617303 0.999840500 -0.016686965 0.004214181 0.004770795
51.855802226 0.999840467 -0.016687970 0.004223521 0.004765890
51.875933990 0.999840391 -0.016688303 0.004223281 0.004780961
51.896303850 0.999840554 -0.016683531 0.004227545 0.004759714
51.916417509 0.999839995 -0.016711831 0.004225584 0.004779389
51.936514930 0.999840211 -0.016704754 0.004219146 0.004764674
51.956791415 0.999840469 -0.016692871 0.004202290 0.004767128
51.976825930 0.999840263 -0.016699574 0.004212878 0.004777493
51.997267915 0.999840417 -0.016692251 0.004218244 0.004766058
52.017205129 0.999840289 -0.016693153 0.004222026 0.004786300
52.037349002 0.999840179 -0.016692542 0.004222315 0.004811093
52.057600694 0.999840136 -0.016693752 0.004229969 0.004809128
52.077725116 0.999840350 -0.016683815 0.004230228 0.004798882
52.098215492 0.999840747 -0.016656209 0.004234775 0.004808068
52.118387957 0.999840328 -0.016681239 0.004243217 0.004800973
52.138270200 0.999840326 -0.016681877 0.004244987 0.004797743
52.158407210 0.999840103 -0.016699768 0.004259483 0.004768994
52.178673333 0.999839709 -0.016719978 0.004259193 0.004780964
52.198809420 0.999840078 -0.016708135 0.004262582 0.004742008
52.219348382 0.999840006 -0.016710017 0.004255617 0.004756886
52.239301855 0.999840070 -0.016703198 0.004261086 0.004762363
52.259436419 0.999840235 -0.016694304 0.004257572 0.004762218
52.279503496 0.999839748 -0.016720622 0.004244040 0.004783993
52.299697744 0.999839764 -0.016720814 0.004243210 0.004780862
52.319890750 0.999839680 -0.016724337 0.004252007 0.004778270
52.340026820 0.999839315 -0.016748784 0.004246845 0.004773530
52.360269654 0.999839288 -0.016746297 0.004263291 0.004773350
52.380567794 0.999839280 -0.016742763 0.004263648 0.004787096
52.400623045 0.999839363 -0.016744219 0.004257354 0.004770191
52.420849846 0.999839204 -0.016744430 0.004275545 0.004786336
52.441105282 0.999839157 -0.016745972 0.004281453 0.004785555
52.461093989 0.999839142 -0.016745120 0.004286605 0.004786977
52.481619312 0.999839590 -0.016717141 0.004285061 0.004792773
52.501467517 0.999839598 -0.016724942 0.004277826 0.004770294
52.521716847 0.999839651 -0.016723231 0.004268283 0.004773707
52.541852327 0.999839355 -0.016737789 0.004266727 0.004785938
52.562011615 0.999839598 -0.016721527 0.004262768 0.004795501
52.582253271 0.999839505 -0.016730958 0.004264869 0.004780157
52.602412469 0.999839558 -0.016724060 0.004265258 0.004792837
52.622516923 0.999839615 -0.016722264 0.004261983 0.004790261
52.642662912 0.999839338 -0.016737126 0.004265367 0.004792979
52.663169964 0.999839094 -0.016755021 0.004260415 0.004785897
52.683047449 0.999839307 -0.016739240 0.004253363 0.004802868
52.703205532 0.999839120 -0.016750708 0.004253047 0.004801980
52.723499008 0.999839056 -0.016754092 0.004252703 0.004803765
52.743722066 0.999839554 -0.016721889 0.004249499 0.004815177
52.763836783 0.999839374 -0.016743668 0.004231160 0.004792964
52.783940206 0.999839490 -0.016736379 0.004230166 0.004795212
52.804124836 0.999839417 -0.016742173 0.004247340 0.004774919
52.824268012 0.999838931 -0.016762231 0.004266184 0.004789470
52.844512701 0.999838910 -0.016762032 0.004278409 0.004783608
52.864702982 0.999838491 -0.016791368 0.004262129 0.004782907
52.885179571 0.999838345 -0.016798521 0.004257153 0.004792626
52.905117681 0.999838403 -0.016798021 0.004260627 0.004779269
52.925481259 0.999838293 -0.016805429 0.004255697 0.004780674
52.945403009 0.999838183 -0.016813840 0.004259125 0.004770999
52.965595778 0.999838292 -0.016809637 0.004262271 0.004760211
52.985711300 0.999838323 -0.016818260 0.004258015 0.004726964
53.005861151 0.999838148 -0.016827217 0.004253094 0.004736490
53.026216972 0.999838060 -0.016833437 0.004246352 0.004738867
53.046389320 0.999837930 -0.016843043 0.004238932 0.004738955
53.066802348 0.999837735 -0.016857719 0.004230912 0.004735115
53.086685253 0.999837740 -0.016858549 0.004229091 0.004732526
53.106794258 0.999837616 -0.016863095 0.004209750 0.004759773
53.126979505 0.999837852 -0.016848000 0.004204695 0.004768094
53.147186557 0.999837782 -0.016849181 0.004209076 0.004774807
53.167341826 0.999837538 -0.016867053 0.004201002 0.004769917
53.187611424 0.999837643 -0.016860284 0.004200238 0.004772524
53.207781052 0.999837382 -0.016873959 0.004188956 0.004788665
53.227954526 0.999837261 -0.016882445 0.004196116 0.004777758
53.248207515 0.999837192 -0.016885716 0.004201187 0.004776116
53.268373788 0.999836784 -0.016908391 0.004193258 0.004788366
53.288379715 0.999836706 -0.016911627 0.004200802 0.004786632
53.308611499 0.999836976 -0.016899369 0.004192126 0.004781167
53.328927782 0.999836912 -0.016903535 0.004175541 0.004794236
53.348896243 0.999837041 -0.016898872 0.004155395 0.004801347
53.369092234 0.999837421 -0.016878529 0.004136245 0.004810209
53.389283737 0.999837470 -0.016875231 0.004141400 0.004807104
53.409448007 0.999837517 -0.016872572 0.004140767 0.004807348
53.429877412 0.999837477 -0.016875387 0.004137557 0.004808578
53.449773869 0.999837784 -0.016862781 0.004131102 0.004794462
53.469993172 0.999837608 -0.016864810 0.004124592 0.004829469
53.490157837 0.999837654 -0.016867010 0.004126233 0.004810883
53.510377313 0.999837527 -0.016874029 0.004110030 0.004826443
53.530962150 0.999837831 -0.016853521 0.004112561 0.004832850
53.550808592 0.999837927 -0.016864766 0.004109586 0.004776091
53.570910336 0.999838248 -0.016845873 0.004093277 0.004789536
53.591058973 0.999838206 -0.016851296 0.004085224 0.004786175
53.611248564 0.999838028 -0.016862199 0.004077603 0.004791276
53.631695283 0.999838154 -0.016861240 0.004088161 0.004759401
53.651615973 0.999838050 -0.016862812 0.004083739 0.004779273
53.671791023 0.999838031 -0.016866181 0.004074621 0.004779176
53.692060805 0.999838042 -0.016868099 0.004065530 0.004777964
53.712249972 0.999838252 -0.016855282 0.004059167 0.004784545
53.732282363 0.999838352 -0.016854293 0.004050626 0.004774522
53.752481443 0.999838434 -0.016846487 0.004056689 0.004779604
53.772693455 0.999838458 -0.016842834 0.004051421 0.004791904
53.792821381 0.999838368 -0.016851826 0.004049750 0.004780550
53.813242666 0.999838617 -0.016838507 0.004045397 0.004779039
53.833675118 0.999838941 -0.016823610 0.004029394 0.004777350
53.853386009 0.999839153 -0.016807793 0.004032083 0.004786243
53.873673000 0.999839037 -0.016804654 0.004043501 0.004811835
53.893702469 0.999839057 -0.016801138 0.004030691 0.004830653
53.913936263 0.999838988 -0.016803476 0.004032102 0.004835718
53.934075376 0.999839230 -0.016789366 0.004037341 0.004830187
53.954257011 0.999839244 -0.016791668 0.004042329 0.004815067
53.974430345 0.999839386 -0.016782165 0.004049516 0.004812684
53.994784259 0.999839201 -0.016793985 0.004061444 0.004799906
54.014867608 0.999838992 -0.016808185 0.004064214 0.004791429
54.035207284 0.999838678 -0.016823808 0.004069205 0.004797810
54.055338906 0.999838682 -0.016820790 0.004071670 0.004805535
54.075382868 0.999838562 -0.016824835 0.004079282 0.004809767
54.095477135 0.999838669 -0.016825557 0.004087527 0.004777936
54.115715639 0.999838557 -0.016832023 0.004096668 0.004770811
54.135930412 0.999838281 -0.016842076 0.004095044 0.004794521
54.156099196 0.999838104 -0.016845696 0.004096035 0.004817827
54.176223649 0.999838452 -0.016825983 0.004101340 0.004809934
54.196373471 0.999838606 -0.016816458 0.004111540 0.004802561
54.216643042 0.999838961 -0.016804661 0.004098501 0.004781073
54.236873361 0.999838892 -0.016807472 0.004102926 0.004781765
54.256875152 0.999838924 -0.016806019 0.004090488 0.004790719
54.277099422 0.999838767 -0.016806753 0.004077799 0.004831582
54.297248037 0.999838534 -0.016824325 0.004064237 0.004830027
54.317944693 0.999838697 -0.016820446 0.004051572 0.004820499
54.337777538 0.999838670 -0.016826955 0.004053345 0.004801928
54.357830412 0.999838717 -0.016837174 0.004047392 0.004761125
54.378091913 0.999838945 -0.016815778 0.004057849 0.004779921
54.398123433 0.999838836 -0.016816960 0.004068604 0.004789488
54.418350711 0.999838971 -0.016804744 0.004062533 0.004809183
54.438527284 0.999839197 -0.016793779 0.004057221 0.004805093
54.458749893 0.999838987 -0.016810519 0.004069736 0.004779602
54.478848068 0.999839454 -0.016787297 0.004060105 0.004771527
54.499188461 0.999839507 -0.016785312 0.004061952 0.004765979
54.519365534 0.999839512 -0.016773731 0.004064554 0.004803249
54.539435685 0.999839392 -0.016776187 0.004067590 0.004817124
54.559604042 0.999839893 -0.016752257 0.004057999 0.004804545
54.579753931 0.999840139 -0.016737095 0.004057216 0.004806752
54.599888151 0.999839960 -0.016741010 0.004064615 0.004824067
54.620107926 0.999839966 -0.016738267 0.004064111 0.004832765
54.640270226 0.999839796 -0.016737853 0.004063748 0.004869596
54.660434566 0.999839508 -0.016757937 0.004054123 0.004867696
54.680729084 0.999839660 -0.016757570 0.004054359 0.004837283
54.700948539 0.999839707 -0.016752297 0.004054042 0.004846271
54.721135270 0.999840023 -0.016736952 0.004039889 0.004845855
54.741271344 0.999839852 -0.016748868 0.004030982 0.004847396
54.761334829 0.999839792 -0.016748730 0.004034960 0.004856988
54.781563043 0.999839547 -0.016764418 0.004039654 0.004849312
54.801744353 0.999839328 -0.016770729 0.004040613 0.004871738
54.821825923 0.999839522 -0.016760830 0.004051556 0.004856944
54.842080463 0.999839970 -0.016738989 0.004051424 0.004840066
54.862291554 0.999839917 -0.016741825 0.004053507 0.004839472
54.882420367 0.999839929 -0.016742526 0.004049795 0.004837666
54.902591846 0.999839984 -0.016747110 0.004035359 0.004822410
54.922800021 0.999839696 -0.016764924 0.004035526 0.004820121
54.943036998 0.999839706 -0.016764950 0.004026066 0.004825822
54.963432243 0.999840116 -0.016746096 0.004010801 0.004819102
54.983276514 0.999840216 -0.016737320 0.004009163 0.004830259
55.003553373 0.999840006 -0.016749811 0.004020675 0.004820851
55.023656059 0.999840075 -0.016750108 0.004025986 0.004801024
55.043807775 0.999839908 -0.016759217 0.004037442 0.004794389
55.063975017 0.999839575 -0.016766418 0.004030994 0.004843778
55.084199192 0.999839628 -0.016773929 0.004035284 0.004803049
55.104684625 0.999839899 -0.016759238 0.004020622 0.004810309
55.124640968 0.999840016 -0.016753212 0.004015871 0.004810938
55.144788351 0.999839967 -0.016760000 0.004024910 0.004789846
55.164972437 0.999840104 -0.016758525 0.004008081 0.004780628
55.185087099 0.999840099 -0.016753526 0.004005160 0.004801589
55.205256468 0.999840219 -0.016740017 0.004004042 0.004824517
55.225446014 0.999840250 -0.016742690 0.004000091 0.004812094
55.245619000 0.999840127 -0.016746309 0.004004536 0.004821352
55.265784237 0.999840096 -0.016750484 0.004018505 0.004801684
55.285913088 0.999839861 -0.016767685 0.004026442 0.004783788
55.306447337 0.999839857 -0.016757740 0.004032352 0.004814412
55.326507637 0.999840191 -0.016740655 0.004023565 0.004811924
55.346518000 0.999840052 -0.016760035 0.004021386 0.004774919
55.366692830 0.999839937 -0.016767637 0.004022600 0.004771354
55.386835617 0.999839978 -0.016749647 0.004024748 0.004823909
55.407034289 0.999840083 -0.016746479 0.004015190 0.004820959
55.427219357 0.999840129 -0.016753376 0.004006627 0.004794467
55.447584452 0.999839764 -0.016775870 0.004008644 0.004790437
55.467726623 0.999840026 -0.016755547 0.004016466 0.004800302
55.487721711 0.999840261 -0.016750873 0.004018626 0.004765677
55.507979099 0.999840386 -0.016744023 0.004015611 0.004765939
55.528274543 0.999840727 -0.016723798 0.003997034 0.004781109
55.548354588 0.999840624 -0.016730566 0.003999087 0.004777295
55.568488579 0.999840781 -0.016724586 0.003994120 0.004769453
55.588602639 0.999841027 -0.016710704 0.003970539 0.004786189
55.608822457 0.999841266 -0.016701255 0.003977198 0.004763605
55.629107367 0.999841303 -0.016696974 0.003990949 0.004759459
55.649152391 0.999841398 -0.016693038 0.003990227 0.004753861
55.669435338 0.999841562 -0.016689054 0.003989644 0.004733894
55.689694673 0.999841622 -0.016679450 0.004002023 0.004744472
55.709932710 0.999841578 -0.016682526 0.004000368 0.004744453
55.730136279 0.999841309 -0.016698039 0.004006328 0.004741581
55.749983205 0.999841251 -0.016703009 0.004008118 0.004734672
55.770216611 0.999841680 -0.016679124 0.003993656 0.004740431
55.790353167 0.999841634 -0.016690193 0.003990921 0.004713578
55.810593524 0.999841910 -0.016664385 0.003997263 0.004740810
55.830961899 0.999841580 -0.016677813 0.003994174 0.004765668
55.851022843 0.999841504 -0.016682507 0.003998984 0.004761173
55.871172213 0.999840787 -0.016725391 0.004015018 0.004747742
55.891357330 0.999840885 -0.016712511 0.004015978 0.004771636
55.911477246 0.999840634 -0.016728902 0.004016981 0.004765860
55.931573570 0.999840702 -0.016723169 0.004017386 0.004771511
55.951787171 0.999840727 -0.016721146 0.004017000 0.004773663
55.971973697 0.999840953 -0.016700329 0.004038424 0.004781071
55.992156918 0.999841108 -0.016694711 0.004039239 0.004767601
56.012497330 0.999840899 -0.016707315 0.004038386 0.004767947
56.032531349 0.999840827 -0.016711517 0.004038217 0.004768528
56.052730871 0.999840713 -0.016723719 0.004031585 0.004755266
56.072853704 0.999840809 -0.016711377 0.004034846 0.004775590
56.093090032 0.999840323 -0.016732719 0.004045823 0.004793341
56.113180886 0.999840371 -0.016730581 0.004049860 0.004787458
56.133353465 0.999840678 -0.016713449 0.004046410 0.004786102
56.153561753 0.999840685 -0.016714893 0.004042148 0.004783001
56.173728094 0.999840666 -0.016713951 0.004045307 0.004787679
56.194008758 0.999840977 -0.016698144 0.004047815 0.004775769
56.214361399 0.999841303 -0.016673881 0.004043801 0.004795549
56.234294640 0.999841323 -0.016675932 0.004045188 0.004783257
56.254486624 0.999841794 -0.016648040 0.004041942 0.004784610
56.274926622 0.999842041 -0.016628792 0.004043737 0.004798444
56.294894295 0.999842077 -0.016627351 0.004052945 0.004788042
56.315239224 0.999842313 -0.016612910 0.004061073 0.004782056
56.335231554 0.999842863 -0.016577307 0.004061043 0.004790546
56.355392412 0.999842803 -0.016581608 0.004060489 0.004788797
56.375491935 0.999842718 -0.016586024 0.004068077 0.004784669
56.395733381 0.999842965 -0.016576247 0.004063803 0.004770550
56.415929502 0.999843060 -0.016570519 0.004057145 0.004776326
56.436051127 0.999842753 -0.016583448 0.004064340 0.004789611
56.456306010 0.999842880 -0.016579122 0.004068156 0.004774796
56.476400838 0.999842811 -0.016579970 0.004072756 0.004782303
56.496676438 0.999842624 -0.016589976 0.004079967 0.004780649
56.516851010 0.999842166 -0.016619887 0.004090657 0.004763247
56.536963452 0.999842108 -0.016622461 0.004087554 0.004769178
56.557090629 0.999841967 -0.016626577 0.004087396 0.004784432
56.577306667 0.999842225 -0.016620481 0.004074099 0.004763024
56.597466536 0.999841924 -0.016635856 0.004054910 0.004788926
56.617692660 0.999842340 -0.016608977 0.004071774 0.004780983
56.637812109 0.999842424 -0.016600670 0.004071483 0.004792471
56.658141495 0.999842230 -0.016622306 0.004076984 0.004753223
56.678300779 0.999842160 -0.016630994 0.004058220 0.004753488
56.698510528 0.999841941 -0.016641280 0.004045468 0.004774340
56.718684201 0.999841543 -0.016657868 0.004032581 0.004810578
56.738712286 0.999841613 -0.016652993 0.004038768 0.004807771
56.758861014 0.999841515 -0.016661776 0.004035770 0.004800339
56.779141662 0.999841367 -0.016665549 0.004051595 0.004804577
56.799275138 0.999841176 -0.016681344 0.004046614 0.004793752
56.819545878 0.999841014 -0.016691199 0.004055723 0.004785479
56.839664780 0.999841185 -0.016680030 0.004073233 0.004773807
56.859868037 0.999840943 -0.016685472 0.004090328 0.004790906
56.880176138 0.999840956 -0.016691160 0.004084311 0.004773564
56.900147464 0.999841161 -0.016674661 0.004082039 0.004790235
56.920297671 0.999841185 -0.016674999 0.004083502 0.004782655
56.940557259 0.999841206 -0.016673335 0.004092286 0.004776659
56.960714925 0.999841067 -0.016679273 0.004111449 0.004768568
56.980839013 0.999841259 -0.016661042 0.004105074 0.004797386
57.001020793 0.999841126 -0.016666194 0.004112027 0.004801240
57.021340647 0.999840976 -0.016678725 0.004105938 0.004794164
57.041469466 0.999841022 -0.016675118 0.004098505 0.004803509
57.061576878 0.999840942 -0.016678099 0.004103417 0.004805488
57.081854907 0.999840533 -0.016704902 0.004089554 0.004809472
57.101891047 0.999840419 -0.016716496 0.004085983 0.004795917
57.122071287 0.999840410 -0.016713591 0.004092941 0.004801918
57.142276868 0.999840246 -0.016728981 0.004094873 0.004780764
57.162431293 0.999840227 -0.016740021 0.004072938 0.004764770
57.182676353 0.999840348 -0.016731974 0.004066224 0.004773308
57.202784669 0.999840396 -0.016729034 0.004066434 0.004773552
57.223133851 0.999840431 -0.016730708 0.004054815 0.004770105
57.243143613 0.999840431 -0.016727609 0.004068333 0.004769548
57.263560240 0.999840440 -0.016731628 0.004076411 0.004746484
57.283608391 0.999840638 -0.016722027 0.004069574 0.004744530
57.303825358 0.999840261 -0.016738228 0.004086119 0.004752751
57.323926866 0.999840032 -0.016759432 0.004076308 0.004734423
57.344042972 0.999839989 -0.016761232 0.004078451 0.004735342
57.364175785 0.999840005 -0.016757409 0.004078657 0.004745359
57.384404071 0.999840028 -0.016758246 0.004090419 0.004727288
57.404565703 0.999840363 -0.016747171 0.004083310 0.004701888
57.424869181 0.999840102 -0.016748529 0.004077306 0.004757414
57.444994991 0.999840031 -0.016756720 0.004073184 0.004747085
57.465237153 0.999839781 -0.016772264 0.004067140 0.004749981
57.485335808 0.999840120 -0.016750524 0.004065692 0.004756487
57.505571251 0.999840224 -0.016749082 0.004078572 0.004728719
57.525686728 0.999840397 -0.016743123 0.004073259 0.004717723
57.545792368 0.999840451 -0.016731630 0.004083746 0.004737874
57.565988878 0.999840325 -0.016743441 0.004095285 0.004712758
57.586160270 0.999840367 -0.016735317 0.004086494 0.004740281
57.606384374 0.999840303 -0.016733867 0.004081725 0.004763031
57.626636720 0.999840345 -0.016734294 0.004085445 0.004749512
57.646967380 0.999840262 -0.016732097 0.004087233 0.004773126
57.666951280 0.999840349 -0.016724650 0.004101087 0.004769123
57.687241861 0.999840120 -0.016735549 0.004098554 0.004781070
57.707216255 0.999840261 -0.016726812 0.004101553 0.004779563
57.727458314 0.999840722 -0.016703386 0.004111789 0.004756144
57.747641167 0.999840640 -0.016708810 0.004112231 0.004753876
57.767782100 0.999840500 -0.016715407 0.004104529 0.004766821
57.787932225 0.999840537 -0.016714729 0.004102446 0.004763195
57.808148340 0.999840538 -0.016720299 0.004107241 0.004739299
57.828394154 0.999840287 -0.016732442 0.004119649 0.004738513
57.848758262 0.999839847 -0.016759205 0.004134577 0.004723790
57.868772200 0.999839737 -0.016760716 0.004131799 0.004744044
57.888990038 0.999839846 -0.016750690 0.004137502 0.004751686
57.909032417 0.999839901 -0.016748652 0.004136132 0.004748352
57.929408793 0.999840052 -0.016739565 0.004145732 0.004740184
57.949403225 0.999840086 -0.016731879 0.004151087 0.004755601
57.969651448 0.999839982 -0.016739946 0.004165467 0.004736403
57.989804692 0.999840143 -0.016737164 0.004151915 0.004724028
58.010039100 0.999840033 -0.016739507 0.004156353 0.004735270
58.030203800 0.999839760 -0.016755832 0.004162495 0.004729637
58.050399655 0.999840143 -0.016744780 0.004165670 0.004684826
58.070744983 0.999839965 -0.016745074 0.004175648 0.004712942
58.090650975 0.999839871 -0.016748349 0.004179535 0.004717755
58.110799591 0.999839832 -0.016749497 0.004174231 0.004726595
58.131206611 0.999839759 -0.016760017 0.004165155 0.004712746
58.151158263 0.999839531 -0.016769451 0.004179605 0.004714762
58.171306809 0.999839578 -0.016771869 0.004192629 0.004684468
58.191498113 0.999839636 -0.016765988 0.004200894 0.004685692
58.211756667 0.999839846 -0.016753378 0.004198355 0.004688238
58.232044952 0.999839812 -0.016755138 0.004197162 0.004690303
58.252070747 0.999840035 -0.016742074 0.004203718 0.004683595
58.272310393 0.999839884 -0.016752573 0.004199718 0.004681802
58.292472975 0.999839926 -0.016748575 0.004202683 0.004684657
58.312854685 0.999840157 -0.016740565 0.004202617 0.004663858
58.332755681 0.999840516 -0.016731682 0.004179028 0.004639956
58.352853127 0.999840420 -0.016737126 0.004188802 0.004632244
58.373099433 0.999840604 -0.016721430 0.004196252 0.004642324
58.393300159 0.999840537 -0.016726040 0.004207051 0.004630341
58.413940148 0.999840545 -0.016733084 0.004199146 0.004610455
58.433817077 0.999840776 -0.016725832 0.004173380 0.004609918
58.453810686 0.999840979 -0.016721187 0.004166476 0.004589057
58.474152466 0.999841262 -0.016701323 0.004159240 0.004606224
58.494299827 0.999841281 -0.016703606 0.004176670 0.004577904
58.514349242 0.999841335 -0.016701656 0.004174765 0.004575029
58.534534596 0.999841749 -0.016682050 0.004164419 0.004565412
58.554687529 0.999841638 -0.016684717 0.004164814 0.004579570
58.574825971 0.999841514 -0.016699922 0.004169183 0.004547232
58.595023833 0.999841292 -0.016715553 0.004166413 0.004541257
58.615577924 0.999841520 -0.016695143 0.004176536 0.004556692
58.635443491 0.999841455 -0.016697236 0.004174235 0.004565494
58.655704465 0.999841371 -0.016701525 0.004184926 0.004558381
58.676050151 0.999840981 -0.016715743 0.004189192 0.004587773
58.695902862 0.999841042 -0.016713146 0.004193675 0.004579731
58.716174267 0.999840888 -0.016720350 0.004186248 0.004593952
58.736363057 0.999840643 -0.016729829 0.004187164 0.004611844
58.756436839 0.999840574 -0.016740639 0.004177471 0.004596310
58.776692143 0.999840599 -0.016743647 0.004173311 0.004583637
58.797081982 0.999840462 -0.016740370 0.004181768 0.004617812
58.817148671 0.999840349 -0.016741688 0.004197282 0.004623326
58.837269607 0.999840431 -0.016745443 0.004194089 0.004594829
58.857419082 0.999840463 -0.016752030 0.004194771 0.004563093
58.877537164 0.999840343 -0.016756829 0.004195480 0.004571201
58.897675053 0.999840083 -0.016773330 0.004193625 0.004569093
58.917929511 0.999839799 -0.016784896 0.004210139 0.004573659
58.938130827 0.999839510 -0.016799216 0.004211736 0.004582745
58.958218655 0.999839756 -0.016781669 0.004208651 0.004596235
58.978416193 0.999840100 -0.016769756 0.004214526 0.004559434
58.998759156 0.999840116 -0.016770400 0.004209634 0.004557873
59.018781919 0.999840364 -0.016747696 0.004203700 0.004592413
59.039015600 0.999840354 -0.016746319 0.004213301 0.004590726
59.059099038 0.999840184 -0.016753605 0.004210934 0.004603311
59.079368836 0.999840129 -0.016755020 0.004210820 0.004610261
59.099463683 0.999840489 -0.016734795 0.004212271 0.004604254
59.119693611 0.999840826 -0.016717566 0.004217820 0.004588722
59.139818481 0.999840999 -0.016699737 0.004215439 0.004617977
59.160056928 0.999841287 -0.016686519 0.004223437 0.004596062
59.180251661 0.999841636 -0.016664345 0.004231935 0.004592793
59.200620351 0.999841893 -0.016654131 0.004210171 0.004593851
59.220649969 0.999841919 -0.016666591 0.004193638 0.004557890
59.240793709 0.999841409 -0.016694158 0.004183363 0.004578334
59.260831852 0.999841300 -0.016698544 0.004189189 0.004580819
59.281206031 0.999841521 -0.016680794 0.004202775 0.004584763
59.301330135 0.999841610 -0.016674894 0.004197033 0.004592161
59.321528480 0.999841522 -0.016667160 0.004197551 0.004638744
59.341632175 0.999841481 -0.016669751 0.004210131 0.004626722
59.361784429 0.999842226 -0.016623685 0.004203541 0.004637568
59.382074107 0.999842053 -0.016629048 0.004206646 0.004652748
59.402392122 0.999842531 -0.016609898 0.004193319 0.004630427
59.422535714 0.999842804 -0.016586490 0.004200276 0.004648982
59.442708238 0.999842687 -0.016593666 0.004205100 0.004644220
59.462967693 0.999842370 -0.016623662 0.004208114 0.004602367
59.482796551 0.999842385 -0.016622992 0.004206334 0.004602985
59.503017037 0.999842052 -0.016636453 0.004215612 0.004618335
59.523170925 0.999841876 -0.016650182 0.004221675 0.004601387
59.543329988 0.999841962 -0.016651833 0.004218852 0.004579203
59.563709230 0.999841820 -0.016658572 0.004226413 0.004578673
59.583724430 0.999841393 -0.016677416 0.004239362 0.004591379
59.604004617 0.999841305 -0.016678782 0.004242866 0.004602234
59.624338380 0.999841407 -0.016670561 0.004243573 0.004609175
59.644411399 0.999841511 -0.016661191 0.004247727 0.004616802
59.664431425 0.999841323 -0.016671563 0.004245985 0.004621733
59.684604853 0.999841402 -0.016666988 0.004242264 0.004624423
59.704769741 0.999841234 -0.016666141 0.004264629 0.004643239
59.725044669 0.999841526 -0.016644541 0.004265699 0.004656729
59.745135749 0.999841554 -0.016635362 0.004273308 0.004676597
59.765330806 0.999842040 -0.016609420 0.004266773 0.004670848
59.785630075 0.999842231 -0.016601783 0.004265452 0.004658288
59.805697662 0.999842481 -0.016585814 0.004276458 0.004651436
59.825954773 0.999842791 -0.016562598 0.004269637 0.004673731
59.846078653 0.999842893 -0.016554147 0.004279853 0.004672593
59.866206978 0.999842760 -0.016559188 0.004288007 0.004675697
59.886384513 0.999842717 -0.016571954 0.004272268 0.004653917
59.906571521 0.999842747 -0.016577642 0.004264481 0.004634421
59.926743672 0.999842545 -0.016586905 0.004259155 0.004649621
59.946973881 0.999842642 -0.016575934 0.004260918 0.004666269
59.967090137 0.999842887 -0.016562135 0.004260301 0.004663245
59.987414948 0.999843099 -0.016549650 0.004249808 0.004671808
60.007726102 0.999842869 -0.016561237 0.004240120 0.004688710
60.027770582 0.999842894 -0.016559796 0.004232432 0.004695445
60.047965035 0.999842956 -0.016569712 0.004220013 0.004658215
60.067984320 0.999842892 -0.016569740 0.004228991 0.004663795
60.088155058 0.999842665 -0.016579319 0.004228034 0.004679257
60.108372282 0.999842661 -0.016577484 0.004232758 0.004682377
60.128687779 0.999842813 -0.016580191 0.004221396 0.004650479
60.148721891 0.999842869 -0.016573203 0.004225336 0.004659592
60.169116676 0.999842552 -0.016583572 0.004229826 0.004686611
60.189325785 0.999842343 -0.016599851 0.004229580 0.004673751
60.209442406 0.999842195 -0.016609391 0.004218387 0.004681663
60.229556630 0.999842109 -0.016613505 0.004208423 0.004694469
60.249600598 0.999842086 -0.016617453 0.004213678 0.004680699
60.269769825 0.999842502 -0.016605201 0.004201260 0.004646182
60.289887144 0.999842856 -0.016580235 0.004196282 0.004663651
60.310105398 0.999842523 -0.016593552 0.004196451 0.004687435
60.330481631 0.999841946 -0.016623300 0.004200960 0.004701128
60.350791063 0.999842142 -0.016608695 0.004194415 0.004716957
60.370733412 0.999842314 -0.016601064 0.004192191 0.004709210
60.390953004 0.999842471 -0.016591762 0.004187391 0.004712920
60.411076188 0.999842529 -0.016587090 0.004183596 0.004720446
60.431459254 0.999842526 -0.016584883 0.004189796 0.004723500
60.451362878 0.999842728 -0.016572667 0.004192130 0.004721382
60.471516771 0.999842983 -0.016556973 0.004199563 0.004715886
60.491789778 0.999842975 -0.016554126 0.004211928 0.004716568
60.512074690 0.999842983 -0.016549999 0.004221232 0.004720932
60.532042619 0.999842874 -0.016560706 0.004212063 0.004714736
60.552422269 0.999842978 -0.016551062 0.004204783 0.004733094
60.572555394 0.999842700 -0.016564237 0.004215438 0.004736074
60.592741199 0.999842255 -0.016583551 0.004236043 0.004744117
60.613099260 0.999842588 -0.016565676 0.004225938 0.004745429
60.632909773 0.999842633 -0.016559911 0.004228172 0.004754160
60.653084338 0.999842755 -0.016546829 0.004226437 0.004775429
60.673370843 0.999842459 -0.016569713 0.004215906 0.004767400
60.693452436 0.999842161 -0.016584157 0.004210807 0.004784195
60.713789900 0.999842701 -0.016561535 0.004203863 0.004755594
60.733886171 0.999842811 -0.016554730 0.004201184 0.004758692
60.754179350 0.999842681 -0.016559140 0.004183821 0.004785722
60.774238911 0.999842791 -0.016548720 0.004183653 0.004799056
60.794387076 0.999843044 -0.016535820 0.004186885 0.004787891
60.814546121 0.999842947 -0.016542022 0.004191241 0.004782843
60.834765055 0.999843063 -0.016539514 0.004193837 0.004765053
60.854851933 0.999843394 -0.016525662 0.004198317 0.004739680
60.875073092 0.999843286 -0.016522459 0.004201112 0.004771054
60.895275776 0.999843371 -0.016513728 0.004200335 0.004784166
60.915448554 0.999843791 -0.016493667 0.004208907 0.004757842
60.935714877 0.999843607 -0.016501416 0.004208704 0.004769832
60.955801741 0.999843397 -0.016507602 0.004209377 0.004791741
60.975928637 0.999843397 -0.016507008 0.004216550 0.004787513
60.996483201 0.999842847 -0.016533334 0.004236565 0.004794007
61.016398379 0.999843186 -0.016517523 0.004240308 0.004774339
61.036687381 0.999843192 -0.016516844 0.004243432 0.004772627
61.056693170 0.999843028 -0.016523630 0.004254152 0.004774114
61.076828277 0.999843019 -0.016523657 0.004242218 0.004786331
61.097037136 0.999843005 -0.016530784 0.004257214 0.004751265
61.117312143 0.999843176 -0.016516521 0.004263313 0.004759485
61.137560689 0.999842761 -0.016536686 0.004266347 0.004773852
61.157578334 0.999842974 -0.016523860 0.004262070 0.004777522
61.177727749 0.999842806 -0.016537469 0.004245812 0.004779988
61.197899829 0.999842855 -0.016529663 0.004237707 0.004803812
61.218164058 0.999842817 -0.016536206 0.004237137 0.004789789
61.238287408 0.999842994 -0.016527626 0.004233667 0.004785505
61.258463996 0.999843137 -0.016518012 0.004239882 0.004783410
61.278870734 0.999843279 -0.016509291 0.004238374 0.004785089
61.298940918 0.999843447 -0.016503356 0.004231413 0.004776557
61.319072140 0.999843254 -0.016506084 0.004234594 0.004804699
61.339173316 0.999843087 -0.016517856 0.004244052 0.004790552
61.359401517 0.999843207 -0.016512783 0.004246034 0.004781251
61.379761289 0.999843186 -0.016507634 0.004255263 0.004795235
61.399756791 0.999843289 -0.016503508 0.004264459 0.004779813
61.419910236 0.999843341 -0.016503202 0.004258789 0.004775026
61.440029092 0.999843282 -0.016497254 0.004273839 0.004794446
61.460244140 0.999843319 -0.016486150 0.004275437 0.004823445
61.480443791 0.999843649 -0.016474285 0.004271890 0.004798651
61.500601661 0.999843503 -0.016482535 0.004257318 0.004813653
61.520899733 0.999843344 -0.016496028 0.004245878 0.004810488
61.540968095 0.999843275 -0.016497211 0.004253309 0.004814301
61.561112185 0.999843590 -0.016485846 0.004250906 0.004789868
61.581312521 0.999843482 -0.016494606 0.004240408 0.004791452
61.601448432 0.999843181 -0.016515488 0.004234051 0.004788072
61.621768229 0.999843000 -0.016528914 0.004236209 0.004777568
61.641943739 0.999843088 -0.016522908 0.004244707 0.004772446
61.661981704 0.999843167 -0.016519082 0.004243322 0.004770353
61.682180210 0.999843208 -0.016515494 0.004239329 0.004777686
61.702341648 0.999843296 -0.016508444 0.004238321 0.004784589
61.722555447 0.999843540 -0.016491479 0.004237901 0.004792417
61.742731574 0.999843038 -0.016527417 0.004229720 0.004780502
61.762954440 0.999843040 -0.016532438 0.004223296 0.004768391
61.783379285 0.999843006 -0.016532068 0.004223901 0.004776295
61.803375944 0.999842868 -0.016531368 0.004233071 0.004799508
61.823678310 0.999843108 -0.016517201 0.004224937 0.004805314
61.843745671 0.999843098 -0.016518386 0.004222139 0.004805713
61.863853780 0.999843145 -0.016517040 0.004216040 0.004806073
61.883947322 0.999843288 -0.016504257 0.004220053 0.004816581
61.904147614 0.999842747 -0.016538825 0.004216420 0.004813571
61.924332682 0.999842362 -0.016565330 0.004218534 0.004800608
61.944548536 0.999842052 -0.016581948 0.004223246 0.004803657
61.964940283 0.999841528 -0.016608990 0.004222535 0.004819855
61.985045298 0.999841626 -0.016608780 0.004214737 0.004807029
62.005219381 0.999841821 -0.016598860 0.004222384 0.004793933
62.025379225 0.999841408 -0.016616374 0.004232417 0.004810575
62.045368823 0.999841439 -0.016614070 0.004232443 0.004812068
62.065507756 0.999841244 -0.016625073 0.004234243 0.004813043
62.085785236 0.999841090 -0.016625897 0.004240219 0.004836874
62.105906793 0.999841470 -0.016601719 0.004249215 0.004833504
62.126088804 0.999841165 -0.016624134 0.004250571 0.004818235
62.146570014 0.999841420 -0.016605448 0.004245053 0.004834563
62.166465280 0.999841399 -0.016607865 0.004253329 0.004823357
62.186629365 0.999841347 -0.016612238 0.004249791 0.004822113
62.207029305 0.999841570 -0.016599935 0.004236101 0.004830325
62.226984559 0.999841417 -0.016607989 0.004241329 0.004829686
62.247138324 0.999841647 -0.016594837 0.004245083 0.004823990
62.267320024 0.999841362 -0.016618238 0.004227334 0.004818235
62.287529703 0.999840976 -0.016637884 0.004243492 0.004816236
62.307810212 0.999840708 -0.016649496 0.004261067 0.004816216
62.327984294 0.999840608 -0.016656986 0.004281529 0.004792818
62.348215143 0.999840481 -0.016652697 0.004288497 0.004827892
62.368453169 0.999840350 -0.016658351 0.004293172 0.004831368
62.388403323 0.999840030 -0.016686042 0.004274757 0.004818297
62.408571458 0.999840050 -0.016681844 0.004287476 0.004817493
62.428857214 0.999840005 -0.016687290 0.004292696 0.004803298
62.448872680 0.999840083 -0.016683931 0.004301643 0.004790704
62.469077829 0.999840287 -0.016675084 0.004308404 0.004772730
62.489281746 0.999840548 -0.016651182 0.004317400 0.004793418
62.509777510 0.999840077 -0.016672529 0.004328560 0.004807267
62.529833181 0.999839997 -0.016677949 0.004325374 0.004808111
62.550012268 0.999840030 -0.016679249 0.004323248 0.004798697
62.570060861 0.999839516 -0.016701412 0.004331460 0.004821151
62.590149810 0.999839547 -0.016699162 0.004335958 0.004818472
62.610479615 0.999839085 -0.016723674 0.004346534 0.004819860
62.630844033 0.999839162 -0.016723298 0.004340413 0.004810565
62.650718980 0.999839278 -0.016720223 0.004337467 0.004799954
62.670925435 0.999839477 -0.016712665 0.004340589 0.004781977
62.691025866 0.999839490 -0.016714636 0.004323284 0.004788030
62.711315799 0.999839868 -0.016687552 0.004313834 0.004811955
62.731918130 0.999839506 -0.016711146 0.004306857 0.004811521
62.751692434 0.999839361 -0.016711757 0.004323936 0.004824220
62.771809626 0.999839103 -0.016724807 0.004310918 0.004844046
62.791943147 0.999839192 -0.016722662 0.004308921 0.004834792
62.812105526 0.999839164 -0.016726154 0.004313037 0.004824820
62.832360694 0.999839326 -0.016718138 0.004295246 0.004835057
62.852457066 0.999839276 -0.016712487 0.004305469 0.004855691
62.872641204 0.999839254 -0.016724570 0.004296029 0.004826927
62.892836992 0.999839534 -0.016711300 0.004292864 0.004817621
62.912964546 0.999839519 -0.016710291 0.004297264 0.004820284
62.933168546 0.999839577 -0.016704718 0.004297819 0.004827236
62.953347987 0.999839851 -0.016685805 0.004290375 0.004842508
62.973557408 0.999839837 -0.016687887 0.004279968 0.004847276
62.993751523 0.999840016 -0.016688772 0.004280881 0.004806405
63.014137906 0.999839955 -0.016694523 0.004274152 0.004805076
63.034065502 0.999839883 -0.016706570 0.004271319 0.004780672
63.054405919 0.999839904 -0.016704739 0.004257593 0.004794967
63.074643023 0.999839799 -0.016708990 0.004259224 0.004800435
63.094748842 0.999839637 -0.016716963 0.004265150 0.004801150
63.114858659 0.999839436 -0.016723771 0.004299514 0.004788776
63.134895985 0.999839526 -0.016720837 0.004307911 0.004772659
63.155132202 0.999839527 -0.016716198 0.004321558 0.004776366
63.175392271 0.999839495 -0.016721465 0.004324381 0.004761964
63.195518603 0.999839415 -0.016717615 0.004320533 0.004795685
63.215746226 0.999839603 -0.016702648 0.004318860 0.004810186
63.236099701 0.999839668 -0.016716220 0.004313558 0.004753935
63.255989126 0.999839456 -0.016734579 0.004306946 0.004739829
63.276352047 0.999839501 -0.016733896 0.004300107 0.004739022
63.296383462 0.999839421 -0.016738562 0.004295319 0.004743689
63.316531516 0.999839632 -0.016720035 0.004304578 0.004756179
63.336744457 0.999839623 -0.016721041 0.004311863 0.004747888
63.356864292 0.999839540 -0.016731322 0.004310458 0.004730422
63.377065875 0.999839497 -0.016735426 0.004317557 0.004718575
63.397266585 0.999839065 -0.016760676 0.004300561 0.004735845
63.417438866 0.999839039 -0.016763253 0.004305097 0.004728078
63.437782189 0.999839057 -0.016759986 0.004294607 0.004745554
63.457921550 0.999838907 -0.016768419 0.004305176 0.004737702
63.478324488 0.999838919 -0.016759378 0.004307797 0.004764657
63.498271340 0.999839295 -0.016746319 0.004297912 0.004740516
63.518345582 0.999839225 -0.016755956 0.004296241 0.004722754
63.538474079 0.999839147 -0.016759887 0.004293875 0.004727480
63.558815774 0.999839016 -0.016761657 0.004294101 0.004748683
63.578809120 0.999838941 -0.016763109 0.004286690 0.004766020
63.599022511 0.999839097 -0.016757450 0.004279502 0.004759645
63.619237534 0.999839003 -0.016769691 0.004261945 0.004752070
63.639320438 0.999838786 -0.016782056 0.004263856 0.004752277
63.659574864 0.999838341 -0.016809205 0.004258174 0.004755033
63.680037923 0.999838647 -0.016790171 0.004265478 0.004751434
63.699888614 0.999838362 -0.016807340 0.004277528 0.004739891
63.720241153 0.999838051 -0.016826176 0.004266758 0.004748213
63.740311358 0.999837860 -0.016837159 0.004251033 0.004763756
63.760461359 0.999838218 -0.016817418 0.004246989 0.004761966
63.780669411 0.999838151 -0.016818670 0.004240441 0.004777242
63.800964344 0.999837950 -0.016823401 0.004254018 0.004790609
63.820993507 0.999837996 -0.016817575 0.004259637 0.004796507
63.841183826 0.999837983 -0.016822555 0.004262883 0.004778822
63.861433053 0.999838050 -0.016808207 0.004283142 0.004797138
63.881508643 0.999838097 -0.016806864 0.004289537 0.004786380
63.901688874 0.999838220 -0.016805586 0.004292727 0.004762205
63.921834129 0.999838379 -0.016797099 0.004295728 0.004756159
63.942332915 0.999838106 -0.016807753 0.004306128 0.004766288
63.962327609 0.999838206 -0.016796017 0.004312556 0.004780869
63.982534331 0.999838404 -0.016783411 0.004304391 0.004791170
64.002698038 0.999838773 -0.016765556 0.004305968 0.004775299
64.022747763 0.999838736 -0.016768891 0.004315579 0.004762618
64.042971788 0.999838514 -0.016788127 0.004317051 0.004740118
64.063426421 0.999838605 -0.016776183 0.004305966 0.004773061
64.083314956 0.999838649 -0.016771326 0.004309648 0.004777687
64.103554444 0.999838537 -0.016789753 0.004300291 0.004744601
64.123728986 0.999838439 -0.016796437 0.004299361 0.004742399
64.143973224 0.999838594 -0.016788183 0.004293045 0.004744652
64.164328922 0.999838425 -0.016805224 0.004291835 0.004721156
64.184197771 0.999838700 -0.016781017 0.004296271 0.004744891
64.204360973 0.999838492 -0.016791368 0.004304084 0.004744975
64.224668144 0.999838714 -0.016781422 0.004302195 0.004735148
64.244773251 0.999838222 -0.016809450 0.004303388 0.004738517
64.264857846 0.999838491 -0.016795686 0.004304324 0.004729724
64.285531163 0.999838551 -0.016792379 0.004310511 0.004723132
64.305311199 0.999838489 -0.016802293 0.004311744 0.004699775
64.325529494 0.999838547 -0.016795253 0.004317773 0.004707040
64.345608461 0.999838614 -0.016792839 0.004321483 0.004697959
64.365734570 0.999838790 -0.016782445 0.004324483 0.004695023
64.385919243 0.999839324 -0.016748377 0.004329711 0.004698021
64.406182232 0.999839091 -0.016750127 0.004331313 0.004739674
64.426588010 0.999838998 -0.016754960 0.004318565 0.004753869
64.446736645 0.999838859 -0.016773616 0.004311061 0.004724084
64.466665875 0.999839082 -0.016768631 0.004312833 0.004692796
64.486799495 0.999839054 -0.016761824 0.004324966 0.004711906
64.507006388 0.999839237 -0.016746036 0.004335424 0.004719646
64.527349688 0.999839561 -0.016728818 0.004322840 0.004723625
64.547380833 0.999839515 -0.016731785 0.004324711 0.004721068
64.567567744 0.999839781 -0.016713420 0.004327783 0.004726902
64.587744233 0.999840078 -0.016695832 0.004337997 0.004716882
64.607892980 0.999840052 -0.016693028 0.004328416 0.004741167
64.628275200 0.999839939 -0.016697882 0.004330598 0.004745871
64.648283042 0.999840009 -0.016695482 0.004320161 0.004749096
64.668502891 0.999840094 -0.016696640 0.004304040 0.004741765
64.688886541 0.999839889 -0.016709292 0.004302824 0.004741440
64.709161989 0.999839758 -0.016707542 0.004311386 0.004767393
64.729132826 0.999839990 -0.016693304 0.004314857 0.004765532
64.749159613 0.999839890 -0.016695447 0.004318301 0.004775813
64.769347164 0.999839496 -0.016719639 0.004330537 0.004762521
64.789535511 0.999839490 -0.016719609 0.004324430 0.004769543
64.809683968 0.999839396 -0.016733713 0.004306161 0.004756361
64.830005576 0.999839577 -0.016724602 0.004288530 0.004766112
64.849994010 0.999839159 -0.016743630 0.004290136 0.004785580
64.870248034 0.999839749 -0.016717963 0.004291007 0.004751198
64.890475447 0.999839573 -0.016724860 0.004285249 0.004769052
64.910668815 0.999839423 -0.016731615 0.004298402 0.004764945
64.931029378 0.999839635 -0.016732585 0.004299618 0.004715738
64.950953920 0.999839609 -0.016731343 0.004314701 0.004711870
64.971060302 0.999839358 -0.016735426 0.004319710 0.004746013
64.991330661 0.999839405 -0.016735012 0.004328993 0.004729049
65.011749230 0.999839224 -0.016745725 0.004328501 0.004729803
65.032241779 0.999839701 -0.016709171 0.004331628 0.004755375
65.051743999 0.999839750 -0.016706345 0.004338937 0.004748248
65.071930611 0.999839843 -0.016710616 0.004341802 0.004710903
65.092143506 0.999839449 -0.016727590 0.004333663 0.004741634
65.112653114 0.999839543 -0.016718468 0.004334017 0.004753758
65.132831821 0.999839538 -0.016737758 0.004320718 0.004698585
65.152762534 0.999839594 -0.016735397 0.004306354 0.004708324
65.172934362 0.999839443 -0.016742609 0.004313401 0.004708245
65.193462770 0.999839769 -0.016716051 0.004325986 0.004721792
65.213433272 0.999839731 -0.016711537 0.004319145 0.004752107
65.233389603 0.999839483 -0.016725477 0.004320927 0.004753483
65.253586083 0.999839465 -0.016729057 0.004319461 0.004746041
65.273698410 0.999839496 -0.016729327 0.004314455 0.004743117
65.293930772 0.999839519 -0.016723713 0.004313271 0.004759180
65.314299116 0.999839873 -0.016706923 0.004305365 0.004750951
65.334293749 0.999839696 -0.016722330 0.004307386 0.004732020
65.354529437 0.999839492 -0.016737586 0.004300622 0.004727375
65.374663900 0.999839557 -0.016731099 0.004307669 0.004730266
65.394809422 0.999839779 -0.016725508 0.004306176 0.004704279
65.415149078 0.999839948 -0.016718060 0.004295155 0.004704920
65.435187926 0.999839867 -0.016721112 0.004297241 0.004709508
65.455369302 0.999840125 -0.016703707 0.004305304 0.004709028
65.475588425 0.999840364 -0.016691101 0.004315604 0.004693611
65.495694482 0.999840514 -0.016675678 0.004326442 0.004706310
65.515834614 0.999840418 -0.016684994 0.004333120 0.004687665
65.536094283 0.999840647 -0.016669624 0.004342155 0.004684973
65.556358848 0.999840924 -0.016659149 0.004332511 0.004672124
65.576449727 0.999840939 -0.016656136 0.004350813 0.004662722
65.596606263 0.999841124 -0.016647811 0.004352605 0.004650949
65.616836061 0.999841026 -0.016646829 0.004352495 0.004675720
65.637040343 0.999840685 -0.016657872 0.004354745 0.004707089
65.657236555 0.999840717 -0.016656962 0.004358831 0.004699705
65.677394762 0.999840614 -0.016661588 0.004350558 0.004712815
65.697565066 0.999840637 -0.016652664 0.004357651 0.004732843
65.718083425 0.999840667 -0.016651252 0.004345978 0.004742314
65.737948152 0.999840859 -0.016643046 0.004330196 0.004744959
65.758230585 0.999840750 -0.016650735 0.004343403 0.004728844
65.778309648 0.999841048 -0.016630576 0.004341748 0.004738298
65.798395421 0.999840927 -0.016635332 0.004354888 0.004735163
65.818559426 0.999840589 -0.016663628 0.004345969 0.004715072
65.838693113 0.999840905 -0.016644847 0.004334504 0.004725080
65.858900755 0.999840825 -0.016651258 0.004323256 0.004729754
65.879222650 0.999840840 -0.016646287 0.004322716 0.004744442
65.899790016 0.999840765 -0.016654995 0.004311590 0.004739848
65.919679614 0.999840599 -0.016658123 0.004326561 0.004750206
65.939656886 0.999840967 -0.016632543 0.004345868 0.004744707
65.959771753 0.999841191 -0.016616225 0.004344202 0.004756197
65.979937206 0.999841196 -0.016617287 0.004341403 0.004754054
66.000218979 0.999841101 -0.016624069 0.004337090 0.004754193
66.020399703 0.999841199 -0.016618071 0.004336809 0.004754778
66.040493300 0.999841056 -0.016625303 0.004329692 0.004766023
66.060681936 0.999841251 -0.016615731 0.004318157 0.004768947
66.080856362 0.999841479 -0.016606252 0.004327005 0.004746267
66.101206046 0.999841474 -0.016617744 0.004324871 0.004708788
66.121212928 0.999841701 -0.016607274 0.004316975 0.004704696
66.141551012 0.999841630 -0.016602790 0.004332251 0.004721724
66.161515624 0.999841861 -0.016592575 0.004327751 0.004712809
66.181703093 0.999841485 -0.016613328 0.004334093 0.004713619
66.201890583 0.999841202 -0.016630659 0.004325887 0.004719958
66.222068822 0.999841254 -0.016634513 0.004315857 0.004704605
66.242297094 0.999841613 -0.016613969 0.004309903 0.004706264
66.262459996 0.999841749 -0.016600357 0.004314865 0.004720958
66.282701847 0.999841602 -0.016613365 0.004315876 0.004705278
66.302850196 0.999841491 -0.016618015 0.004317493 0.004711078
66.322996902 0.999841282 -0.016626846 0.004330645 0.004712187
66.343146861 0.999841388 -0.016624468 0.004333054 0.004695730
66.363526376 0.999841108 -0.016628806 0.004327922 0.004744482
66.383576851 0.999840914 -0.016635990 0.004327705 0.004760439
66.403742246 0.999840811 -0.016640156 0.004319557 0.004774828
66.424163489 0.999840805 -0.016644662 0.004319014 0.004760899
66.444179320 0.999840680 -0.016650860 0.004310471 0.004773191
66.464291550 0.999840447 -0.016662929 0.004313486 0.004777172
66.484408255 0.999840542 -0.016658791 0.004312610 0.004772484
66.504536308 0.999840491 -0.016659309 0.004311820 0.004781986
66.524832179 0.999840575 -0.016655019 0.004307818 0.004783051
66.544960575 0.999840427 -0.016668480 0.004301495 0.004772862
66.565179993 0.999840299 -0.016677384 0.004308473 0.004762282
66.585377952 0.999840101 -0.016687791 0.004325259 0.004752006
66.605487098 0.999840195 -0.016681532 0.004307861 0.004770099
66.625735382 0.999839935 -0.016694129 0.004318598 0.004770783
66.646033768 0.999840200 -0.016675517 0.004334995 0.004765461
66.665986047 0.999840572 -0.016652045 0.004334751 0.004769621
66.686210038 0.999840537 -0.016650602 0.004343997 0.004773562
66.706449977 0.999840299 -0.016666793 0.004340590 0.004770144
66.726688555 0.999840534 -0.016648979 0.004334333 0.004788642
66.746890336 0.999840313 -0.016663197 0.004340577 0.004779666
66.766857532 0.999840648 -0.016647911 0.004333498 0.004769414
66.787025752 0.999840770 -0.016639789 0.004341883 0.004764499
66.807345901 0.999840978 -0.016629746 0.004331360 0.004765405
66.827421881 0.999840487 -0.016659443 0.004325528 0.004770122
66.847583984 0.999840432 -0.016658209 0.004324168 0.004787086
66.867776399 0.999840383 -0.016661454 0.004329771 0.004780972
66.887928108 0.999840346 -0.016670353 0.004335200 0.004752658
66.908125161 0.999840165 -0.016679697 0.004332611 0.004760368
66.928367946 0.999840172 -0.016678412 0.004335979 0.004760339
66.948720428 0.999840051 -0.016690082 0.004339254 0.004741856
66.968759394 0.999839896 -0.016701101 0.004324386 0.004749259
66.988869633 0.999839875 -0.016705077 0.004325362 0.004738729
67.009151446 0.999839416 -0.016728216 0.004340628 0.004739949
67.029334454 0.999839562 -0.016721056 0.004342966 0.004732338
67.049415259 0.999839441 -0.016724725 0.004337705 0.004749747
67.069541937 0.999839579 -0.016711218 0.004347232 0.004759558
67.089804214 0.999839817 -0.016694946 0.004351397 0.004762825
67.109964624 0.999839895 -0.016691490 0.004353160 0.004757017
67.130315876 0.999839761 -0.016701693 0.004357538 0.004745315
67.150275999 0.999839624 -0.016710843 0.004357665 0.004741840
67.170562584 0.999839496 -0.016722817 0.004345627 0.004737582
67.190636952 0.999839191 -0.016735294 0.004344174 0.004759317
67.210726855 0.999839182 -0.016735388 0.004342953 0.004761977
67.231152949 0.999839378 -0.016725694 0.004336257 0.004760803
67.251079434 0.999839394 -0.016730646 0.004334938 0.004741273
67.271295632 0.999839555 -0.016715447 0.004330934 0.004764551
67.291483184 0.999839812 -0.016690121 0.004347135 0.004784668
67.311861062 0.999839681 -0.016694472 0.004348638 0.004795427
67.332176319 0.999839943 -0.016681374 0.004342597 0.004791777
67.352214080 0.999839751 -0.016688709 0.004338929 0.004809684
67.372238241 0.999839879 -0.016690191 0.004322395 0.004792686
67.392351228 0.999839729 -0.016698229 0.004345510 0.004775093
67.412523466 0.999839814 -0.016696061 0.004350351 0.004760425
67.433106010 0.999840131 -0.016682411 0.004349634 0.004742385
67.452905430 0.999839613 -0.016711695 0.004348115 0.004749789
67.473212740 0.999839760 -0.016704433 0.004360344 0.004733161
67.493388445 0.999839878 -0.016699699 0.004362537 0.004723032
67.513915586 0.999840146 -0.016684730 0.004366667 0.004715244
67.533647183 0.999840189 -0.016684344 0.004357948 0.004715746
67.553758576 0.999840139 -0.016685413 0.004361257 0.004719385
67.573929266 0.999840063 -0.016683732 0.004359373 0.004743132
67.594233304 0.999840013 -0.016701048 0.004346041 0.004704847
67.614480667 0.999839766 -0.016713895 0.004344005 0.004713523
67.634598173 0.999839867 -0.016710224 0.004342280 0.004706661
67.654688475 0.999839676 -0.016729134 0.004343595 0.004678779
67.674943765 0.999839837 -0.016720454 0.004334428 0.004683973
67.695156010 0.999839881 -0.016715763 0.004319561 0.004705022
67.715400881 0.999839926 -0.016712860 0.004321194 0.004704219
67.735375893 0.999839716 -0.016724166 0.004312768 0.004716374
67.755593152 0.999839613 -0.016725352 0.004319329 0.004727992
67.775783294 0.999839959 -0.016718430 0.004322822 0.004675943
67.795993047 0.999840276 -0.016702632 0.004316027 0.004670851
67.816448216 0.999839866 -0.016721016 0.004301019 0.004706579
67.836349335 0.999839679 -0.016733271 0.004302311 0.004701394
67.856562743 0.999839778 -0.016730372 0.004297707 0.004694985
67.876682749 0.999839540 -0.016742363 0.004312364 0.004689508
67.896904546 0.999839569 -0.016741587 0.004325564 0.004673920
67.916978326 0.999839659 -0.016737989 0.004334080 0.004659588
67.937190286 0.999839732 -0.016732792 0.004332006 0.004664559
67.957436896 0.999839506 -0.016744851 0.004319113 0.004681532
67.977612903 0.999839947 -0.016718997 0.004316811 0.004682049
67.997866165 0.999840076 -0.016711627 0.004328244 0.004670187
68.017876688 0.999840083 -0.016711902 0.004337307 0.004659242
68.038038958 0.999840226 -0.016703217 0.004340892 0.004656455
68.058322002 0.999840676 -0.016674606 0.004343396 0.004659844
68.078572843 0.999840451 -0.016682158 0.004351003 0.004674024
68.098680789 0.999840298 -0.016691973 0.004355930 0.004667188
68.119093129 0.999840336 -0.016693418 0.004354512 0.004655255
68.138892490 0.999840300 -0.016698193 0.004352653 0.004647427
68.159155263 0.999840264 -0.016697585 0.004370965 0.004640140
68.179542380 0.999840235 -0.016699861 0.004363052 0.004645632
68.199481042 0.999839954 -0.016712925 0.004361358 0.004660699
68.219752736 0.999839605 -0.016732114 0.004362114 0.004666191
68.239818965 0.999839343 -0.016746998 0.004372546 0.004659103
68.260026362 0.999839517 -0.016736874 0.004373515 0.004657190
68.280371286 0.999839669 -0.016734871 0.004380898 0.004624732
68.300882783 0.999839658 -0.016738001 0.004361244 0.004634379
68.320552317 0.999839813 -0.016730471 0.004353261 0.004635518
68.340696735 0.999839296 -0.016757258 0.004349311 0.004653965
68.360888804 0.999839115 -0.016767855 0.004351656 0.004652638
68.381112929 0.999839146 -0.016765252 0.004353202 0.004653889
68.401247176 0.999839321 -0.016765580 0.004355303 0.004612862
68.421530399 0.999839549 -0.016761314 0.004353612 0.004580470
68.441683432 0.999839400 -0.016769431 0.004342007 0.004594298
68.461790902 0.999838709 -0.016806244 0.004358009 0.004594987
68.482008586 0.999838302 -0.016828588 0.004365526 0.004594708
68.502246798 0.999838645 -0.016811039 0.004364149 0.004585436
68.522295080 0.999838762 -0.016804428 0.004364764 0.004583712
68.542514450 0.999838545 -0.016812537 0.004377444 0.004589096
68.562896828 0.999838337 -0.016826513 0.004381395 0.004579577
68.582821155 0.999838144 -0.016839531 0.004403282 0.004552609
68.603031427 0.999838307 -0.016829633 0.004405370 0.004551426
68.623389486 0.999838527 -0.016820213 0.004410021 0.004533534
68.643446598 0.999838577 -0.016815139 0.004405374 0.004545732
68.663615670 0.999838438 -0.016812288 0.004418316 0.004574173
68.683823608 0.999838296 -0.016821520 0.004409694 0.004579722
68.703915536 0.999838281 -0.016820874 0.004408940 0.004586061
68.724092798 0.999838585 -0.016802412 0.004400798 0.004595151
68.744283273 0.999838151 -0.016829235 0.004412636 0.004580137
68.764426645 0.999838288 -0.016823710 0.004405697 0.004577192
68.784579327 0.999838301 -0.016817946 0.004396632 0.004604078
68.804800745 0.999838180 -0.016830414 0.004390928 0.004590185
68.825021472 0.999837910 -0.016844118 0.004391517 0.004598257
68.845223117 0.999837701 -0.016858772 0.004392296 0.004589241
68.865409386 0.999837617 -0.016869820 0.004395455 0.004563880
68.885486266 0.999837608 -0.016869432 0.004401482 0.004561477
68.905630627 0.999837656 -0.016865958 0.004403733 0.004561590
68.925848547 0.999837760 -0.016870284 0.004406822 0.004519588
68.946142179 0.999838289 -0.016839238 0.004401135 0.004523956
68.966222709 0.999838121 -0.016842250 0.004399015 0.004551755
68.986489339 0.999838572 -0.016821045 0.004391710 0.004538101
69.006675782 0.999838452 -0.016827385 0.004401819 0.004531257
69.026755214 0.999838565 -0.016822384 0.004393515 0.004533103
69.047248675 0.999838000 -0.016856134 0.004406155 0.004520064
69.067207945 0.999838221 -0.016836609 0.004427569 0.004522841
69.087323797 0.999838664 -0.016811193 0.004441087 0.004506172
69.107506447 0.999838573 -0.016815565 0.004443175 0.004508013
69.127740336 0.999838473 -0.016816973 0.004450592 0.004517711
69.147827518 0.999838194 -0.016827534 0.004475999 0.004515017
69.167980014 0.999838519 -0.016812200 0.004466032 0.004509995
69.188175407 0.999838504 -0.016799957 0.004483098 0.004541835
69.208599713 0.999838367 -0.016810882 0.004472677 0.004541916
69.228781255 0.999838070 -0.016821420 0.004473283 0.004567716
69.249011693 0.999837806 -0.016828458 0.004485323 0.004587676
69.269042919 0.999837495 -0.016849573 0.004484063 0.004579048
69.289192544 0.999838015 -0.016827273 0.004455514 0.004575573
69.309336694 0.999838037 -0.016824664 0.004462636 0.004573272
69.329574225 0.999837973 -0.016825398 0.004454225 0.004592829
69.349632559 0.999837750 -0.016840793 0.004442627 0.004596191
69.369752759 0.999838223 -0.016812851 0.004430953 0.004606848
69.389935283 0.999838176 -0.016826687 0.004419175 0.004577727
69.410192278 0.999838227 -0.016824529 0.004426710 0.004567232
69.430762678 0.999838256 -0.016824246 0.004415600 0.004572653
69.450606857 0.999838005 -0.016837137 0.004410362 0.004585098
69.470722868 0.999838015 -0.016829048 0.004415350 0.004607819
69.490818615 0.999837915 -0.016836453 0.004418816 0.004599023
69.510936556 0.999837622 -0.016852650 0.004419836 0.004602439
69.531588029 0.999838035 -0.016831656 0.004406576 0.004602203
69.551337008 0.999838193 -0.016824956 0.004391197 0.004607085
69.571635376 0.999838255 -0.016820412 0.004387684 0.004613642
69.591708611 0.999838710 -0.016793619 0.004392910 0.004607605
69.612153025 0.999838993 -0.016769429 0.004402085 0.004625510
69.632293818 0.999839048 -0.016767367 0.004405163 0.004618218
69.652286383 0.999838751 -0.016780937 0.004424690 0.004614585
69.672453692 0.999838724 -0.016787013 0.004409427 0.004612868
69.692568829 0.999838713 -0.016791144 0.004412035 0.004597694
69.712953225 0.999838107 -0.016820808 0.004407117 0.004625721
69.732906171 0.999838045 -0.016823484 0.004391075 0.004644538
69.753123230 0.999838516 -0.016792365 0.004392344 0.004654688
69.773291625 0.999838473 -0.016797754 0.004381034 0.004655086
69.793586776 0.999838297 -0.016809293 0.004380360 0.004651845
69.813887831 0.999838375 -0.016797330 0.004395895 0.004663561
69.833910620 0.999838565 -0.016789529 0.004392690 0.004653987
69.854004753 0.999838362 -0.016795770 0.004408712 0.004659969
69.874217018 0.999838320 -0.016797734 0.004411226 0.004659459
69.894380464 0.999838442 -0.016785711 0.004430155 0.004658775
69.914654625 0.999838056 -0.016807535 0.004432630 0.004660488
69.934676608 0.999837834 -0.016822282 0.004430712 0.004656713
69.954872338 0.999837835 -0.016829362 0.004416218 0.004644716
69.975041731 0.999837900 -0.016821929 0.004408357 0.004665023
69.995284428 0.999837497 -0.016841803 0.004397632 0.004689791
70.015598562 0.999837362 -0.016856742 0.004407747 0.004655369
70.035694703 0.999837021 -0.016875239 0.004402329 0.004666510
70.055901419 0.999837368 -0.016855206 0.004407219 0.004660046
70.076036762 0.999837455 -0.016843867 0.004416984 0.004673039
70.096420388 0.999837927 -0.016824869 0.004415465 0.004641806
70.116349799 0.999838216 -0.016798460 0.004412088 0.004678309
70.136557920 0.999838149 -0.016803764 0.004405763 0.004679678
70.156731851 0.999838233 -0.016804552 0.004399302 0.004664772
70.176823579 0.999838581 -0.016789690 0.004391002 0.004651581
70.197233849 0.999838444 -0.016795425 0.004400142 0.004651640
70.217571253 0.999838430 -0.016789118 0.004404465 0.004673340
70.237332678 0.999838599 -0.016776558 0.004402852 0.004683841
70.257786505 0.999838842 -0.016754054 0.004413530 0.004702383
70.277811231 0.999839221 -0.016739399 0.004416310 0.004671259
70.297859270 0.999839140 -0.016741015 0.004419588 0.004679619
70.318129628 0.999839124 -0.016739152 0.004444878 0.004665911
70.338309894 0.999839211 -0.016730062 0.004445828 0.004678889
70.358531555 0.999839089 -0.016736150 0.004457726 0.004671792
70.378666722 0.999838811 -0.016758669 0.004463648 0.004644956
70.399145045 0.999839432 -0.016727314 0.004462550 0.004625290
70.419081988 0.999839442 -0.016721666 0.004462634 0.004643475
70.439449227 0.999839488 -0.016709478 0.004460284 0.004679530
70.459423891 0.999839623 -0.016709629 0.004462652 0.004647811
70.479586322 0.999839582 -0.016711927 0.004461253 0.004649599
70.499703341 0.999839683 -0.016704024 0.004452836 0.004664408
70.520059969 0.999839865 -0.016692071 0.004442560 0.004677804
70.540089121 0.999839321 -0.016711338 0.004442415 0.004725225
70.560249157 0.999839028 -0.016727526 0.004449232 0.004723576
70.580510320 0.999839097 -0.016729113 0.004449185 0.004703384
70.600552507 0.999839195 -0.016723289 0.004452497 0.004700132
70.620707616 0.999839463 -0.016704331 0.004453679 0.004709446
70.641038907 0.999839207 -0.016717816 0.004449423 0.004719997
70.661127065 0.999839030 -0.016731196 0.004441416 0.004717421
70.681329524 0.999838956 -0.016735454 0.004437474 0.004721910
70.701461533 0.999838846 -0.016739966 0.004446729 0.004720322
70.721958692 0.999839071 -0.016732703 0.004452696 0.004692879
70.742041367 0.999838954 -0.016735568 0.004445289 0.004714378
70.762117878 0.999839023 -0.016731991 0.004445251 0.004712624
70.782236196 0.999838996 -0.016736622 0.004459455 0.004688360
70.802388201 0.999838964 -0.016733653 0.004468680 0.004697032
70.822590885 0.999838897 -0.016727956 0.004457447 0.004742029
70.842838717 0.999839215 -0.016717202 0.004455604 0.004714596
70.863160040 0.999839405 -0.016704531 0.004451782 0.004722715
70.883069590 0.999839517 -0.016691352 0.004447243 0.004749918
70.903606392 0.999839793 -0.016681454 0.004458459 0.004715910
70.923870040 0.999839773 -0.016677643 0.004454319 0.004737516
70.943866824 0.999839435 -0.016689576 0.004465335 0.004756389
70.963904721 0.999839841 -0.016668703 0.004459042 0.004750063
70.983899440 0.999839792 -0.016672679 0.004449855 0.004755082
71.004141154 0.999840008 -0.016668524 0.004428111 0.004744521
71.024278368 0.999839885 -0.016669777 0.004435252 0.004759418
71.044441762 0.999839945 -0.016667013 0.004436054 0.004755678
71.064641104 0.999839977 -0.016665086 0.004438577 0.004753320
71.084800025 0.999840063 -0.016649937 0.004455428 0.004772616
71.105153225 0.999840051 -0.016649140 0.004457457 0.004775876
71.125214844 0.999840220 -0.016643157 0.004444946 0.004773059
71.165532765 0.999840144 -0.016643804 0.004431850 0.004798879
71.185722510 0.999840264 -0.016630376 0.004431183 0.004820964
71.205974811 0.999840389 -0.016625070 0.004426998 0.004817085
71.226078981 0.999840515 -0.016617150 0.004410776 0.004833266
71.246496036 0.999840362 -0.016626411 0.004415324 0.004828831
71.266666013 0.999840275 -0.016631039 0.004408406 0.004837219
71.286724726 0.999840116 -0.016637198 0.004419722 0.004838590
71.306905108 0.999840143 -0.016637333 0.004418476 0.004833777
71.326981655 0.999840032 -0.016645726 0.004426013 0.004820770
71.347158556 0.999839922 -0.016646637 0.004436530 0.004830929
71.367317804 0.999840017 -0.016643983 0.004433256 0.004823313
71.387452597 0.999840206 -0.016628921 0.004434170 0.004835313
71.407706098 0.999839804 -0.016651382 0.004433073 0.004842011
71.427848057 0.999839902 -0.016654477 0.004426168 0.004817505
71.448495517 0.999839825 -0.016661380 0.004420724 0.004814516
71.468548502 0.999839795 -0.016661963 0.004409067 0.004829444
71.488347798 0.999839657 -0.016667480 0.004416369 0.004832227
71.508660715 0.999839985 -0.016651859 0.004426684 0.004808878
71.528966753 0.999839998 -0.016661104 0.004410211 0.004789143
71.548869901 0.999840220 -0.016651143 0.004399438 0.004787310
71.569240896 0.999840430 -0.016640407 0.004402551 0.004777883
71.589281099 0.999840586 -0.016632651 0.004392336 0.004781761
71.609581660 0.999840355 -0.016638520 0.004397290 0.004805097
71.629880496 0.999840287 -0.016641384 0.004394431 0.004811738
71.649773924 0.999840303 -0.016642786 0.004387994 0.004809492
71.669940418 0.999840214 -0.016645366 0.004393788 0.004813775
71.690168751 0.999839979 -0.016660421 0.004398976 0.004805894
71.710436305 0.999839808 -0.016674540 0.004399922 0.004791444
71.730675807 0.999839661 -0.016683643 0.004385250 0.004803997
71.750705561 0.999839815 -0.016671964 0.004374795 0.004821856
71.770851235 0.999840244 -0.016647176 0.004382861 0.004811304
71.791113578 0.999839927 -0.016669410 0.004358812 0.004821998
71.811218688 0.999840108 -0.016659873 0.004358773 0.004817522
71.831769439 0.999840265 -0.016652221 0.004347412 0.004821573
71.851575763 0.999840090 -0.016665341 0.004356134 0.004804645
71.871740973 0.999840795 -0.016630689 0.004341583 0.004791099
71.892277616 0.999840736 -0.016633493 0.004348192 0.004787786
71.912531536 0.999840778 -0.016633967 0.004336507 0.004787907
71.932404322 0.999840862 -0.016625870 0.004344122 0.004791643
71.952545899 0.999841207 -0.016602183 0.004351758 0.004794802
71.972581615 0.999841284 -0.016597150 0.004358145 0.004790432
71.992863874 0.999841168 -0.016597792 0.004359412 0.004811179
72.013018257 0.999841768 -0.016572467 0.004350144 0.004782083
72.033198207 0.999841844 -0.016576202 0.004342276 0.004760367
72.053330118 0.999841753 -0.016578167 0.004341874 0.004773048
72.073515361 0.999841522 -0.016592566 0.004345795 0.004767882
72.093769581 0.999841429 -0.016595519 0.004356540 0.004767204
72.113939778 0.999841300 -0.016603708 0.004354058 0.004767994
72.134025457 0.999841460 -0.016597076 0.004336242 0.004773728
72.154278813 0.999841333 -0.016604932 0.004340691 0.004769034
72.174466331 0.999841008 -0.016624135 0.004341814 0.004769121
72.194616016 0.999840926 -0.016633597 0.004345040 0.004750404
72.215069312 0.999841055 -0.016623401 0.004349412 0.004754948
72.234919951 0.999841027 -0.016625610 0.004335337 0.004765925
72.255138860 0.999840707 -0.016644339 0.004349384 0.004755007
72.275599280 0.999840803 -0.016639063 0.004340694 0.004761134
72.295563215 0.999840861 -0.016638792 0.004330252 0.004759432
72.315702024 0.999840755 -0.016636102 0.004342116 0.004780229
72.335843315 0.999840605 -0.016641295 0.004344046 0.004791879
72.355977085 0.999840714 -0.016635649 0.004348207 0.004784789
72.376247117 0.999840763 -0.016636600 0.004345625 0.004773715
72.396568260 0.999840604 -0.016647261 0.004329776 0.004784200
72.416534282 0.999840692 -0.016645743 0.004331889 0.004769117
72.436741648 0.999840570 -0.016650350 0.004330093 0.004780166
72.456905795 0.999840864 -0.016644981 0.004319679 0.004746727
72.477246684 0.999841154 -0.016629544 0.004321509 0.004738120
72.497468170 0.999841184 -0.016621521 0.004330916 0.004751384
72.517559554 0.999841309 -0.016618643 0.004339593 0.004727076
72.537688252 0.999841320 -0.016615708 0.004336796 0.004737670
72.557838959 0.999841375 -0.016606103 0.004336579 0.004759785
72.577909085 0.999841484 -0.016604705 0.004344058 0.004734952
72.598140864 0.999841480 -0.016604305 0.004339550 0.004741305
72.618451517 0.999841372 -0.016601764 0.004335456 0.004776598
72.638520833 0.999841577 -0.016599004 0.004334129 0.004744462
72.658761752 0.999841589 -0.016598499 0.004338849 0.004739327
72.678957666 0.999841305 -0.016617922 0.004350339 0.004720578
72.699062802 0.999841274 -0.016618223 0.004359552 0.004717507
72.719551561 0.999840993 -0.016637240 0.004350270 0.004718786
72.739331876 0.999841203 -0.016619812 0.004358356 0.004728071
72.759557537 0.999841007 -0.016630079 0.004363592 0.004728655
72.780116769 0.999840772 -0.016648452 0.004351538 0.004724826
72.799938968 0.999840633 -0.016655772 0.004351402 0.004728578
72.820166097 0.999840528 -0.016670098 0.004353096 0.004698656
72.840307906 0.999840197 -0.016689525 0.004345986 0.004706704
72.860458698 0.999839896 -0.016703266 0.004344026 0.004723589
72.880671128 0.999840090 -0.016704468 0.004339893 0.004681879
72.900942732 0.999840218 -0.016696598 0.004360537 0.004663425
72.921051604 0.999840398 -0.016686599 0.004364388 0.004656966
72.941175363 0.999840197 -0.016694256 0.004381447 0.004656730
72.961340761 0.999840340 -0.016684159 0.004380075 0.004663548
72.981532102 0.999840378 -0.016680075 0.004385114 0.004665133
73.001723730 0.999840165 -0.016690652 0.004381489 0.004676456
73.021871969 0.999839795 -0.016711837 0.004379294 0.004682051
73.042159151 0.999839633 -0.016720183 0.004378611 0.004687284
73.062339021 0.999839691 -0.016715493 0.004393405 0.004677805
73.082388307 0.999839623 -0.016719968 0.004389402 0.004680124
73.102561583 0.999839466 -0.016732747 0.004383850 0.004673333
73.122807334 0.999839148 -0.016753314 0.004376532 0.004674424
73.142888048 0.999838991 -0.016761458 0.004377584 0.004677840
73.163405821 0.999838682 -0.016782860 0.004381825 0.004663266
73.183583752 0.999838541 -0.016792228 0.004392498 0.004649590
73.203514380 0.999838247 -0.016804002 0.004403904 0.004659504
73.223622706 0.999838241 -0.016800832 0.004405792 0.004670386
73.243826336 0.999838334 -0.016799127 0.004417693 0.004645382
73.263929096 0.999838429 -0.016797255 0.004417906 0.004631382
73.284177463 0.999838456 -0.016788072 0.004414299 0.004662144
73.304314489 0.999838392 -0.016795846 0.004411208 0.004650771
73.324528616 0.999838564 -0.016781188 0.004411760 0.004666305
73.344837587 0.999838558 -0.016779377 0.004416107 0.004669905
73.364898274 0.999838444 -0.016789389 0.004401805 0.004671781
73.385013263 0.999838521 -0.016788103 0.004399776 0.004661986
73.405222056 0.999838837 -0.016768345 0.004391659 0.004672993
73.425436193 0.999838660 -0.016777139 0.004394023 0.004677036
73.445650818 0.999838317 -0.016796286 0.004386001 0.004689162
73.465800317 0.999838181 -0.016802175 0.004392936 0.004690529
73.485939791 0.999837669 -0.016833780 0.004393126 0.004686245
73.506309671 0.999837540 -0.016841277 0.004388586 0.004690935
73.526442735 0.999837628 -0.016838394 0.004387841 0.004683294
73.546593727 0.999837584 -0.016843021 0.004379654 0.004683621
73.566903430 0.999837454 -0.016844337 0.004395023 0.004692358
73.586881361 0.999837314 -0.016849778 0.004396567 0.004701182
73.607107793 0.999837384 -0.016850839 0.004381367 0.004696576
73.627163612 0.999836983 -0.016864318 0.004393561 0.004722215
73.647339851 0.999837148 -0.016856456 0.004400940 0.004708363
73.667843617 0.999836855 -0.016874227 0.004407351 0.004700910
73.687724131 0.999836424 -0.016893122 0.004412475 0.004719977
73.707879372 0.999836462 -0.016889540 0.004410166 0.004726789
73.728065867 0.999836769 -0.016884474 0.004394362 0.004694706
73.748219553 0.999836900 -0.016872620 0.004394197 0.004709551
73.768452534 0.999837248 -0.016850351 0.004392925 0.004716494
73.788628681 0.999837388 -0.016856243 0.004388121 0.004669963
73.808780297 0.999837649 -0.016843110 0.004379686 0.004669492
73.828942647 0.999837624 -0.016844028 0.004384934 0.004666520
73.849649622 0.999837065 -0.016872471 0.004379753 0.004688337
73.869359723 0.999836706 -0.016891025 0.004390747 0.004687789
73.889495849 0.999836865 -0.016887052 0.004390270 0.004668639
73.909673092 0.999836811 -0.016888843 0.004397165 0.004667185
73.929968805 0.999836703 -0.016884944 0.004405155 0.004696844
73.949959764 0.999836730 -0.016886728 0.004411744 0.004678506
73.970279810 0.999836768 -0.016888320 0.004410307 0.004665855
73.990516534 0.999836349 -0.016908481 0.004418790 0.004674598
74.010810771 0.999836581 -0.016902281 0.004436265 0.004630740
74.031002185 0.999836763 -0.016888542 0.004432522 0.004645228
74.050842917 0.999836691 -0.016889145 0.004446435 0.004645078
74.071094647 0.999836726 -0.016889246 0.004441408 0.004642092
74.091248160 0.999836715 -0.016886154 0.004437136 0.004659625
74.111563976 0.999836489 -0.016898781 0.004441462 0.004658247
74.131613982 0.999836707 -0.016895068 0.004433055 0.004632936
74.151808117 0.999836382 -0.016901011 0.004442589 0.004672010
74.172146529 0.999836536 -0.016896417 0.004442814 0.004655527
74.192396080 0.999836415 -0.016910530 0.004442737 0.004630363
74.212344649 0.999836635 -0.016898139 0.004446083 0.004624690
74.232640627 0.999836714 -0.016884671 0.004449509 0.004653416
74.252712369 0.999837017 -0.016872413 0.004439950 0.004642079
74.272801653 0.999837152 -0.016866965 0.004428427 0.004643605
74.293107476 0.999837446 -0.016851998 0.004422238 0.004640630
74.313243929 0.999837845 -0.016833098 0.004422606 0.004622862
74.333426166 0.999838578 -0.016795486 0.004412482 0.004610920
74.353584713 0.999838715 -0.016788411 0.004412091 0.004607166
74.373751403 0.999838518 -0.016793553 0.004428494 0.004615514
74.393929293 0.999838360 -0.016802289 0.004435500 0.004611200
74.414412134 0.999838400 -0.016802283 0.004433551 0.004604334
74.434311565 0.999838495 -0.016799122 0.004418214 0.004610026
74.454473865 0.999838667 -0.016793573 0.004421484 0.004589842
74.474832936 0.999838650 -0.016797213 0.004411607 0.004589590
74.494958879 0.999838535 -0.016805809 0.004410537 0.004584277
74.515067157 0.999838209 -0.016824861 0.004414283 0.004581903
74.535138169 0.999838021 -0.016830670 0.004425192 0.004591169
74.555423893 0.999838261 -0.016817572 0.004421389 0.004590383
74.575547393 0.999838256 -0.016824865 0.004411137 0.004574737
74.595691586 0.999838006 -0.016845432 0.004413935 0.004550892
74.616089628 0.999838056 -0.016846049 0.004407545 0.004543830
74.636158218 0.999838038 -0.016843114 0.004410402 0.004555767
74.656273628 0.999838022 -0.016844309 0.004415011 0.004550506
74.676498795 0.999838127 -0.016837169 0.004424651 0.004544509
74.696572947 0.999837958 -0.016846827 0.004432557 0.004538182
74.716936032 0.999837945 -0.016842751 0.004432624 0.004555920
74.736891985 0.999838079 -0.016839918 0.004418268 0.004551073
74.757083159 0.999837832 -0.016854637 0.004434288 0.004535274
74.777254597 0.999837851 -0.016857928 0.004432072 0.004521002
74.797733883 0.999838012 -0.016846633 0.004441033 0.004518589
74.817892365 0.999838027 -0.016846761 0.004448159 0.004507892
74.837885399 0.999838300 -0.016829221 0.004451300 0.004509644
74.858204132 0.999838352 -0.016822056 0.004456938 0.004519365
74.878164499 0.999838278 -0.016827762 0.004459541 0.004511852
74.898382678 0.999837836 -0.016849747 0.004476746 0.004510783
74.918508087 0.999838098 -0.016828505 0.004482407 0.004526278
74.938719066 0.999837718 -0.016847156 0.004496783 0.004526606
74.958859612 0.999837664 -0.016860476 0.004497058 0.004488412
74.979075400 0.999837570 -0.016859395 0.004499594 0.004510824
74.999202315 0.999837549 -0.016859868 0.004496406 0.004516924
75.019647910 0.999837942 -0.016844060 0.004479058 0.004506260
75.039695293 0.999838248 -0.016822562 0.004478409 0.004519164
75.059860981 0.999838034 -0.016829382 0.004491060 0.004528511
75.080292061 0.999838259 -0.016823979 0.004480128 0.004509790
75.100231235 0.999838382 -0.016808233 0.004475633 0.004545609
75.120394650 0.999838292 -0.016812959 0.004475868 0.004547690
75.140595957 0.999838140 -0.016826214 0.004478357 0.004529488
75.160630956 0.999837979 -0.016834889 0.004466588 0.004544481
75.180799741 0.999837803 -0.016842449 0.004472893 0.004548878
75.201003963 0.999837873 -0.016839904 0.004477651 0.004538216
75.221257964 0.999837677 -0.016845695 0.004485052 0.004552591
75.241354835 0.999837838 -0.016842266 0.004492565 0.004522411
75.261669355 0.999837549 -0.016863851 0.004486929 0.004511391
75.281749722 0.999837605 -0.016862706 0.004483392 0.004506975
75.301858841 0.999837456 -0.016864028 0.004484797 0.004533568
75.322019252 0.999837305 -0.016872207 0.004482668 0.004538420
75.342232492 0.999837176 -0.016874339 0.004495579 0.004546185
75.362413535 0.999837128 -0.016883323 0.004478126 0.004540675
75.382613255 0.999837128 -0.016878900 0.004477757 0.004557494
75.403181726 0.999837285 -0.016872398 0.004479094 0.004545694
75.423014839 0.999837307 -0.016872453 0.004477943 0.004541699
75.443099154 0.999837521 -0.016854454 0.004470655 0.004568647
75.463315170 0.999837838 -0.016833544 0.004481073 0.004566108
75.483483359 0.999837685 -0.016835920 0.004484521 0.004587337
75.503655030 0.999837927 -0.016823135 0.004496720 0.004569526
75.523837027 0.999837991 -0.016823008 0.004494765 0.004557964
75.543984055 0.999837742 -0.016839060 0.004491714 0.004556365
75.564205760 0.999837539 -0.016848621 0.004500215 0.004557171
75.584424129 0.999837626 -0.016849430 0.004502284 0.004532862
75.604569937 0.999837547 -0.016859116 0.004497358 0.004519272
75.624777816 0.999837769 -0.016847553 0.004492874 0.004517778
75.645016965 0.999837952 -0.016843999 0.004485482 0.004497788
75.665097102 0.999838024 -0.016840138 0.004487714 0.004493966
75.685273351 0.999838242 -0.016829290 0.004475435 0.004498255
75.705465011 0.999838022 -0.016846914 0.004475350 0.004481328
75.725627278 0.999838340 -0.016833016 0.004462392 0.004475515
75.745824054 0.999838249 -0.016836159 0.004464882 0.004481540
75.765952422 0.999838132 -0.016852107 0.004463989 0.004448587
75.786291688 0.999838377 -0.016839653 0.004450535 0.004454179
75.806572706 0.999838389 -0.016837767 0.004449299 0.004459701
75.826601089 0.999838092 -0.016852517 0.004451009 0.004468883
75.847129165 0.999838335 -0.016841402 0.004433775 0.004473475
75.866822272 0.999838304 -0.016843738 0.004437515 0.004467957
75.887003885 0.999838394 -0.016841684 0.004449595 0.004443522
75.907166820 0.999838421 -0.016838016 0.004448194 0.004452778
75.927438395 0.999838483 -0.016841457 0.004439774 0.004434186
75.947562723 0.999838677 -0.016828979 0.004433362 0.004444256
75.967799097 0.999838507 -0.016846304 0.004412739 0.004437322
75.988020508 0.999838593 -0.016836460 0.004409965 0.004458087
76.008283649 0.999838431 -0.016850203 0.004415017 0.004437281
76.028499468 0.999838365 -0.016858576 0.004416535 0.004418833
76.048456949 0.999838376 -0.016856475 0.004409263 0.004431594
76.068685635 0.999838735 -0.016840555 0.004416793 0.004403550
76.088783012 0.999838801 -0.016821479 0.004437419 0.004440600
76.108955907 0.999838626 -0.016837997 0.004437046 0.004417729
76.129361842 0.999838307 -0.016851363 0.004434886 0.004441040
76.149338188 0.999838429 -0.016840290 0.004448534 0.004442039
76.169833676 0.999838464 -0.016841848 0.004441539 0.004435236
76.189773165 0.999838592 -0.016829080 0.004438888 0.004457392
76.210059276 0.999838801 -0.016813570 0.004450002 0.004458044
76.230375090 0.999839024 -0.016803943 0.004436709 0.004457428
76.250223253 0.999839195 -0.016793422 0.004446970 0.004448453
76.270382226 0.999839015 -0.016800381 0.004438590 0.004471133
76.290609743 0.999839463 -0.016776767 0.004437704 0.004460446
76.310924333 0.999839726 -0.016759429 0.004433642 0.004470711
76.330879212 0.999840208 -0.016730696 0.004422095 0.004481961
76.351135951 0.999839739 -0.016750921 0.004423863 0.004509083
76.371267592 0.999839667 -0.016755586 0.004413696 0.004517811
76.391562621 0.999839848 -0.016742782 0.004403528 0.004535063
76.411671301 0.999839890 -0.016745060 0.004398766 0.004521975
76.431955682 0.999839945 -0.016743724 0.004388199 0.004525056
76.452016043 0.999839909 -0.016747377 0.004384303 0.004523318
76.472192652 0.999839977 -0.016741972 0.004386040 0.004526620
76.492316760 0.999839777 -0.016751793 0.004393866 0.004526866
76.512669221 0.999839886 -0.016744507 0.004404803 0.004519061
76.532707935 0.999839987 -0.016745733 0.004415072 0.004481948
76.552884176 0.999839970 -0.016741921 0.004428371 0.004486896
76.573203415 0.999840343 -0.016716972 0.004422977 0.004502109
76.593384001 0.999840338 -0.016714260 0.004431200 0.004505072
76.613403328 0.999840255 -0.016714258 0.004418815 0.004535700
76.633632955 0.999840114 -0.016729752 0.004423018 0.004505370
76.653820139 0.999840015 -0.016733004 0.004421521 0.004516844
76.673952440 0.999839600 -0.016755776 0.004409815 0.004535638
76.694161138 0.999839825 -0.016734664 0.004414283 0.004559543
76.714360215 0.999840041 -0.016723422 0.004404147 0.004563305
76.734496159 0.999839749 -0.016731376 0.004403987 0.004598069
76.754686940 0.999839503 -0.016750934 0.004402534 0.004581628
76.774808035 0.999839433 -0.016756544 0.004400268 0.004578579
76.795204170 0.999839491 -0.016753100 0.004380130 0.004597771
76.815314613 0.999839587 -0.016750615 0.004377774 0.004588363
76.835480474 0.999839549 -0.016748337 0.004383404 0.004599482
76.855511140 0.999839683 -0.016741303 0.004377919 0.004601224
76.875857065 0.999840007 -0.016716529 0.004390637 0.004608630
76.895988167 0.999840303 -0.016704106 0.004388287 0.004591679
76.916056271 0.999840409 -0.016704164 0.004382508 0.004573928
76.936276019 0.999840355 -0.016708707 0.004370591 0.004580660
76.956484783 0.999840468 -0.016706471 0.004379394 0.004555629
76.976759102 0.999840394 -0.016708612 0.004376141 0.004566969
76.996904543 0.999840412 -0.016716690 0.004379824 0.004529810
77.016976158 0.999840571 -0.016716119 0.004384555 0.004492105
77.037229913 0.999840673 -0.016707953 0.004386274 0.004498226
77.057443807 0.999841017 -0.016684683 0.004385038 0.004509362
77.077586820 0.999840974 -0.016683736 0.004380222 0.004526967
77.097734879 0.999840831 -0.016692725 0.004385381 0.004520482
77.117910786 0.999840891 -0.016695662 0.004393334 0.004488512
77.138011277 0.999840802 -0.016697726 0.004403660 0.004490531
77.158212745 0.999840674 -0.016698358 0.004413055 0.004507446
77.178538992 0.999840762 -0.016689826 0.004431076 0.004501743
77.198563601 0.999840786 -0.016688004 0.004433826 0.004500524
77.218911643 0.999840819 -0.016687294 0.004429486 0.004499977
77.238914826 0.999841336 -0.016646744 0.004443696 0.004521376
77.259090557 0.999841159 -0.016662349 0.004439372 0.004507148
77.279308864 0.999840734 -0.016677858 0.004458502 0.004525129
77.299539029 0.999840505 -0.016684389 0.004454256 0.004555829
77.319940400 0.999840549 -0.016680336 0.004451563 0.004563668
77.339816011 0.999840504 -0.016685720 0.004453084 0.004552376
77.359943387 0.999839991 -0.016717146 0.004456917 0.004545944
77.380264922 0.999839398 -0.016743715 0.004456461 0.004578895
77.400514001 0.999839291 -0.016750319 0.004446337 0.004587957
77.420560376 0.999839454 -0.016739813 0.004453248 0.004583961
77.440724913 0.999839365 -0.016743351 0.004438001 0.004605166
77.460865353 0.999839375 -0.016746944 0.004430839 0.004596860
77.481008174 0.999839336 -0.016753862 0.004426089 0.004584798
77.501340593 0.999839252 -0.016756903 0.004411370 0.004606108
77.521484055 0.999839176 -0.016755010 0.004410338 0.004630366
77.541631904 0.999839252 -0.016750663 0.004403582 0.004636245
77.562115164 0.999839218 -0.016747029 0.004403238 0.004656804
77.582349224 0.999839094 -0.016759877 0.004403054 0.004637494
77.602183078 0.999838920 -0.016775900 0.004393970 0.004625531
77.622377545 0.999838647 -0.016793333 0.004390772 0.004624401
77.642469421 0.999838456 -0.016804072 0.004386772 0.004630415
77.662974442 0.999838729 -0.016793252 0.004389523 0.004608120
77.682805370 0.999838372 -0.016816033 0.004400111 0.004592291
77.702998674 0.999838412 -0.016810071 0.004398195 0.004607258
77.723377399 0.999838157 -0.016816903 0.004408753 0.004627532
77.743413520 0.999838239 -0.016813554 0.004414358 0.004616755
77.763587406 0.999838601 -0.016789558 0.004418368 0.004621731
77.783963543 0.999838919 -0.016775081 0.004423473 0.004600605
77.804347449 0.999838924 -0.016778723 0.004419654 0.004589936
77.824056975 0.999838932 -0.016777980 0.004422622 0.004587912
77.844275673 0.999839120 -0.016759574 0.004431487 0.004605721
77.864455738 0.999839149 -0.016763503 0.004431602 0.004584971
77.884618826 0.999839368 -0.016751037 0.004424811 0.004589369
77.904778500 0.999839407 -0.016747763 0.004424311 0.004593332
77.925004035 0.999839428 -0.016742057 0.004431095 0.004602952
77.945150409 0.999839304 -0.016756283 0.004414062 0.004594559
77.965484086 0.999839393 -0.016752523 0.004411458 0.004591396
77.985570508 0.999839843 -0.016733895 0.004407838 0.004564743
78.005660753 0.999839738 -0.016739540 0.004414039 0.004560976
78.025930774 0.999839542 -0.016748952 0.004404138 0.004578896
78.046155814 0.999839663 -0.016749699 0.004396163 0.004557478
78.066213055 0.999839922 -0.016739333 0.004387873 0.004546503
78.086393962 0.999840101 -0.016729343 0.004386639 0.004545293
78.106516116 0.999839820 -0.016747784 0.004382147 0.004543468
78.126868643 0.999840068 -0.016740904 0.004370978 0.004524923
78.146928938 0.999840165 -0.016742500 0.004372648 0.004495880
78.167135192 0.999840308 -0.016725872 0.004380614 0.004518096
78.187210425 0.999840190 -0.016738762 0.004380907 0.004496260
78.207439628 0.999840109 -0.016745886 0.004377560 0.004490939
78.227589138 0.999840413 -0.016724567 0.004372675 0.004507442
78.247860456 0.999840614 -0.016709778 0.004386182 0.004504698
78.267920535 0.999840315 -0.016730894 0.004386144 0.004492674
78.288143006 0.999839947 -0.016757318 0.004375452 0.004486483
78.308370839 0.999839903 -0.016761175 0.004371346 0.004485939
78.328638759 0.999839837 -0.016764855 0.004376862 0.004481385
78.348917713 0.999839927 -0.016763211 0.004361284 0.004482715
78.368879321 0.999839896 -0.016762045 0.004375387 0.004480245
78.389035377 0.999839909 -0.016762992 0.004375080 0.004474075
78.409168848 0.999840068 -0.016747012 0.004369307 0.004503957
78.429522414 0.999840305 -0.016737490 0.004381893 0.004474340
78.449613012 0.999840004 -0.016751677 0.004384158 0.004486318
78.469751475 0.999840321 -0.016736899 0.004388298 0.004466796
78.489927168 0.999840278 -0.016739910 0.004385071 0.004468187
78.510360937 0.999840222 -0.016732762 0.004382129 0.004510176
78.530583842 0.999840200 -0.016734961 0.004387026 0.004502228
78.550582944 0.999840226 -0.016739641 0.004368905 0.004496722
78.570742665 0.999840403 -0.016727274 0.004381467 0.004490996
78.590812848 0.999840303 -0.016734095 0.004384164 0.004485262
78.610937576 0.999840370 -0.016731583 0.004366642 0.004496882
78.631483572 0.999840675 -0.016706534 0.004359322 0.004529090
78.651360524 0.999840446 -0.016719100 0.004372181 0.004520900
78.671518699 0.999840788 -0.016703926 0.004370197 0.004503142
78.691711091 0.999840314 -0.016729971 0.004384820 0.004497465
78.712038106 0.999840063 -0.016749413 0.004395541 0.004470455
78.732361040 0.999840579 -0.016718177 0.004386594 0.004480834
78.752613401 0.999840550 -0.016720936 0.004390525 0.004473005
78.772573266 0.999840535 -0.016728723 0.004381257 0.004456349
78.792687541 0.999840683 -0.016721958 0.004375008 0.004454763
78.812759205 0.999840506 -0.016732794 0.004380923 0.004447806
78.832937960 0.999840778 -0.016711566 0.004394590 0.004453001
78.853144317 0.999840837 -0.016712994 0.004389392 0.004439508
78.873286493 0.999840886 -0.016701571 0.004393482 0.004467460
78.893532364 0.999840842 -0.016712399 0.004392422 0.004437631
78.913770453 0.999840316 -0.016743206 0.004388666 0.004443679
78.933924049 0.999840116 -0.016747189 0.004387169 0.004475052
78.954119065 0.999839967 -0.016758047 0.004394585 0.004460448
78.974167086 0.999840073 -0.016747774 0.004395496 0.004474425
78.994333966 0.999840080 -0.016750813 0.004388852 0.004468058
79.014724437 0.999840001 -0.016758116 0.004384350 0.004462563
79.034770532 0.999839919 -0.016759573 0.004376780 0.004482983
79.054850449 0.999839740 -0.016771312 0.004370138 0.004485406
79.075033853 0.999839861 -0.016766087 0.004389008 0.004459532
79.095281390 0.999839780 -0.016767435 0.004389452 0.004472126
79.115870918 0.999839749 -0.016773267 0.004392801 0.004453912
79.135612251 0.999839719 -0.016772532 0.004382496 0.004473586
79.155897462 0.999839857 -0.016765421 0.004380469 0.004471220
79.176203210 0.999839829 -0.016767368 0.004395896 0.004455080
79.196231984 0.999839769 -0.016771517 0.004390896 0.004457902
79.216489892 0.999839408 -0.016785400 0.004390724 0.004486689
79.236547708 0.999839702 -0.016778907 0.004380163 0.004455690
79.256653654 0.999840011 -0.016767560 0.004369536 0.004439345
79.276813445 0.999839629 -0.016784901 0.004370120 0.004459300
79.297105310 0.999839402 -0.016800714 0.004359853 0.004460641
79.317407398 0.999839538 -0.016789801 0.004349599 0.004481302
79.337376265 0.999839516 -0.016790835 0.004340638 0.004490925
79.357540503 0.999839657 -0.016786226 0.004337820 0.004479569
79.377736067 0.999839608 -0.016785451 0.004351765 0.004479784
79.397837449 0.999839659 -0.016779717 0.004354022 0.004487818
79.418121388 0.999839707 -0.016781843 0.004347743 0.004475177
79.438260677 0.999840080 -0.016770721 0.004343759 0.004437344
79.458461121 0.999840024 -0.016768674 0.004332910 0.004468083
79.478637860 0.999839988 -0.016774524 0.004329452 0.004457439
79.498823814 0.999839865 -0.016786606 0.004337539 0.004431738
79.519211120 0.999839633 -0.016794370 0.004335032 0.004457086
79.539259776 0.999839977 -0.016784998 0.004333840 0.004416162
79.559341580 0.999839895 -0.016791564 0.004329706 0.004413854
79.579675620 0.999839849 -0.016792041 0.004331199 0.004420903
79.599692496 0.999839718 -0.016794232 0.004331061 0.004442339
79.619854614 0.999839832 -0.016792752 0.004310809 0.004441895
79.640099805 0.999839609 -0.016798057 0.004311087 0.004471779
79.660165970 0.999839801 -0.016794296 0.004300830 0.004452754
79.680555912 0.999840045 -0.016790382 0.004280143 0.004432577
79.700567167 0.999839867 -0.016796723 0.004282185 0.004446697
79.720832075 0.999839840 -0.016801214 0.004279642 0.004438334
79.740918451 0.999840150 -0.016782955 0.004276984 0.004439963
79.761121123 0.999840094 -0.016783966 0.004269166 0.004456324
79.781310672 0.999840229 -0.016778681 0.004265636 0.004449248
79.801421237 0.999840418 -0.016769511 0.004265031 0.004441997
79.821755352 0.999840309 -0.016771620 0.004271153 0.004452649
79.841804855 0.999840236 -0.016777257 0.004277781 0.004441383
79.861997822 0.999840262 -0.016775848 0.004271496 0.004447019
79.882204376 0.999840284 -0.016777163 0.004273136 0.004435475
79.902678517 0.999840406 -0.016776181 0.004271403 0.004413290
79.922601636 0.999840349 -0.016768183 0.004273963 0.004454011
79.942822020 0.999840689 -0.016756875 0.004264664 0.004428947
79.962839745 0.999840645 -0.016760552 0.004269498 0.004420480
79.983121125 0.999840709 -0.016760726 0.004268031 0.004406763
80.003251157 0.999841042 -0.016741569 0.004254725 0.004416846
80.023494891 0.999841140 -0.016738581 0.004250552 0.004409871
80.043596039 0.999841169 -0.016735505 0.004236263 0.004428783
80.063820662 0.999841185 -0.016733138 0.004225452 0.004444394
80.084009944 0.999841341 -0.016732700 0.004215936 0.004419850
80.104229933 0.999841454 -0.016724535 0.004206342 0.004434414
80.124389443 0.999841483 -0.016730742 0.004192239 0.004417722
80.144483938 0.999841442 -0.016739800 0.004193442 0.004391401
80.164666170 0.999841404 -0.016740777 0.004200348 0.004389842
80.184819378 0.999841551 -0.016724518 0.004207810 0.004411168
80.205031525 0.999841169 -0.016747889 0.004211514 0.004405492
80.225182400 0.999841480 -0.016724952 0.004206026 0.004427319
80.245384814 0.999841865 -0.016695468 0.004211224 0.004446561
80.265533143 0.999841976 -0.016690537 0.004204310 0.004446572
80.285887913 0.999842012 -0.016684854 0.004207481 0.004456974
80.306005464 0.999841953 -0.016690685 0.004193256 0.004461702
80.326272924 0.999841762 -0.016702131 0.004194731 0.004460329
80.346781007 0.999841376 -0.016716263 0.004203729 0.004485207
